Workbook
Name Statuses: List_Values!$A$2:$A$13

Sheet Priorities table
A1: Priority order | B1: Pack | C1: Pack name | D1: L3 Due date | E1: Hub | F1: Expected File count* | G1: JSON Requested File Count | H1: Completed file count | I1: Status | J1: Remaining works | K1: Commentary | L1: Delivery Manager | M1: L3 Date - 1 week (7 days) | P1: * This data is taken from MPDT Detailed Design tracker PowerBi. This may not be relevent as this would contain the list of all files ever assinged to the IDR, some of which may have been completed pre 2024?
A2: 1 | B2: 238.02 | C2: Ladbroke Cutting Phase 3 - Remainder​ | D2: 45623 | E2: G2S | F2: =COUNTIF(Table58[Package],IF(LEFT(Table3[[#This Row],[Pack]],1)="U",Table3[[#This Row],[Pack]],"IDR "&TRIM(Table3[[#This Row],[Pack]]))) -> 13 | G2: 13 | H2: =COUNTIFS(Table58[Package],IF(LEFT(Table3[[#This Row],[Pack]],1)="U",Table3[[#This Row],[Pack]],"IDR "&TRIM(Table3[[#This Row],[Pack]])),Table58[Status],"10 - Complete") -> 13 | I2: Complete | J2: =SUM(Table3[[#This Row],[JSON Requested File Count]]-Table3[[#This Row],[Completed file count]]) -> 0 | M2: =Table3[[#This Row],[L3 Due date]]-7 -> 45616
A3: 2 | B3: UFDR 229.D | C3: Banbury Road Main Works | D3: 45630 | E3: G2S | F3: =COUNTIF(Table58[Package],IF(LEFT(Table3[[#This Row],[Pack]],1)="U",Table3[[#This Row],[Pack]],"IDR "&TRIM(Table3[[#This Row],[Pack]]))) -> 7 | G3: 7 | H3: =COUNTIFS(Table58[Package],IF(LEFT(Table3[[#This Row],[Pack]],1)="U",Table3[[#This Row],[Pack]],"IDR "&TRIM(Table3[[#This Row],[Pack]])),Table58[Status],"10 - Complete") -> 7 | I3: Complete | J3: =SUM(Table3[[#This Row],[JSON Requested File Count]]-Table3[[#This Row],[Completed file count]]) -> 0 | M3: =Table3[[#This Row],[L3 Due date]]-7 -> 45623
A4: 3 | B4: 212.5 | C4: Fencing, Landscaping and MAS (Southern L1 Packages) | D4: 45635 | E4: NC2A | F4: =COUNTIF(Table58[Package],IF(LEFT(Table3[[#This Row],[Pack]],1)="U",Table3[[#This Row],[Pack]],"IDR "&TRIM(Table3[[#This Row],[Pack]]))) -> 85 | G4: 85 | H4: =COUNTIFS(Table58[Package],IF(LEFT(Table3[[#This Row],[Pack]],1)="U",Table3[[#This Row],[Pack]],"IDR "&TRIM(Table3[[#This Row],[Pack]])),Table58[Status],"10 - Complete") -> 85 | I4: Complete | J4: =SUM(Table3[[#This Row],[JSON Requested File Count]]-Table3[[#This Row],[Completed file count]]) -> 0 | M4: =Table3[[#This Row],[L3 Due date]]-7 -> 45628
A5: 4 | B5: 202.1-3 | C5: Small Dean Viaduct Network Rail Cutting Reinstatement | D5: 45665 | E5: NC2A | F5: =COUNTIF(Table58[Package],IF(LEFT(Table3[[#This Row],[Pack]],1)="U",Table3[[#This Row],[Pack]],"IDR "&TRIM(Table3[[#This Row],[Pack]]))) -> 4 | G5: 4 | H5: =COUNTIFS(Table58[Package],IF(LEFT(Table3[[#This Row],[Pack]],1)="U",Table3[[#This Row],[Pack]],"IDR "&TRIM(Table3[[#This Row],[Pack]])),Table58[Status],"10 - Complete") -> 4 | I5: Complete | J5: =SUM(Table3[[#This Row],[JSON Requested File Count]]-Table3[[#This Row],[Completed file count]]) -> 0 | M5: 45658
A6: 5 | B6: 201.0-1 | C6: South Heath Cutting and C2.T.3 | D6: 45637 | E6: NC2A | F6: =COUNTIF(Table58[Package],IF(LEFT(Table3[[#This Row],[Pack]],1)="U",Table3[[#This Row],[Pack]],"IDR "&TRIM(Table3[[#This Row],[Pack]]))) -> 22 | G6: 22 | H6: =COUNTIFS(Table58[Package],IF(LEFT(Table3[[#This Row],[Pack]],1)="U",Table3[[#This Row],[Pack]],"IDR "&TRIM(Table3[[#This Row],[Pack]])),Table58[Status],"10 - Complete") -> 22 | I6: Complete | J6: =SUM(Table3[[#This Row],[JSON Requested File Count]]-Table3[[#This Row],[Completed file count]]) -> 0 | M6: =Table3[[#This Row],[L3 Due date]]-7 -> 45630
A7: 6 | B7: UFDR 209.A | C7: Thame Valley Oxford Road (Thames Water Main 6209/6210) | D7: 45637 | E7: NC2A | F7: =COUNTIF(Table58[Package],IF(LEFT(Table3[[#This Row],[Pack]],1)="U",Table3[[#This Row],[Pack]],"IDR "&TRIM(Table3[[#This Row],[Pack]]))) -> 3 | G7: 3 | H7: =COUNTIFS(Table58[Package],IF(LEFT(Table3[[#This Row],[Pack]],1)="U",Table3[[#This Row],[Pack]],"IDR "&TRIM(Table3[[#This Row],[Pack]])),Table58[Status],"10 - Complete") -> 3 | I7: Complete | J7: =SUM(Table3[[#This Row],[JSON Requested File Count]]-Table3[[#This Row],[Completed file count]]) -> 0 | M7: =Table3[[#This Row],[L3 Due date]]-7 -> 45630
A8: 7 | B8: 215.03 | C8: Calvert Cutting Noise Barrier + Planting, Fencing and Ancillary Civils | D8: 45637 | E8: CA | F8: =COUNTIF(Table58[Package],IF(LEFT(Table3[[#This Row],[Pack]],1)="U",Table3[[#This Row],[Pack]],"IDR "&TRIM(Table3[[#This Row],[Pack]]))) -> 44 | G8: 44 | H8: =COUNTIFS(Table58[Package],IF(LEFT(Table3[[#This Row],[Pack]],1)="U",Table3[[#This Row],[Pack]],"IDR "&TRIM(Table3[[#This Row],[Pack]])),Table58[Status],"10 - Complete") -> 44 | I8: Complete | J8: =SUM(Table3[[#This Row],[JSON Requested File Count]]-Table3[[#This Row],[Completed file count]]) -> 0 | M8: =Table3[[#This Row],[L3 Due date]]-7 -> 45630
A9: 8 | B9: 224.7 | C9: Turweston Cutting Additional Landscape and Earthworks (New bunds) | D9: 45637 | E9: T2G | F9: =COUNTIF(Table58[Package],IF(LEFT(Table3[[#This Row],[Pack]],1)="U",Table3[[#This Row],[Pack]],"IDR "&TRIM(Table3[[#This Row],[Pack]]))) -> 10 | G9: 9 | H9: =COUNTIFS(Table58[Package],IF(LEFT(Table3[[#This Row],[Pack]],1)="U",Table3[[#This Row],[Pack]],"IDR "&TRIM(Table3[[#This Row],[Pack]])),Table58[Status],"10 - Complete") -> 9 | I9: Incomplete | J9: =SUM(Table3[[#This Row],[JSON Requested File Count]]-Table3[[#This Row],[Completed file count]]) -> 0 | K9: Possible file missing? Expecting JSON request | M9: =Table3[[#This Row],[L3 Due date]]-7 -> 45630
A10: 9 | B10: UFDR 223.A | C10: Featherbed Lane - Permanent Diversions | D10: 45637 | E10: T2G | F10: =COUNTIF(Table58[Package],IF(LEFT(Table3[[#This Row],[Pack]],1)="U",Table3[[#This Row],[Pack]],"IDR "&TRIM(Table3[[#This Row],[Pack]]))) -> 1 | G10: 1 | H10: =COUNTIFS(Table58[Package],IF(LEFT(Table3[[#This Row],[Pack]],1)="U",Table3[[#This Row],[Pack]],"IDR "&TRIM(Table3[[#This Row],[Pack]])),Table58[Status],"10 - Complete") -> 1 | I10: Complete | J10: =SUM(Table3[[#This Row],[JSON Requested File Count]]-Table3[[#This Row],[Completed file count]]) -> 0 | M10: =Table3[[#This Row],[L3 Due date]]-7 -> 45630
A11: 10 | B11: 233.01-3 | C11: Chipping Warden Green Tunnel - Associated Assets South - Part 3 | D11: 45637 | E11: G2S | F11: =COUNTIF(Table58[Package],IF(LEFT(Table3[[#This Row],[Pack]],1)="U",Table3[[#This Row],[Pack]],"IDR "&TRIM(Table3[[#This Row],[Pack]]))) -> 32 | G11: 32 | H11: =COUNTIFS(Table58[Package],IF(LEFT(Table3[[#This Row],[Pack]],1)="U",Table3[[#This Row],[Pack]],"IDR "&TRIM(Table3[[#This Row],[Pack]])),Table58[Status],"10 - Complete") -> 32 | I11: Complete | J11: =SUM(Table3[[#This Row],[JSON Requested File Count]]-Table3[[#This Row],[Completed file count]]) -> 0 | M11: =Table3[[#This Row],[L3 Due date]]-7 -> 45630
A12: 11 | B12: 214.06 | C12: Sheephouse Wood Bat Mitigation Structure - Full - Mesh panels | D12: 45638 | E12: CA | F12: =COUNTIF(Table58[Package],IF(LEFT(Table3[[#This Row],[Pack]],1)="U",Table3[[#This Row],[Pack]],"IDR "&TRIM(Table3[[#This Row],[Pack]]))) -> 7 | G12: 2 | H12: =COUNTIFS(Table58[Package],IF(LEFT(Table3[[#This Row],[Pack]],1)="U",Table3[[#This Row],[Pack]],"IDR "&TRIM(Table3[[#This Row],[Pack]])),Table58[Status],"10 - Complete") -> 2 | I12: Incomplete | J12: =SUM(Table3[[#This Row],[JSON Requested File Count]]-Table3[[#This Row],[Completed file count]]) -> 0 | K12: MPDT suggests that we are expecting 5 further JSON requests? 02-Jan-2025 - Is this correct? Have these been withdrawn? Expecting JSON request | M12: =Table3[[#This Row],[L3 Due date]]-7 -> 45631
A13: 12 | B13: UFDR 211.A | C13: Waddesdon (UKPN) | D13: 45642 | E13: NC2A | F13: =COUNTIF(Table58[Package],IF(LEFT(Table3[[#This Row],[Pack]],1)="U",Table3[[#This Row],[Pack]],"IDR "&TRIM(Table3[[#This Row],[Pack]]))) -> 6 | G13: 6 | H13: =COUNTIFS(Table58[Package],IF(LEFT(Table3[[#This Row],[Pack]],1)="U",Table3[[#This Row],[Pack]],"IDR "&TRIM(Table3[[#This Row],[Pack]])),Table58[Status],"10 - Complete") -> 6 | I13: Complete | J13: =SUM(Table3[[#This Row],[JSON Requested File Count]]-Table3[[#This Row],[Completed file count]]) -> 0 | M13: =Table3[[#This Row],[L3 Due date]]-7 -> 45635
A14: 13 | B14: 213.07-1 | C14: Quainton Cutting Ancillary Civils Fencing and Planting | D14: 45644 | E14: CA | F14: =COUNTIF(Table58[Package],IF(LEFT(Table3[[#This Row],[Pack]],1)="U",Table3[[#This Row],[Pack]],"IDR "&TRIM(Table3[[#This Row],[Pack]]))) -> 34 | G14: 33 | H14: =COUNTIFS(Table58[Package],IF(LEFT(Table3[[#This Row],[Pack]],1)="U",Table3[[#This Row],[Pack]],"IDR "&TRIM(Table3[[#This Row],[Pack]])),Table58[Status],"10 - Complete") -> 33 | I14: Complete | J14: =SUM(Table3[[#This Row],[JSON Requested File Count]]-Table3[[#This Row],[Completed file count]]) -> 0 | K14: Possible file missing? Expecting JSON request | M14: =Table3[[#This Row],[L3 Due date]]-7 -> 45637
A15: 14 | B15: UFDR 214.A | C15: FCC Sidings | D15: 45644 | E15: CA | F15: =COUNTIF(Table58[Package],IF(LEFT(Table3[[#This Row],[Pack]],1)="U",Table3[[#This Row],[Pack]],"IDR "&TRIM(Table3[[#This Row],[Pack]]))) -> 7 | G15: 7 | H15: =COUNTIFS(Table58[Package],IF(LEFT(Table3[[#This Row],[Pack]],1)="U",Table3[[#This Row],[Pack]],"IDR "&TRIM(Table3[[#This Row],[Pack]])),Table58[Status],"10 - Complete") -> 7 | I15: Complete | J15: =SUM(Table3[[#This Row],[JSON Requested File Count]]-Table3[[#This Row],[Completed file count]]) -> 0 | M15: =Table3[[#This Row],[L3 Due date]]-7 -> 45637
A16: 15 | B16: UFDR 216.I | C16: West St IP Gas Permanent diversion | D16: 45644 | E16: CA | F16: =COUNTIF(Table58[Package],IF(LEFT(Table3[[#This Row],[Pack]],1)="U",Table3[[#This Row],[Pack]],"IDR "&TRIM(Table3[[#This Row],[Pack]]))) -> 2 | G16: 2 | H16: =COUNTIFS(Table58[Package],IF(LEFT(Table3[[#This Row],[Pack]],1)="U",Table3[[#This Row],[Pack]],"IDR "&TRIM(Table3[[#This Row],[Pack]])),Table58[Status],"10 - Complete") -> 2 | I16: Complete | J16: =SUM(Table3[[#This Row],[JSON Requested File Count]]-Table3[[#This Row],[Completed file count]]) -> 0 | M16: =Table3[[#This Row],[L3 Due date]]-7 -> 45637
A17: 16 | B17: 202.5-2 | C17: Small Dean North Embankment ( Remainder) | D17: 45665 | E17: NC2A | F17: =COUNTIF(Table58[Package],IF(LEFT(Table3[[#This Row],[Pack]],1)="U",Table3[[#This Row],[Pack]],"IDR "&TRIM(Table3[[#This Row],[Pack]]))) -> 1 | G17: 1 | H17: =COUNTIFS(Table58[Package],IF(LEFT(Table3[[#This Row],[Pack]],1)="U",Table3[[#This Row],[Pack]],"IDR "&TRIM(Table3[[#This Row],[Pack]])),Table58[Status],"10 - Complete") -> 1 | I17: Complete | J17: =SUM(Table3[[#This Row],[JSON Requested File Count]]-Table3[[#This Row],[Completed file count]]) -> 0 | M17: =Table3[[#This Row],[L3 Due date]]-7 -> 45658
A18: 17 | B18: 229.01-2 | C18: Greatworth Green Tunnel Portal North | D18: 45679 | E18: G2S | F18: =COUNTIF(Table58[Package],IF(LEFT(Table3[[#This Row],[Pack]],1)="U",Table3[[#This Row],[Pack]],"IDR "&TRIM(Table3[[#This Row],[Pack]]))) -> 30 | G18: 28 | H18: =COUNTIFS(Table58[Package],IF(LEFT(Table3[[#This Row],[Pack]],1)="U",Table3[[#This Row],[Pack]],"IDR "&TRIM(Table3[[#This Row],[Pack]])),Table58[Status],"10 - Complete") -> 28 | I18: Incomplete | J18: =SUM(Table3[[#This Row],[JSON Requested File Count]]-Table3[[#This Row],[Completed file count]]) -> 0 | K18: Expecting JSON requests. | M18: =Table3[[#This Row],[L3 Due date]]-7 -> 45672
A19: 19 | B19: 202.5-2_2 | C19: Small Dean North Embankment - Grove Farm Accommodation Underbridge and track drainage | D19: Mar | E19: NC2A | F19: =COUNTIF(Table58[Package],IF(LEFT(Table3[[#This Row],[Pack]],1)="U",Table3[[#This Row],[Pack]],"IDR "&TRIM(Table3[[#This Row],[Pack]]))) -> 1 | G19: 1 | H19: =COUNTIFS(Table58[Package],IF(LEFT(Table3[[#This Row],[Pack]],1)="U",Table3[[#This Row],[Pack]],"IDR "&TRIM(Table3[[#This Row],[Pack]])),Table58[Status],"10 - Complete") -> 1 | I19: Complete | J19: =SUM(Table3[[#This Row],[JSON Requested File Count]]-Table3[[#This Row],[Completed file count]]) -> 0 | M19: 45658
A20: 20 | B20: 219.1 | C20: Noise Barriers | D20: Mar | E20: T2G | F20: =COUNTIF(Table58[Package],IF(LEFT(Table3[[#This Row],[Pack]],1)="U",Table3[[#This Row],[Pack]],"IDR "&TRIM(Table3[[#This Row],[Pack]]))) -> 10 | G20: 1 | H20: =COUNTIFS(Table58[Package],IF(LEFT(Table3[[#This Row],[Pack]],1)="U",Table3[[#This Row],[Pack]],"IDR "&TRIM(Table3[[#This Row],[Pack]])),Table58[Status],"10 - Complete") -> 1 | I20: Complete | J20: =SUM(Table3[[#This Row],[JSON Requested File Count]]-Table3[[#This Row],[Completed file count]]) -> 0 | K20: Expecting JSON requests. | M20: 45665
A21: 18 | B21: 222.9 | C21: Barton to Mixbury Cutting - Ancillary Civils Fencing and Landscape Planting | D21: 45679 | E21: T2G | F21: =COUNTIF(Table58[Package],IF(LEFT(Table3[[#This Row],[Pack]],1)="U",Table3[[#This Row],[Pack]],"IDR "&TRIM(Table3[[#This Row],[Pack]]))) -> 102 | G21: 74 | H21: =COUNTIFS(Table58[Package],IF(LEFT(Table3[[#This Row],[Pack]],1)="U",Table3[[#This Row],[Pack]],"IDR "&TRIM(Table3[[#This Row],[Pack]])),Table58[Status],"10 - Complete") -> 74 | I21: Incomplete | J21: =SUM(Table3[[#This Row],[JSON Requested File Count]]-Table3[[#This Row],[Completed file count]]) -> 0 | K21: Expecting JSON requests. | M21: 45672
A22: 21 | B22: 214.07 | C22: Grendon and Woodlands, Fencing, Ancillary Civils and Planting, Fencing package 4 | D22: Feb | F22: =COUNTIF(Table58[Package],IF(LEFT(Table3[[#This Row],[Pack]],1)="U",Table3[[#This Row],[Pack]],"IDR "&TRIM(Table3[[#This Row],[Pack]]))) -> 43 | G22: 21 | H22: =COUNTIFS(Table58[Package],IF(LEFT(Table3[[#This Row],[Pack]],1)="U",Table3[[#This Row],[Pack]],"IDR "&TRIM(Table3[[#This Row],[Pack]])),Table58[Status],"10 - Complete") -> 20 | I22: Incomplete | J22: =SUM(Table3[[#This Row],[JSON Requested File Count]]-Table3[[#This Row],[Completed file count]]) -> 1 | K22: Expecting JSON requests. | M22: Date not clear
A23: 22 | B23: UFDR 202.B | C23: ​Rocky Lane (UKPN 1203, Thames Water Main 6200, BT Openreach 3101)​ | D23: Feb | F23: =COUNTIF(Table58[Package],IF(LEFT(Table3[[#This Row],[Pack]],1)="U",Table3[[#This Row],[Pack]],"IDR "&TRIM(Table3[[#This Row],[Pack]]))) -> 5 | G23: 5 | H23: =COUNTIFS(Table58[Package],IF(LEFT(Table3[[#This Row],[Pack]],1)="U",Table3[[#This Row],[Pack]],"IDR "&TRIM(Table3[[#This Row],[Pack]])),Table58[Status],"10 - Complete") -> 5 | I23: Incomplete | J23: =SUM(Table3[[#This Row],[JSON Requested File Count]]-Table3[[#This Row],[Completed file count]]) -> 0 | K23: all at PCRA. | M23: Date not clear
A24: 23 | B24: 204.1-1 | C24: Wendover North Cutting re-submission (to include Wendover North Cutting Portal Access Road​ | D24: Mar | F24: =COUNTIF(Table58[Package],IF(LEFT(Table3[[#This Row],[Pack]],1)="U",Table3[[#This Row],[Pack]],"IDR "&TRIM(Table3[[#This Row],[Pack]]))) -> 9 | G24: 6 | H24: =COUNTIFS(Table58[Package],IF(LEFT(Table3[[#This Row],[Pack]],1)="U",Table3[[#This Row],[Pack]],"IDR "&TRIM(Table3[[#This Row],[Pack]])),Table58[Status],"10 - Complete") -> 6 | I24: Incomplete | J24: =SUM(Table3[[#This Row],[JSON Requested File Count]]-Table3[[#This Row],[Completed file count]]) -> 0 | K24: legacy files in tracker complete. Expecting JSON requests. | M24: Date not clear
A25: 24 | B25: 214.08 | C25: Greatmoor (FCC) Sidings (structure & drainage) ​ | D25: Mar | F25: =COUNTIF(Table58[Package],IF(LEFT(Table3[[#This Row],[Pack]],1)="U",Table3[[#This Row],[Pack]],"IDR "&TRIM(Table3[[#This Row],[Pack]]))) -> 8 | G25: 1 | H25: =COUNTIFS(Table58[Package],IF(LEFT(Table3[[#This Row],[Pack]],1)="U",Table3[[#This Row],[Pack]],"IDR "&TRIM(Table3[[#This Row],[Pack]])),Table58[Status],"10 - Complete") -> 1 | I25: Incomplete | J25: =SUM(Table3[[#This Row],[JSON Requested File Count]]-Table3[[#This Row],[Completed file count]]) -> 0 | K25: Expecting JSON requests. | M25: Date not clear

Sheet Analysis
A1: Run rate | B1: Total | C1: Lee | D1: Supriyan | E1: Rakesh
A2: 45383 | B2: =COUNTIFS(Central_Team!I:I,"<"&Analysis!A2+7,Central_Team!I:I,">="&Analysis!A2) -> 35 | C2: =COUNTIFS(Central_Team!$I:$I,"<"&Analysis!$A2+7,Central_Team!$I:$I,">="&Analysis!$A2,Central_Team!$V:$V,Analysis!C$1) -> 16 | D2: =COUNTIFS(Central_Team!$I:$I,"<"&Analysis!$A2+7,Central_Team!$I:$I,">="&Analysis!$A2,Central_Team!$V:$V,Analysis!D$1) -> 19 | E2: =COUNTIFS(Central_Team!$I:$I,"<"&Analysis!$A2+7,Central_Team!$I:$I,">="&Analysis!$A2,Central_Team!$V:$V,Analysis!E$1) -> 0
A3: 45390 | B3: =COUNTIFS(Central_Team!I:I,"<"&Analysis!A3+7,Central_Team!I:I,">="&Analysis!A3) -> 26 | C3: =COUNTIFS(Central_Team!$I:$I,"<"&Analysis!$A3+7,Central_Team!$I:$I,">="&Analysis!$A3,Central_Team!$V:$V,Analysis!C$1) -> 19 | D3: =COUNTIFS(Central_Team!$I:$I,"<"&Analysis!$A3+7,Central_Team!$I:$I,">="&Analysis!$A3,Central_Team!$V:$V,Analysis!D$1) -> 7 | E3: =COUNTIFS(Central_Team!$I:$I,"<"&Analysis!$A3+7,Central_Team!$I:$I,">="&Analysis!$A3,Central_Team!$V:$V,Analysis!E$1) -> 0
A4: 45397 | B4: =COUNTIFS(Central_Team!I:I,"<"&Analysis!A4+7,Central_Team!I:I,">="&Analysis!A4) -> 27 | C4: =COUNTIFS(Central_Team!$I:$I,"<"&Analysis!$A4+7,Central_Team!$I:$I,">="&Analysis!$A4,Central_Team!$V:$V,Analysis!C$1) -> 12 | D4: =COUNTIFS(Central_Team!$I:$I,"<"&Analysis!$A4+7,Central_Team!$I:$I,">="&Analysis!$A4,Central_Team!$V:$V,Analysis!D$1) -> 14 | E4: =COUNTIFS(Central_Team!$I:$I,"<"&Analysis!$A4+7,Central_Team!$I:$I,">="&Analysis!$A4,Central_Team!$V:$V,Analysis!E$1) -> 0
A5: 45404 | B5: =COUNTIFS(Central_Team!I:I,"<"&Analysis!A5+7,Central_Team!I:I,">="&Analysis!A5) -> 58 | C5: =COUNTIFS(Central_Team!$I:$I,"<"&Analysis!$A5+7,Central_Team!$I:$I,">="&Analysis!$A5,Central_Team!$V:$V,Analysis!C$1) -> 38 | D5: =COUNTIFS(Central_Team!$I:$I,"<"&Analysis!$A5+7,Central_Team!$I:$I,">="&Analysis!$A5,Central_Team!$V:$V,Analysis!D$1) -> 20 | E5: =COUNTIFS(Central_Team!$I:$I,"<"&Analysis!$A5+7,Central_Team!$I:$I,">="&Analysis!$A5,Central_Team!$V:$V,Analysis!E$1) -> 0
A6: 45411 | B6: =COUNTIFS(Central_Team!I:I,"<"&Analysis!A6+7,Central_Team!I:I,">="&Analysis!A6) -> 57 | C6: =COUNTIFS(Central_Team!$I:$I,"<"&Analysis!$A6+7,Central_Team!$I:$I,">="&Analysis!$A6,Central_Team!$V:$V,Analysis!C$1) -> 22 | D6: =COUNTIFS(Central_Team!$I:$I,"<"&Analysis!$A6+7,Central_Team!$I:$I,">="&Analysis!$A6,Central_Team!$V:$V,Analysis!D$1) -> 35 | E6: =COUNTIFS(Central_Team!$I:$I,"<"&Analysis!$A6+7,Central_Team!$I:$I,">="&Analysis!$A6,Central_Team!$V:$V,Analysis!E$1) -> 0
A7: 45418 | B7: =COUNTIFS(Central_Team!I:I,"<"&Analysis!A7+7,Central_Team!I:I,">="&Analysis!A7) -> 37 | C7: =COUNTIFS(Central_Team!$I:$I,"<"&Analysis!$A7+7,Central_Team!$I:$I,">="&Analysis!$A7,Central_Team!$V:$V,Analysis!C$1) -> 4 | D7: =COUNTIFS(Central_Team!$I:$I,"<"&Analysis!$A7+7,Central_Team!$I:$I,">="&Analysis!$A7,Central_Team!$V:$V,Analysis!D$1) -> 16 | E7: =COUNTIFS(Central_Team!$I:$I,"<"&Analysis!$A7+7,Central_Team!$I:$I,">="&Analysis!$A7,Central_Team!$V:$V,Analysis!E$1) -> 12
A8: 45425 | B8: =COUNTIFS(Central_Team!I:I,"<"&Analysis!A8+7,Central_Team!I:I,">="&Analysis!A8) -> 21 | C8: =COUNTIFS(Central_Team!$I:$I,"<"&Analysis!$A8+7,Central_Team!$I:$I,">="&Analysis!$A8,Central_Team!$V:$V,Analysis!C$1) -> 6 | D8: =COUNTIFS(Central_Team!$I:$I,"<"&Analysis!$A8+7,Central_Team!$I:$I,">="&Analysis!$A8,Central_Team!$V:$V,Analysis!D$1) -> 9 | E8: =COUNTIFS(Central_Team!$I:$I,"<"&Analysis!$A8+7,Central_Team!$I:$I,">="&Analysis!$A8,Central_Team!$V:$V,Analysis!E$1) -> 6
A9: 45432 | B9: =COUNTIFS(Central_Team!I:I,"<"&Analysis!A9+7,Central_Team!I:I,">="&Analysis!A9) -> 27 | C9: =COUNTIFS(Central_Team!$I:$I,"<"&Analysis!$A9+7,Central_Team!$I:$I,">="&Analysis!$A9,Central_Team!$V:$V,Analysis!C$1) -> 17 | D9: =COUNTIFS(Central_Team!$I:$I,"<"&Analysis!$A9+7,Central_Team!$I:$I,">="&Analysis!$A9,Central_Team!$V:$V,Analysis!D$1) -> 2 | E9: =COUNTIFS(Central_Team!$I:$I,"<"&Analysis!$A9+7,Central_Team!$I:$I,">="&Analysis!$A9,Central_Team!$V:$V,Analysis!E$1) -> 8
A10: 45439 | B10: =COUNTIFS(Central_Team!I:I,"<"&Analysis!A10+7,Central_Team!I:I,">="&Analysis!A10) -> 51 | C10: =COUNTIFS(Central_Team!$I:$I,"<"&Analysis!$A10+7,Central_Team!$I:$I,">="&Analysis!$A10,Central_Team!$V:$V,Analysis!C$1) -> 2 | D10: =COUNTIFS(Central_Team!$I:$I,"<"&Analysis!$A10+7,Central_Team!$I:$I,">="&Analysis!$A10,Central_Team!$V:$V,Analysis!D$1) -> 20 | E10: =COUNTIFS(Central_Team!$I:$I,"<"&Analysis!$A10+7,Central_Team!$I:$I,">="&Analysis!$A10,Central_Team!$V:$V,Analysis!E$1) -> 27
A11: 45446 | B11: =COUNTIFS(Central_Team!I:I,"<"&Analysis!A11+7,Central_Team!I:I,">="&Analysis!A11) -> 66 | C11: =COUNTIFS(Central_Team!$I:$I,"<"&Analysis!$A11+7,Central_Team!$I:$I,">="&Analysis!$A11,Central_Team!$V:$V,Analysis!C$1) -> 15 | D11: =COUNTIFS(Central_Team!$I:$I,"<"&Analysis!$A11+7,Central_Team!$I:$I,">="&Analysis!$A11,Central_Team!$V:$V,Analysis!D$1) -> 22 | E11: =COUNTIFS(Central_Team!$I:$I,"<"&Analysis!$A11+7,Central_Team!$I:$I,">="&Analysis!$A11,Central_Team!$V:$V,Analysis!E$1) -> 29
A12: 45453 | B12: =COUNTIFS(Central_Team!I:I,"<"&Analysis!A12+7,Central_Team!I:I,">="&Analysis!A12) -> 51 | C12: =COUNTIFS(Central_Team!$I:$I,"<"&Analysis!$A12+7,Central_Team!$I:$I,">="&Analysis!$A12,Central_Team!$V:$V,Analysis!C$1) -> 16 | D12: =COUNTIFS(Central_Team!$I:$I,"<"&Analysis!$A12+7,Central_Team!$I:$I,">="&Analysis!$A12,Central_Team!$V:$V,Analysis!D$1) -> 12 | E12: =COUNTIFS(Central_Team!$I:$I,"<"&Analysis!$A12+7,Central_Team!$I:$I,">="&Analysis!$A12,Central_Team!$V:$V,Analysis!E$1) -> 23
A13: 45460 | B13: =COUNTIFS(Central_Team!I:I,"<"&Analysis!A13+7,Central_Team!I:I,">="&Analysis!A13) -> 22 | C13: =COUNTIFS(Central_Team!$I:$I,"<"&Analysis!$A13+7,Central_Team!$I:$I,">="&Analysis!$A13,Central_Team!$V:$V,Analysis!C$1) -> 19 | D13: =COUNTIFS(Central_Team!$I:$I,"<"&Analysis!$A13+7,Central_Team!$I:$I,">="&Analysis!$A13,Central_Team!$V:$V,Analysis!D$1) -> 0 | E13: =COUNTIFS(Central_Team!$I:$I,"<"&Analysis!$A13+7,Central_Team!$I:$I,">="&Analysis!$A13,Central_Team!$V:$V,Analysis!E$1) -> 3
... A38: 45635 | B38: =COUNTIFS(Central_Team!I:I,"<"&Analysis!A38+7,Central_Team!I:I,">="&Analysis!A38) -> 35 | C38: =COUNTIFS(Central_Team!$I:$I,"<"&Analysis!$A38+7,Central_Team!$I:$I,">="&Analysis!$A38,Central_Team!$V:$V,Analysis!C$1) -> 25 | D38: =COUNTIFS(Central_Team!$I:$I,"<"&Analysis!$A38+7,Central_Team!$I:$I,">="&Analysis!$A38,Central_Team!$V:$V,Analysis!D$1) -> 10 | E38: =COUNTIFS(Central_Team!$I:$I,"<"&Analysis!$A38+7,Central_Team!$I:$I,">="&Analysis!$A38,Central_Team!$V:$V,Analysis!E$1) -> 0
A39: Total | B39: =PERCENTILE(Table4[Total],0.85) -> 55 | C39: =PERCENTILE(C24:C38,0.85) -> 24.7 | D39: =PERCENTILE(D24:D38,0.85) -> 11 | E39: =PERCENTILE(Table4[Rakesh],0.85) -> 15

Sheet Central_Team
A1: PRIORITY R.A.G. | B1: IDR / UFDR | C1: UAID_2 | D1: L2 Asset Name | E1: ACBOS/MPDT Link | F1: Revision Submitted for JSON Works | G1: Request sent on (Date) | H1: Compliant source file received on (Date) | I1: Completion date. | J1: Immediate process requested. | K1: JSON Path | L1: Coordinate Check CE | M1: Comments Issued 1 (include Date) | N1: Response Date1 | O1: Comments 2 (include Date) | P1: Response Date2 | Q1: Comment 3 (include Date) | R1: Response Date3 | S1: Comment 4 (include Date) | T1: Response Date4 | U1: Status | V1: Action by | W1: Requester Name / Email | X1: *KPI - Measure1* | Y1: *KPI - Measure2* | Z1: *KPI - Measure3*
A2: =_xlfn.IFNA(INDEX(Table3[],MATCH(MainTracker[[#This Row],[IDR / UFDR]],Table3[Pack],0),1),"") | B2: 233.01-2 | C2: HS2-00002NJ06 | D2: Chipping Warden Green Tunnel North Portal | E2: 1MC07-CEK-TN-FRM-CS07_CL14-000001 | F2: P02 | G2: 45230 | H2: 45237 | I2: 45238 | K2: 1MC07-CEK-IM-DAT-CS07_CL14-600042 | M2: update rcvd 3/11/23 - CM_ISCI set to YES | O2: edited in house liaising with DT to get them to update MPDT on PW. | Q2: DT can update PW file post JSON creation | U2: 10 - Complete | V2: Lee | W2: Matthew Smith <MWSH@cowi.com> | X2: =IF(AND(MainTracker[[#This Row],[Completion date.]]>=45139,MainTracker[[#This Row],[Status]]="10 - Complete"),NETWORKDAYS(MAX(MainTracker[[#This Row],[Request sent on (Date)]:[Compliant source file received on (Date)]]),MainTracker[[#This Row],[Completion date.]],Holiday[Holidays])-1,"") -> 1 | Y2: =IF(AND(MainTracker[[#This Row],[Completion date.]]>=45139,MainTracker[[#This Row],[Status]]="10 - Complete"),COUNTA(MainTracker[[#This Row],[Comments Issued 1 (include Date)]],MainTracker[[#This Row],[Comments 2 (include Date)]],MainTracker[[#This Row],[Comment 3 (include Date)]],MainTracker[[#This Row],[Comment 4 (include Date)]]),"") -> 3 | Z2: =IF(AND(MainTracker[[#This Row],[Completion date.]]>=45139,MainTracker[[#This Row],[Status]]="10 - Complete",MainTracker[[#This Row],[Compliant source file received on (Date)]]<>""),MainTracker[[#This Row],[Compliant source file received on (Date)]]-MainTracker[[#This Row],[Request sent on (Date)]],"") -> 7
A3: =_xlfn.IFNA(INDEX(Table3[],MATCH(MainTracker[[#This Row],[IDR / UFDR]],Table3[Pack],0),1),"") | B3: 236.01 | C3: HS2-00002XCBC | D3: Oxford Canal South Embankment Ditch Crossing 1 | E3: 1MC07-ASC-CV-FRM-CS07_CL23-000068-ACBOS | F3: P01 | G3: 45230 | H3: 45233 | I3: 45240 | K3: 1MC07-CEK-IM-DAT-CS07_CL23-600109 | M3: StrctrlT | O3: updated in house into SQL / Json | Q3: PW file to follow sync | U3: 10 - Complete | V3: Lee | W3: Chris Gilmour <chris.gilmour@fairhurst.co.uk> | X3: =IF(AND(MainTracker[[#This Row],[Completion date.]]>=45139,MainTracker[[#This Row],[Status]]="10 - Complete"),NETWORKDAYS(MAX(MainTracker[[#This Row],[Request sent on (Date)]:[Compliant source file received on (Date)]]),MainTracker[[#This Row],[Completion date.]],Holiday[Holidays])-1,"") -> 5 | Y3: =IF(AND(MainTracker[[#This Row],[Completion date.]]>=45139,MainTracker[[#This Row],[Status]]="10 - Complete"),COUNTA(MainTracker[[#This Row],[Comments Issued 1 (include Date)]],MainTracker[[#This Row],[Comments 2 (include Date)]],MainTracker[[#This Row],[Comment 3 (include Date)]],MainTracker[[#This Row],[Comment 4 (include Date)]]),"") -> 3 | Z3: =IF(AND(MainTracker[[#This Row],[Completion date.]]>=45139,MainTracker[[#This Row],[Status]]="10 - Complete",MainTracker[[#This Row],[Compliant source file received on (Date)]]<>""),MainTracker[[#This Row],[Compliant source file received on (Date)]]-MainTracker[[#This Row],[Request sent on (Date)]],"") -> 3
A4: =_xlfn.IFNA(INDEX(Table3[],MATCH(MainTracker[[#This Row],[IDR / UFDR]],Table3[Pack],0),1),"") | B4: 216.01 | C4: HS2-00002CT9B | D4: Charndon Lodge Pumping Station (ME) | E4: 1MC06-CEK-ME-FRM-CS06_CL09-600001 | F4: P05 | G4: 45230 | I4: 45639 | K4: 1MC06-CEK-IM-DAT-CS06_CL09-600197 | L4: No issues | M4: rvsd chacks 19-nov-24 - ZZ-ZZ class issues | N4: 45637 | O4: 92 assts - loading | Q4: LOADED - 92 | S4: 92 | U4: 10 - Complete | V4: Lee | W4: Stafford, Quincy <quincy.stafford@arcadis.com> | X4: =IF(AND(MainTracker[[#This Row],[Completion date.]]>=45139,MainTracker[[#This Row],[Status]]="10 - Complete"),NETWORKDAYS(MAX(MainTracker[[#This Row],[Request sent on (Date)]:[Compliant source file received on (Date)]]),MainTracker[[#This Row],[Completion date.]],Holiday[Holidays])-1,"") -> 282 | Y4: =IF(AND(MainTracker[[#This Row],[Completion date.]]>=45139,MainTracker[[#This Row],[Status]]="10 - Complete"),COUNTA(MainTracker[[#This Row],[Comments Issued 1 (include Date)]],MainTracker[[#This Row],[Comments 2 (include Date)]],MainTracker[[#This Row],[Comment 3 (include Date)]],MainTracker[[#This Row],[Comment 4 (include Date)]]),"") -> 4 | Z4: =IF(AND(MainTracker[[#This Row],[Completion date.]]>=45139,MainTracker[[#This Row],[Status]]="10 - Complete",MainTracker[[#This Row],[Compliant source file received on (Date)]]<>""),MainTracker[[#This Row],[Compliant source file received on (Date)]]-MainTracker[[#This Row],[Request sent on (Date)]],"")
A5: =_xlfn.IFNA(INDEX(Table3[],MATCH(MainTracker[[#This Row],[IDR / UFDR]],Table3[Pack],0),1),"") | B5: 216.01 | C5: HS2-00002CT9B | D5: Charndon Lodge Pumping Station (EL) Telecomms | E5: 1MC06-CEK-EL-FRM-CS06_CL09-600002 | F5: P06 | G5: 45230 | I5: 45639 | K5: 1MC06-CEK-IM-DAT-CS06_CL09-600197 | L5: No issues | M5: rvsd chacks 19-nov-24 - ZZ-ZZ class issues | N5: 45637 | O5: 7 loadinn g | Q5: LOADED - 7 | S5: 99 | U5: 10 - Complete | V5: Lee | W5: Stafford, Quincy <quincy.stafford@arcadis.com> | X5: =IF(AND(MainTracker[[#This Row],[Completion date.]]>=45139,MainTracker[[#This Row],[Status]]="10 - Complete"),NETWORKDAYS(MAX(MainTracker[[#This Row],[Request sent on (Date)]:[Compliant source file received on (Date)]]),MainTracker[[#This Row],[Completion date.]],Holiday[Holidays])-1,"") -> 282 | Y5: =IF(AND(MainTracker[[#This Row],[Completion date.]]>=45139,MainTracker[[#This Row],[Status]]="10 - Complete"),COUNTA(MainTracker[[#This Row],[Comments Issued 1 (include Date)]],MainTracker[[#This Row],[Comments 2 (include Date)]],MainTracker[[#This Row],[Comment 3 (include Date)]],MainTracker[[#This Row],[Comment 4 (include Date)]]),"") -> 4 | Z5: =IF(AND(MainTracker[[#This Row],[Completion date.]]>=45139,MainTracker[[#This Row],[Status]]="10 - Complete",MainTracker[[#This Row],[Compliant source file received on (Date)]]<>""),MainTracker[[#This Row],[Compliant source file received on (Date)]]-MainTracker[[#This Row],[Request sent on (Date)]],"")
A6: =_xlfn.IFNA(INDEX(Table3[],MATCH(MainTracker[[#This Row],[IDR / UFDR]],Table3[Pack],0),1),"") | B6: 216.01 | C6: HS2-00002CT9B | D6: Charndon Lodge Pumping Station (EL) | E6: 1MC06-CEK-EL-FRM-CS06_CL09-600001 | F6: P01 | G6: 45230 | I6: 45639 | K6: 1MC06-CEK-IM-DAT-CS06_CL09-600197 | L6: No issues | M6: rvsd chacks 19-nov-24 - ZZ-ZZ class issues | N6: 45637 | O6: 13 loading | Q6: LOADED 13 | S6: 112 | U6: 10 - Complete | V6: Lee | W6: Stafford, Quincy <quincy.stafford@arcadis.com> | X6: =IF(AND(MainTracker[[#This Row],[Completion date.]]>=45139,MainTracker[[#This Row],[Status]]="10 - Complete"),NETWORKDAYS(MAX(MainTracker[[#This Row],[Request sent on (Date)]:[Compliant source file received on (Date)]]),MainTracker[[#This Row],[Completion date.]],Holiday[Holidays])-1,"") -> 282 | Y6: =IF(AND(MainTracker[[#This Row],[Completion date.]]>=45139,MainTracker[[#This Row],[Status]]="10 - Complete"),COUNTA(MainTracker[[#This Row],[Comments Issued 1 (include Date)]],MainTracker[[#This Row],[Comments 2 (include Date)]],MainTracker[[#This Row],[Comment 3 (include Date)]],MainTracker[[#This Row],[Comment 4 (include Date)]]),"") -> 4 | Z6: =IF(AND(MainTracker[[#This Row],[Completion date.]]>=45139,MainTracker[[#This Row],[Status]]="10 - Complete",MainTracker[[#This Row],[Compliant source file received on (Date)]]<>""),MainTracker[[#This Row],[Compliant source file received on (Date)]]-MainTracker[[#This Row],[Request sent on (Date)]],"")
A7: =_xlfn.IFNA(INDEX(Table3[],MATCH(MainTracker[[#This Row],[IDR / UFDR]],Table3[Pack],0),1),"") | B7: 216.01 | C7: HS2-00002CT9B | D7: Charndon Lodge Pumping Station (CV) | E7: 1MC06-CEK-CV-FRM-CS06_CL09-000014 | F7: P01 | G7: 45230 | I7: 45639 | K7: 1MC06-CEK-IM-DAT-CS06_CL09-600197 | L7: No issues | M7: rvsd chacks 19-nov-24 - ZZ-ZZ class issues | N7: 45637 | O7: 59 loading | Q7: LOADED 59 | S7: 171 | U7: 10 - Complete | V7: Lee | W7: Stafford, Quincy <quincy.stafford@arcadis.com> | X7: =IF(AND(MainTracker[[#This Row],[Completion date.]]>=45139,MainTracker[[#This Row],[Status]]="10 - Complete"),NETWORKDAYS(MAX(MainTracker[[#This Row],[Request sent on (Date)]:[Compliant source file received on (Date)]]),MainTracker[[#This Row],[Completion date.]],Holiday[Holidays])-1,"") -> 282 | Y7: =IF(AND(MainTracker[[#This Row],[Completion date.]]>=45139,MainTracker[[#This Row],[Status]]="10 - Complete"),COUNTA(MainTracker[[#This Row],[Comments Issued 1 (include Date)]],MainTracker[[#This Row],[Comments 2 (include Date)]],MainTracker[[#This Row],[Comment 3 (include Date)]],MainTracker[[#This Row],[Comment 4 (include Date)]]),"") -> 4 | Z7: =IF(AND(MainTracker[[#This Row],[Completion date.]]>=45139,MainTracker[[#This Row],[Status]]="10 - Complete",MainTracker[[#This Row],[Compliant source file received on (Date)]]<>""),MainTracker[[#This Row],[Compliant source file received on (Date)]]-MainTracker[[#This Row],[Request sent on (Date)]],"")
A8: =_xlfn.IFNA(INDEX(Table3[],MATCH(MainTracker[[#This Row],[IDR / UFDR]],Table3[Pack],0),1),"") | B8: 204.3-1 | C8: HS2-00002BJS0 | D8: Nash Lee Orchard (ELL-20) Footpath Realignment | E8: 1MC06-ASC-HW-FRM-CS03_CL17-000006-ACBOS | F8: P01 | G8: 45231 | H8: 45233 | I8: 45233 | K8: 1MC06-CEK-IM-DAT-CS03_CL17-600011 | M8: some items set As None All AssetDescription_2 incorrect | U8: 10 - Complete | V8: Lee | W8: Thompson, Stephen <stephen.thompson@arcadis.com> | X8: =IF(AND(MainTracker[[#This Row],[Completion date.]]>=45139,MainTracker[[#This Row],[Status]]="10 - Complete"),NETWORKDAYS(MAX(MainTracker[[#This Row],[Request sent on (Date)]:[Compliant source file received on (Date)]]),MainTracker[[#This Row],[Completion date.]],Holiday[Holidays])-1,"") -> 0 | Y8: =IF(AND(MainTracker[[#This Row],[Completion date.]]>=45139,MainTracker[[#This Row],[Status]]="10 - Complete"),COUNTA(MainTracker[[#This Row],[Comments Issued 1 (include Date)]],MainTracker[[#This Row],[Comments 2 (include Date)]],MainTracker[[#This Row],[Comment 3 (include Date)]],MainTracker[[#This Row],[Comment 4 (include Date)]]),"") -> 1 | Z8: =IF(AND(MainTracker[[#This Row],[Completion date.]]>=45139,MainTracker[[#This Row],[Status]]="10 - Complete",MainTracker[[#This Row],[Compliant source file received on (Date)]]<>""),MainTracker[[#This Row],[Compliant source file received on (Date)]]-MainTracker[[#This Row],[Request sent on (Date)]],"") -> 2
A9: =_xlfn.IFNA(INDEX(Table3[],MATCH(MainTracker[[#This Row],[IDR / UFDR]],Table3[Pack],0),1),"") | B9: 236.01 | C9: HS2-00003B585 | D9: Oxford Canal South Embankment Ditch Crossing 2 | E9: 1MC07-ASC-CV-FRM-CS07_CL23-000069-ACBOS | F9: P01 | G9: 45231 | H9: 45233 | I9: 45240 | K9: 1MC07-CEK-IM-DAT-CS07_CL23-600110 | M9: StrctrlT | O9: updated in house into SQL / Json | Q9: PW file to follow sync | U9: 10 - Complete | V9: Lee | W9: Chris Gilmour <chris.gilmour@fairhurst.co.uk> | X9: =IF(AND(MainTracker[[#This Row],[Completion date.]]>=45139,MainTracker[[#This Row],[Status]]="10 - Complete"),NETWORKDAYS(MAX(MainTracker[[#This Row],[Request sent on (Date)]:[Compliant source file received on (Date)]]),MainTracker[[#This Row],[Completion date.]],Holiday[Holidays])-1,"") -> 5 | Y9: =IF(AND(MainTracker[[#This Row],[Completion date.]]>=45139,MainTracker[[#This Row],[Status]]="10 - Complete"),COUNTA(MainTracker[[#This Row],[Comments Issued 1 (include Date)]],MainTracker[[#This Row],[Comments 2 (include Date)]],MainTracker[[#This Row],[Comment 3 (include Date)]],MainTracker[[#This Row],[Comment 4 (include Date)]]),"") -> 3 | Z9: =IF(AND(MainTracker[[#This Row],[Completion date.]]>=45139,MainTracker[[#This Row],[Status]]="10 - Complete",MainTracker[[#This Row],[Compliant source file received on (Date)]]<>""),MainTracker[[#This Row],[Compliant source file received on (Date)]]-MainTracker[[#This Row],[Request sent on (Date)]],"") -> 2
A10: =_xlfn.IFNA(INDEX(Table3[],MATCH(MainTracker[[#This Row],[IDR / UFDR]],Table3[Pack],0),1),"") | B10: 216.01-2 | C10: HS2-00002CT8U | D10: HS2-00002C5T4-West Street Drainage System | E10: 1MC06-ASC-DR-FRM-CS06_CL09-000029-ACBOS | F10: P01 | G10: 45232 | H10: 45233 | I10: 45236 | K10: 1MC06-CEK-IM-DAT-CS06_CL09-600255 | M10: 2 DsgnFlw att set to 0 - DT to fix | U10: 10 - Complete | V10: Lee | W10: Rai C, Keerthan <keerthan.raic@arcadis.com> | X10: =IF(AND(MainTracker[[#This Row],[Completion date.]]>=45139,MainTracker[[#This Row],[Status]]="10 - Complete"),NETWORKDAYS(MAX(MainTracker[[#This Row],[Request sent on (Date)]:[Compliant source file received on (Date)]]),MainTracker[[#This Row],[Completion date.]],Holiday[Holidays])-1,"") -> 1 | Y10: =IF(AND(MainTracker[[#This Row],[Completion date.]]>=45139,MainTracker[[#This Row],[Status]]="10 - Complete"),COUNTA(MainTracker[[#This Row],[Comments Issued 1 (include Date)]],MainTracker[[#This Row],[Comments 2 (include Date)]],MainTracker[[#This Row],[Comment 3 (include Date)]],MainTracker[[#This Row],[Comment 4 (include Date)]]),"") -> 1 | Z10: =IF(AND(MainTracker[[#This Row],[Completion date.]]>=45139,MainTracker[[#This Row],[Status]]="10 - Complete",MainTracker[[#This Row],[Compliant source file received on (Date)]]<>""),MainTracker[[#This Row],[Compliant source file received on (Date)]]-MainTracker[[#This Row],[Request sent on (Date)]],"") -> 1
A11: =_xlfn.IFNA(INDEX(Table3[],MATCH(MainTracker[[#This Row],[IDR / UFDR]],Table3[Pack],0),1),"") | B11: 230.01 | C11: HS2-00002PRWV | D11: Lower Thorpe Viaduct Group | E11: 1MC07-ASC-CV-FRM-CS07_CL26-000069-ACBOS | F11: P01 | G11: 45232 | I11: 45237 | K11: 1MC07-CEK-IM-DAT-CS07_CL26-600131 | U11: 10 - Complete | V11: Supriyan | W11: PATIL, APOORVA <apoorva.patil@arcadis.com> | X11: =IF(AND(MainTracker[[#This Row],[Completion date.]]>=45139,MainTracker[[#This Row],[Status]]="10 - Complete"),NETWORKDAYS(MAX(MainTracker[[#This Row],[Request sent on (Date)]:[Compliant source file received on (Date)]]),MainTracker[[#This Row],[Completion date.]],Holiday[Holidays])-1,"") -> 3 | Y11: =IF(AND(MainTracker[[#This Row],[Completion date.]]>=45139,MainTracker[[#This Row],[Status]]="10 - Complete"),COUNTA(MainTracker[[#This Row],[Comments Issued 1 (include Date)]],MainTracker[[#This Row],[Comments 2 (include Date)]],MainTracker[[#This Row],[Comment 3 (include Date)]],MainTracker[[#This Row],[Comment 4 (include Date)]]),"") -> 0 | Z11: =IF(AND(MainTracker[[#This Row],[Completion date.]]>=45139,MainTracker[[#This Row],[Status]]="10 - Complete",MainTracker[[#This Row],[Compliant source file received on (Date)]]<>""),MainTracker[[#This Row],[Compliant source file received on (Date)]]-MainTracker[[#This Row],[Request sent on (Date)]],"")
A12: =_xlfn.IFNA(INDEX(Table3[],MATCH(MainTracker[[#This Row],[IDR / UFDR]],Table3[Pack],0),1),"") | B12: 223.4 | C12: HS2-00002BJV0 | D12: Bridleway 303/4 and 303/22 Diversions | E12: 1MC06-ASC-HW-FRM-CS06_CL22-000015-ACBOS | F12: P01 | G12: 45232 | H12: 45237 | I12: 45239 | K12: 1MC06-CEK-IM-DAT-CS06_CL22-600110 | M12: Send Queries to Team on 07-Nov-23 | U12: 10 - Complete | V12: Supriyan | W12: MIRI Youssef <youssef.miri@setec.com> | X12: =IF(AND(MainTracker[[#This Row],[Completion date.]]>=45139,MainTracker[[#This Row],[Status]]="10 - Complete"),NETWORKDAYS(MAX(MainTracker[[#This Row],[Request sent on (Date)]:[Compliant source file received on (Date)]]),MainTracker[[#This Row],[Completion date.]],Holiday[Holidays])-1,"") -> 2 | Y12: =IF(AND(MainTracker[[#This Row],[Completion date.]]>=45139,MainTracker[[#This Row],[Status]]="10 - Complete"),COUNTA(MainTracker[[#This Row],[Comments Issued 1 (include Date)]],MainTracker[[#This Row],[Comments 2 (include Date)]],MainTracker[[#This Row],[Comment 3 (include Date)]],MainTracker[[#This Row],[Comment 4 (include Date)]]),"") -> 1 | Z12: =IF(AND(MainTracker[[#This Row],[Completion date.]]>=45139,MainTracker[[#This Row],[Status]]="10 - Complete",MainTracker[[#This Row],[Compliant source file received on (Date)]]<>""),MainTracker[[#This Row],[Compliant source file received on (Date)]]-MainTracker[[#This Row],[Request sent on (Date)]],"") -> 5
A13: =_xlfn.IFNA(INDEX(Table3[],MATCH(MainTracker[[#This Row],[IDR / UFDR]],Table3[Pack],0),1),"") | B13: 223.4 | C13: HS2-00002BJV1 | D13: Maintenance Access Road to Pond (Off Bridleway 303/4) 01 | E13: 1MC06-ASC-HW-FRM-CS06_CL22-000009-ACBOS | F13: P01 | G13: 45232 | H13: 45237 | I13: 45240 | K13: 1MC06-CEK-IM-DAT-CS06_CL22-600080 | M13: Send Queries to Team on 07-Nov-23 | U13: 10 - Complete | V13: Supriyan | W13: MIRI Youssef <youssef.miri@setec.com> | X13: =IF(AND(MainTracker[[#This Row],[Completion date.]]>=45139,MainTracker[[#This Row],[Status]]="10 - Complete"),NETWORKDAYS(MAX(MainTracker[[#This Row],[Request sent on (Date)]:[Compliant source file received on (Date)]]),MainTracker[[#This Row],[Completion date.]],Holiday[Holidays])-1,"") -> 3 | Y13: =IF(AND(MainTracker[[#This Row],[Completion date.]]>=45139,MainTracker[[#This Row],[Status]]="10 - Complete"),COUNTA(MainTracker[[#This Row],[Comments Issued 1 (include Date)]],MainTracker[[#This Row],[Comments 2 (include Date)]],MainTracker[[#This Row],[Comment 3 (include Date)]],MainTracker[[#This Row],[Comment 4 (include Date)]]),"") -> 1 | Z13: =IF(AND(MainTracker[[#This Row],[Completion date.]]>=45139,MainTracker[[#This Row],[Status]]="10 - Complete",MainTracker[[#This Row],[Compliant source file received on (Date)]]<>""),MainTracker[[#This Row],[Compliant source file received on (Date)]]-MainTracker[[#This Row],[Request sent on (Date)]],"") -> 5
A14: =_xlfn.IFNA(INDEX(Table3[],MATCH(MainTracker[[#This Row],[IDR / UFDR]],Table3[Pack],0),1),"") | B14: 223.4 | C14: HS2-00002BJV2 | D14: Maintenance Access Road to Pond (Off Bridleway 303/4) 02 | E14: 1MC06-ASC-HW-FRM-CS06_CL22-000010-ACBOS | F14: P01 | G14: 45232 | H14: 45237 | I14: 45246 | K14: 1MC06-CEK-IM-DAT-CS06_CL22-600081 | M14: Send Queries to Team on 07-Nov-23 | U14: 10 - Complete | V14: Supriyan | W14: MIRI Youssef <youssef.miri@setec.com> | X14: =IF(AND(MainTracker[[#This Row],[Completion date.]]>=45139,MainTracker[[#This Row],[Status]]="10 - Complete"),NETWORKDAYS(MAX(MainTracker[[#This Row],[Request sent on (Date)]:[Compliant source file received on (Date)]]),MainTracker[[#This Row],[Completion date.]],Holiday[Holidays])-1,"") -> 7 | Y14: =IF(AND(MainTracker[[#This Row],[Completion date.]]>=45139,MainTracker[[#This Row],[Status]]="10 - Complete"),COUNTA(MainTracker[[#This Row],[Comments Issued 1 (include Date)]],MainTracker[[#This Row],[Comments 2 (include Date)]],MainTracker[[#This Row],[Comment 3 (include Date)]],MainTracker[[#This Row],[Comment 4 (include Date)]]),"") -> 1 | Z14: =IF(AND(MainTracker[[#This Row],[Completion date.]]>=45139,MainTracker[[#This Row],[Status]]="10 - Complete",MainTracker[[#This Row],[Compliant source file received on (Date)]]<>""),MainTracker[[#This Row],[Compliant source file received on (Date)]]-MainTracker[[#This Row],[Request sent on (Date)]],"") -> 5
A15: =_xlfn.IFNA(INDEX(Table3[],MATCH(MainTracker[[#This Row],[IDR / UFDR]],Table3[Pack],0),1),"") | B15: 223.4 | C15: HS2-00002BJV3 | D15: Bridleway 303/5 Link | E15: 1MC06-ASC-HW-FRM-CS06_CL22-900011-ACBOS | F15: P01 | G15: 45232 | H15: 45237 | I15: 45239 | K15: 1MC06-CEK-IM-DAT-CS06_CL22-600087 | M15: Send Queries to Team on 07-Nov-23 | U15: 10 - Complete | V15: Supriyan | W15: MIRI Youssef <youssef.miri@setec.com> | X15: =IF(AND(MainTracker[[#This Row],[Completion date.]]>=45139,MainTracker[[#This Row],[Status]]="10 - Complete"),NETWORKDAYS(MAX(MainTracker[[#This Row],[Request sent on (Date)]:[Compliant source file received on (Date)]]),MainTracker[[#This Row],[Completion date.]],Holiday[Holidays])-1,"") -> 2 | Y15: =IF(AND(MainTracker[[#This Row],[Completion date.]]>=45139,MainTracker[[#This Row],[Status]]="10 - Complete"),COUNTA(MainTracker[[#This Row],[Comments Issued 1 (include Date)]],MainTracker[[#This Row],[Comments 2 (include Date)]],MainTracker[[#This Row],[Comment 3 (include Date)]],MainTracker[[#This Row],[Comment 4 (include Date)]]),"") -> 1 | Z15: =IF(AND(MainTracker[[#This Row],[Completion date.]]>=45139,MainTracker[[#This Row],[Status]]="10 - Complete",MainTracker[[#This Row],[Compliant source file received on (Date)]]<>""),MainTracker[[#This Row],[Compliant source file received on (Date)]]-MainTracker[[#This Row],[Request sent on (Date)]],"") -> 5
A16: =_xlfn.IFNA(INDEX(Table3[],MATCH(MainTracker[[#This Row],[IDR / UFDR]],Table3[Pack],0),1),"") | B16: 223.4 | C16: HS2-00002J4YM | D16: Bridleway 303/4 Accommodation Access Realignment | E16: 1MC06-ASC-HW-FRM-CS06_CL22-900005-ACBOS | F16: P01 | G16: 45232 | H16: 45237 | I16: 45259 | K16: 1MC06-CEK-IM-DAT-CS06_CL22-600039 | M16: Send Queries to Team on 07-Nov-23 | U16: 10 - Complete | V16: Supriyan | W16: MIRI Youssef <youssef.miri@setec.com> | X16: =IF(AND(MainTracker[[#This Row],[Completion date.]]>=45139,MainTracker[[#This Row],[Status]]="10 - Complete"),NETWORKDAYS(MAX(MainTracker[[#This Row],[Request sent on (Date)]:[Compliant source file received on (Date)]]),MainTracker[[#This Row],[Completion date.]],Holiday[Holidays])-1,"") -> 16 | Y16: =IF(AND(MainTracker[[#This Row],[Completion date.]]>=45139,MainTracker[[#This Row],[Status]]="10 - Complete"),COUNTA(MainTracker[[#This Row],[Comments Issued 1 (include Date)]],MainTracker[[#This Row],[Comments 2 (include Date)]],MainTracker[[#This Row],[Comment 3 (include Date)]],MainTracker[[#This Row],[Comment 4 (include Date)]]),"") -> 1 | Z16: =IF(AND(MainTracker[[#This Row],[Completion date.]]>=45139,MainTracker[[#This Row],[Status]]="10 - Complete",MainTracker[[#This Row],[Compliant source file received on (Date)]]<>""),MainTracker[[#This Row],[Compliant source file received on (Date)]]-MainTracker[[#This Row],[Request sent on (Date)]],"") -> 5
A17: =_xlfn.IFNA(INDEX(Table3[],MATCH(MainTracker[[#This Row],[IDR / UFDR]],Table3[Pack],0),1),"") | B17: 235.01-1 | C17: HS2-000001456 | D17: Footpath SM101 Green Overbridge | E17: 1MC07-ASC-BR-FRM-CS07_CL14-000002-ACBOS | F17: P02 | G17: 45237 | I17: 45244 | K17: 1MC07-CEK-IM-DAT-CS07_CL14-600018 | M17: FAIL - close to zero rebar - DT investigating - MONDAY | O17: revised file rcvd 13-11-23 | U17: 10 - Complete | V17: Lee | W17: Kumar, M Praveen <mpraveen.kumar@arcadis.com> | X17: =IF(AND(MainTracker[[#This Row],[Completion date.]]>=45139,MainTracker[[#This Row],[Status]]="10 - Complete"),NETWORKDAYS(MAX(MainTracker[[#This Row],[Request sent on (Date)]:[Compliant source file received on (Date)]]),MainTracker[[#This Row],[Completion date.]],Holiday[Holidays])-1,"") -> 5 | Y17: =IF(AND(MainTracker[[#This Row],[Completion date.]]>=45139,MainTracker[[#This Row],[Status]]="10 - Complete"),COUNTA(MainTracker[[#This Row],[Comments Issued 1 (include Date)]],MainTracker[[#This Row],[Comments 2 (include Date)]],MainTracker[[#This Row],[Comment 3 (include Date)]],MainTracker[[#This Row],[Comment 4 (include Date)]]),"") -> 2 | Z17: =IF(AND(MainTracker[[#This Row],[Completion date.]]>=45139,MainTracker[[#This Row],[Status]]="10 - Complete",MainTracker[[#This Row],[Compliant source file received on (Date)]]<>""),MainTracker[[#This Row],[Compliant source file received on (Date)]]-MainTracker[[#This Row],[Request sent on (Date)]],"")
A18: =_xlfn.IFNA(INDEX(Table3[],MATCH(MainTracker[[#This Row],[IDR / UFDR]],Table3[Pack],0),1),"") | B18: 237.02 | C18: HS2-00002EL0S | D18: C3.L.81 Catchment | E18: 1MC07-ASC-DR-FRM-CS07_CL23-000022-ACBOS | F18: P02 | G18: 45237 | I18: 45238 | K18: 1MC07-CEK-IM-DAT-CS07_CL23-600019 | U18: 10 - Complete | V18: Supriyan | W18: B, Gopika <gopika.b@arcadis.com> | X18: =IF(AND(MainTracker[[#This Row],[Completion date.]]>=45139,MainTracker[[#This Row],[Status]]="10 - Complete"),NETWORKDAYS(MAX(MainTracker[[#This Row],[Request sent on (Date)]:[Compliant source file received on (Date)]]),MainTracker[[#This Row],[Completion date.]],Holiday[Holidays])-1,"") -> 1 | Y18: =IF(AND(MainTracker[[#This Row],[Completion date.]]>=45139,MainTracker[[#This Row],[Status]]="10 - Complete"),COUNTA(MainTracker[[#This Row],[Comments Issued 1 (include Date)]],MainTracker[[#This Row],[Comments 2 (include Date)]],MainTracker[[#This Row],[Comment 3 (include Date)]],MainTracker[[#This Row],[Comment 4 (include Date)]]),"") -> 0 | Z18: =IF(AND(MainTracker[[#This Row],[Completion date.]]>=45139,MainTracker[[#This Row],[Status]]="10 - Complete",MainTracker[[#This Row],[Compliant source file received on (Date)]]<>""),MainTracker[[#This Row],[Compliant source file received on (Date)]]-MainTracker[[#This Row],[Request sent on (Date)]],"")
A19: =_xlfn.IFNA(INDEX(Table3[],MATCH(MainTracker[[#This Row],[IDR / UFDR]],Table3[Pack],0),1),"") | B19: 237.02 | C19: HS2-00002CTJT | D19: C3.T.70 Catchment | E19: 1MC07-ASC-DR-FRM-CS07_CL23-000004-ACBOS | F19: P01 | G19: 45237 | H19: 45237 | I19: 45238 | K19: 1MC07-CEK-IM-DAT-CS07_CL23-600059 | U19: 10 - Complete | V19: Lee | W19: B, Gopika <gopika.b@arcadis.com> | X19: =IF(AND(MainTracker[[#This Row],[Completion date.]]>=45139,MainTracker[[#This Row],[Status]]="10 - Complete"),NETWORKDAYS(MAX(MainTracker[[#This Row],[Request sent on (Date)]:[Compliant source file received on (Date)]]),MainTracker[[#This Row],[Completion date.]],Holiday[Holidays])-1,"") -> 1 | Y19: =IF(AND(MainTracker[[#This Row],[Completion date.]]>=45139,MainTracker[[#This Row],[Status]]="10 - Complete"),COUNTA(MainTracker[[#This Row],[Comments Issued 1 (include Date)]],MainTracker[[#This Row],[Comments 2 (include Date)]],MainTracker[[#This Row],[Comment 3 (include Date)]],MainTracker[[#This Row],[Comment 4 (include Date)]]),"") -> 0 | Z19: =IF(AND(MainTracker[[#This Row],[Completion date.]]>=45139,MainTracker[[#This Row],[Status]]="10 - Complete",MainTracker[[#This Row],[Compliant source file received on (Date)]]<>""),MainTracker[[#This Row],[Compliant source file received on (Date)]]-MainTracker[[#This Row],[Request sent on (Date)]],"") -> 0
A20: =_xlfn.IFNA(INDEX(Table3[],MATCH(MainTracker[[#This Row],[IDR / UFDR]],Table3[Pack],0),1),"") | B20: 218.02-1 | C20: HS2-00002KRAM | D20: IMD East Culvert Watercourse Diversion | E20: 1MC06-ASC-DR-FRM-CS06_CL09-000097-ACBOS | F20: P02 | G20: 45238 | H20: 45239 | I20: 45240 | K20: 1MC06-CEK-IM-DAT-CS06_CL09-600166 | U20: 10 - Complete | V20: Lee | W20: Somashekar, Yashwanth KumarS <YashwanthKumar.S.Somashekar@arcadis.com> | X20: =IF(AND(MainTracker[[#This Row],[Completion date.]]>=45139,MainTracker[[#This Row],[Status]]="10 - Complete"),NETWORKDAYS(MAX(MainTracker[[#This Row],[Request sent on (Date)]:[Compliant source file received on (Date)]]),MainTracker[[#This Row],[Completion date.]],Holiday[Holidays])-1,"") -> 1 | Y20: =IF(AND(MainTracker[[#This Row],[Completion date.]]>=45139,MainTracker[[#This Row],[Status]]="10 - Complete"),COUNTA(MainTracker[[#This Row],[Comments Issued 1 (include Date)]],MainTracker[[#This Row],[Comments 2 (include Date)]],MainTracker[[#This Row],[Comment 3 (include Date)]],MainTracker[[#This Row],[Comment 4 (include Date)]]),"") -> 0 | Z20: =IF(AND(MainTracker[[#This Row],[Completion date.]]>=45139,MainTracker[[#This Row],[Status]]="10 - Complete",MainTracker[[#This Row],[Compliant source file received on (Date)]]<>""),MainTracker[[#This Row],[Compliant source file received on (Date)]]-MainTracker[[#This Row],[Request sent on (Date)]],"") -> 1
A21: =_xlfn.IFNA(INDEX(Table3[],MATCH(MainTracker[[#This Row],[IDR / UFDR]],Table3[Pack],0),1),"") | B21: 220.5 | C21: HS2-00002BJUL | D21: Maintenance Access Road MAP (Bridleway CHW/24 Upgrade) | E21: 1MC06-ASC-HW-FRM-CS06_CL10-900029-ACBOS | F21: P02 | G21: 45238 | H21: 45254 | I21: 45257 | K21: 1MC06-CEK-IM-DAT-CS06_CL10-600089 | M21: DT revising file based on LodG 22-11-23 | O21: DT reworking model. Barriers / post issues | U21: 10 - Complete | V21: Supriyan | W21: KHABOUZE Zakaria <zakaria.khabouze@setec.com> | X21: =IF(AND(MainTracker[[#This Row],[Completion date.]]>=45139,MainTracker[[#This Row],[Status]]="10 - Complete"),NETWORKDAYS(MAX(MainTracker[[#This Row],[Request sent on (Date)]:[Compliant source file received on (Date)]]),MainTracker[[#This Row],[Completion date.]],Holiday[Holidays])-1,"") -> 1 | Y21: =IF(AND(MainTracker[[#This Row],[Completion date.]]>=45139,MainTracker[[#This Row],[Status]]="10 - Complete"),COUNTA(MainTracker[[#This Row],[Comments Issued 1 (include Date)]],MainTracker[[#This Row],[Comments 2 (include Date)]],MainTracker[[#This Row],[Comment 3 (include Date)]],MainTracker[[#This Row],[Comment 4 (include Date)]]),"") -> 2 | Z21: =IF(AND(MainTracker[[#This Row],[Completion date.]]>=45139,MainTracker[[#This Row],[Status]]="10 - Complete",MainTracker[[#This Row],[Compliant source file received on (Date)]]<>""),MainTracker[[#This Row],[Compliant source file received on (Date)]]-MainTracker[[#This Row],[Request sent on (Date)]],"") -> 16
A22: =_xlfn.IFNA(INDEX(Table3[],MATCH(MainTracker[[#This Row],[IDR / UFDR]],Table3[Pack],0),1),"") | B22: 220.5 | C22: HS2-00002BJUM | D22: Maintenance Access Road to Pond and MAP (Footpath 225-4 Upgrade) | E22: 1MC06-ASC-HW-FRM-CS06_CL10-000024-ACBOS | F22: P01 | G22: 45238 | H22: 45240 | I22: 45243 | K22: 1MC06-CEK-IM-DAT-CS06_CL10-600084 | M22: DT HAVE MADE CHANGES AND REISSUED | U22: 10 - Complete | V22: Lee | W22: KHABOUZE Zakaria <zakaria.khabouze@setec.com> | X22: =IF(AND(MainTracker[[#This Row],[Completion date.]]>=45139,MainTracker[[#This Row],[Status]]="10 - Complete"),NETWORKDAYS(MAX(MainTracker[[#This Row],[Request sent on (Date)]:[Compliant source file received on (Date)]]),MainTracker[[#This Row],[Completion date.]],Holiday[Holidays])-1,"") -> 1 | Y22: =IF(AND(MainTracker[[#This Row],[Completion date.]]>=45139,MainTracker[[#This Row],[Status]]="10 - Complete"),COUNTA(MainTracker[[#This Row],[Comments Issued 1 (include Date)]],MainTracker[[#This Row],[Comments 2 (include Date)]],MainTracker[[#This Row],[Comment 3 (include Date)]],MainTracker[[#This Row],[Comment 4 (include Date)]]),"") -> 1 | Z22: =IF(AND(MainTracker[[#This Row],[Completion date.]]>=45139,MainTracker[[#This Row],[Status]]="10 - Complete",MainTracker[[#This Row],[Compliant source file received on (Date)]]<>""),MainTracker[[#This Row],[Compliant source file received on (Date)]]-MainTracker[[#This Row],[Request sent on (Date)]],"") -> 2
A23: =_xlfn.IFNA(INDEX(Table3[],MATCH(MainTracker[[#This Row],[IDR / UFDR]],Table3[Pack],0),1),"") | B23: 220.5 | C23: HS2-00002J4YG | D23: Bridleway CHW/24 Link | E23: 1MC06-ASC-HW-FRM-CS06_CL10-000022-ACBOS | F23: P01 - still | G23: 45238 | H23: 45244 | I23: 45245 | K23: 1MC06-CEK-IM-DAT-CS06_CL10-600054 | M23: DT HAVE MADE CHANGES AND REISSUED | U23: 10 - Complete | V23: Lee | W23: KHABOUZE Zakaria <zakaria.khabouze@setec.com> | X23: =IF(AND(MainTracker[[#This Row],[Completion date.]]>=45139,MainTracker[[#This Row],[Status]]="10 - Complete"),NETWORKDAYS(MAX(MainTracker[[#This Row],[Request sent on (Date)]:[Compliant source file received on (Date)]]),MainTracker[[#This Row],[Completion date.]],Holiday[Holidays])-1,"") -> 1 | Y23: =IF(AND(MainTracker[[#This Row],[Completion date.]]>=45139,MainTracker[[#This Row],[Status]]="10 - Complete"),COUNTA(MainTracker[[#This Row],[Comments Issued 1 (include Date)]],MainTracker[[#This Row],[Comments 2 (include Date)]],MainTracker[[#This Row],[Comment 3 (include Date)]],MainTracker[[#This Row],[Comment 4 (include Date)]]),"") -> 1 | Z23: =IF(AND(MainTracker[[#This Row],[Completion date.]]>=45139,MainTracker[[#This Row],[Status]]="10 - Complete",MainTracker[[#This Row],[Compliant source file received on (Date)]]<>""),MainTracker[[#This Row],[Compliant source file received on (Date)]]-MainTracker[[#This Row],[Request sent on (Date)]],"") -> 6
A24: =_xlfn.IFNA(INDEX(Table3[],MATCH(MainTracker[[#This Row],[IDR / UFDR]],Table3[Pack],0),1),"") | B24: 209.2-3 | C24: HS2-00002CT64 | D24: River Thame Watercourse Diversion | E24: 1MC06-ASC-DR-FRM-CS04_CL19-000044-ACBOS | F24: P04 | G24: 45239 | H24: 45246 | I24: 45247 | K24: 1MC06-CEK-IM-DAT-CS04_CL19-600001 | M24: revised file rcvd 16-nov-23 | U24: 10 - Complete | V24: Lee | W24: SS, Saravanakumar <saravanakumar.ss@arcadis.com> | X24: =IF(AND(MainTracker[[#This Row],[Completion date.]]>=45139,MainTracker[[#This Row],[Status]]="10 - Complete"),NETWORKDAYS(MAX(MainTracker[[#This Row],[Request sent on (Date)]:[Compliant source file received on (Date)]]),MainTracker[[#This Row],[Completion date.]],Holiday[Holidays])-1,"") -> 1 | Y24: =IF(AND(MainTracker[[#This Row],[Completion date.]]>=45139,MainTracker[[#This Row],[Status]]="10 - Complete"),COUNTA(MainTracker[[#This Row],[Comments Issued 1 (include Date)]],MainTracker[[#This Row],[Comments 2 (include Date)]],MainTracker[[#This Row],[Comment 3 (include Date)]],MainTracker[[#This Row],[Comment 4 (include Date)]]),"") -> 1 | Z24: =IF(AND(MainTracker[[#This Row],[Completion date.]]>=45139,MainTracker[[#This Row],[Status]]="10 - Complete",MainTracker[[#This Row],[Compliant source file received on (Date)]]<>""),MainTracker[[#This Row],[Compliant source file received on (Date)]]-MainTracker[[#This Row],[Request sent on (Date)]],"") -> 7
A25: =_xlfn.IFNA(INDEX(Table3[],MATCH(MainTracker[[#This Row],[IDR / UFDR]],Table3[Pack],0),1),"") | B25: 202.4-4 | C25: HS2-00002U7JY | D25: Rocky Lane Ditch Slab | E25: 1MC06-ASC-CV-FRM-CS03_CL05-000056-ACBOS | F25: P01 | G25: 45239 | H25: 45244 | I25: 45244 | K25: 1MC06-CEK-IM-DAT-CS03_CL05-600160 | M25: Send back on 13-Nov-23, few mismatch w.r.t MPDT | U25: 10 - Complete | V25: Supriyan | W25: S, Supreeth <Supreeth.S@arcadis.com> & Tilici, Andreea <andreea.tilici@arcadis.com> | X25: =IF(AND(MainTracker[[#This Row],[Completion date.]]>=45139,MainTracker[[#This Row],[Status]]="10 - Complete"),NETWORKDAYS(MAX(MainTracker[[#This Row],[Request sent on (Date)]:[Compliant source file received on (Date)]]),MainTracker[[#This Row],[Completion date.]],Holiday[Holidays])-1,"") -> 0 | Y25: =IF(AND(MainTracker[[#This Row],[Completion date.]]>=45139,MainTracker[[#This Row],[Status]]="10 - Complete"),COUNTA(MainTracker[[#This Row],[Comments Issued 1 (include Date)]],MainTracker[[#This Row],[Comments 2 (include Date)]],MainTracker[[#This Row],[Comment 3 (include Date)]],MainTracker[[#This Row],[Comment 4 (include Date)]]),"") -> 1 | Z25: =IF(AND(MainTracker[[#This Row],[Completion date.]]>=45139,MainTracker[[#This Row],[Status]]="10 - Complete",MainTracker[[#This Row],[Compliant source file received on (Date)]]<>""),MainTracker[[#This Row],[Compliant source file received on (Date)]]-MainTracker[[#This Row],[Request sent on (Date)]],"") -> 5
A26: =_xlfn.IFNA(INDEX(Table3[],MATCH(MainTracker[[#This Row],[IDR / UFDR]],Table3[Pack],0),1),"") | B26: 223.4 | C26: HS2-00002VNJ2 | D26: Westbury Embankment - Ancillary Culvert 092 - AC2 | E26: 1MC06-ASC-DR-FRM-CS06_CL22-000039-ACBOS | F26: P01 | G26: 45239 | I26: 45244 | K26: 1MC06-CEK-IM-DAT-CS06_CL22-600119 | U26: 10 - Complete | V26: Supriyan | W26: MIRI Youssef <youssef.miri@setec.com> | X26: =IF(AND(MainTracker[[#This Row],[Completion date.]]>=45139,MainTracker[[#This Row],[Status]]="10 - Complete"),NETWORKDAYS(MAX(MainTracker[[#This Row],[Request sent on (Date)]:[Compliant source file received on (Date)]]),MainTracker[[#This Row],[Completion date.]],Holiday[Holidays])-1,"") -> 3 | Y26: =IF(AND(MainTracker[[#This Row],[Completion date.]]>=45139,MainTracker[[#This Row],[Status]]="10 - Complete"),COUNTA(MainTracker[[#This Row],[Comments Issued 1 (include Date)]],MainTracker[[#This Row],[Comments 2 (include Date)]],MainTracker[[#This Row],[Comment 3 (include Date)]],MainTracker[[#This Row],[Comment 4 (include Date)]]),"") -> 0 | Z26: =IF(AND(MainTracker[[#This Row],[Completion date.]]>=45139,MainTracker[[#This Row],[Status]]="10 - Complete",MainTracker[[#This Row],[Compliant source file received on (Date)]]<>""),MainTracker[[#This Row],[Compliant source file received on (Date)]]-MainTracker[[#This Row],[Request sent on (Date)]],"")
A27: =_xlfn.IFNA(INDEX(Table3[],MATCH(MainTracker[[#This Row],[IDR / UFDR]],Table3[Pack],0),1),"") | B27: 223.4 | C27: HS2-00002BVJ7 | D27: C2.L.104 Catchment | E27: 1MC06-ASC-DR-FRM-CS06_CL22-000004-ACBOS | F27: P01.1 | G27: 45240 | I27: 45259 | K27: 1MC06-CEK-IM-DAT-CS06_CL22-600088 | U27: 10 - Complete | V27: Supriyan | W27: KOUEKAM NASSI Gladys Flora <gladys.kouekam-nassi@setec.com> | X27: =IF(AND(MainTracker[[#This Row],[Completion date.]]>=45139,MainTracker[[#This Row],[Status]]="10 - Complete"),NETWORKDAYS(MAX(MainTracker[[#This Row],[Request sent on (Date)]:[Compliant source file received on (Date)]]),MainTracker[[#This Row],[Completion date.]],Holiday[Holidays])-1,"") -> 13 | Y27: =IF(AND(MainTracker[[#This Row],[Completion date.]]>=45139,MainTracker[[#This Row],[Status]]="10 - Complete"),COUNTA(MainTracker[[#This Row],[Comments Issued 1 (include Date)]],MainTracker[[#This Row],[Comments 2 (include Date)]],MainTracker[[#This Row],[Comment 3 (include Date)]],MainTracker[[#This Row],[Comment 4 (include Date)]]),"") -> 0 | Z27: =IF(AND(MainTracker[[#This Row],[Completion date.]]>=45139,MainTracker[[#This Row],[Status]]="10 - Complete",MainTracker[[#This Row],[Compliant source file received on (Date)]]<>""),MainTracker[[#This Row],[Compliant source file received on (Date)]]-MainTracker[[#This Row],[Request sent on (Date)]],"")
A28: =_xlfn.IFNA(INDEX(Table3[],MATCH(MainTracker[[#This Row],[IDR / UFDR]],Table3[Pack],0),1),"") | B28: 214.04 | C28: HS2-000001307 | D28: HS2-000001307 - Bridleway QUA/36 Accommodation Green Overbridge | E28: 1MC06-CEK-BR-FRM-CS05-000002 | F28: P06 | G28: 45240 | H28: 45273 | K28: 1MC06-CEK-IM-DAT-CS05-600115 | M28: Wrong HS2 Asset Class, send back on 14th Nov | O28: Com_Type issue, send back on 18th Dec | U28: 99 - Cancelled | V28: Supriyan | W28: Fowler, Alex <alex.fowler@arcadis.com> | X28: =IF(AND(MainTracker[[#This Row],[Completion date.]]>=45139,MainTracker[[#This Row],[Status]]="10 - Complete"),NETWORKDAYS(MAX(MainTracker[[#This Row],[Request sent on (Date)]:[Compliant source file received on (Date)]]),MainTracker[[#This Row],[Completion date.]],Holiday[Holidays])-1,"") | Y28: =IF(AND(MainTracker[[#This Row],[Completion date.]]>=45139,MainTracker[[#This Row],[Status]]="10 - Complete"),COUNTA(MainTracker[[#This Row],[Comments Issued 1 (include Date)]],MainTracker[[#This Row],[Comments 2 (include Date)]],MainTracker[[#This Row],[Comment 3 (include Date)]],MainTracker[[#This Row],[Comment 4 (include Date)]]),"") | Z28: =IF(AND(MainTracker[[#This Row],[Completion date.]]>=45139,MainTracker[[#This Row],[Status]]="10 - Complete",MainTracker[[#This Row],[Compliant source file received on (Date)]]<>""),MainTracker[[#This Row],[Compliant source file received on (Date)]]-MainTracker[[#This Row],[Request sent on (Date)]],"")
A29: =_xlfn.IFNA(INDEX(Table3[],MATCH(MainTracker[[#This Row],[IDR / UFDR]],Table3[Pack],0),1),"") | B29: 236.03 | C29: HS2-000020P08 | D29: Bridleway SM116 Realignment | E29: 1MC07-ASC-HW-FRM-CS07_CL23-000031-ACBOS | F29: P01 | G29: 45243 | H29: 45250 | I29: 45252 | K29: 1MC07-CEK-IM-DAT-CS07_CL23-600046 | M29: DsgnLf incomplete / Sdlsp spaces / Com_typs | O29: revised file rcvd 20-11-23 | U29: 10 - Complete | V29: Lee | W29: Tanseco, Marco <MarcoAntonio.Tanseco@arcadis.com> | X29: =IF(AND(MainTracker[[#This Row],[Completion date.]]>=45139,MainTracker[[#This Row],[Status]]="10 - Complete"),NETWORKDAYS(MAX(MainTracker[[#This Row],[Request sent on (Date)]:[Compliant source file received on (Date)]]),MainTracker[[#This Row],[Completion date.]],Holiday[Holidays])-1,"") -> 2 | Y29: =IF(AND(MainTracker[[#This Row],[Completion date.]]>=45139,MainTracker[[#This Row],[Status]]="10 - Complete"),COUNTA(MainTracker[[#This Row],[Comments Issued 1 (include Date)]],MainTracker[[#This Row],[Comments 2 (include Date)]],MainTracker[[#This Row],[Comment 3 (include Date)]],MainTracker[[#This Row],[Comment 4 (include Date)]]),"") -> 2 | Z29: =IF(AND(MainTracker[[#This Row],[Completion date.]]>=45139,MainTracker[[#This Row],[Status]]="10 - Complete",MainTracker[[#This Row],[Compliant source file received on (Date)]]<>""),MainTracker[[#This Row],[Compliant source file received on (Date)]]-MainTracker[[#This Row],[Request sent on (Date)]],"") -> 7
A30: =_xlfn.IFNA(INDEX(Table3[],MATCH(MainTracker[[#This Row],[IDR / UFDR]],Table3[Pack],0),1),"") | B30: 236.03 | C30: HS2-000025B3J | D30: Accommodation Access Road (Under Oxford Canal Viaduct) | E30: 1MC07-ASC-HW-FRM-CS07_CL23-000039-ACBOS | F30: P01 | G30: 45243 | H30: 45245 | I30: 45246 | K30: 1MC07-CEK-IM-DAT-CS07_CL23-600047 | M30: ok Com_typ passable. | U30: 10 - Complete | V30: Lee | W30: Tanseco, Marco <MarcoAntonio.Tanseco@arcadis.com> | X30: =IF(AND(MainTracker[[#This Row],[Completion date.]]>=45139,MainTracker[[#This Row],[Status]]="10 - Complete"),NETWORKDAYS(MAX(MainTracker[[#This Row],[Request sent on (Date)]:[Compliant source file received on (Date)]]),MainTracker[[#This Row],[Completion date.]],Holiday[Holidays])-1,"") -> 1 | Y30: =IF(AND(MainTracker[[#This Row],[Completion date.]]>=45139,MainTracker[[#This Row],[Status]]="10 - Complete"),COUNTA(MainTracker[[#This Row],[Comments Issued 1 (include Date)]],MainTracker[[#This Row],[Comments 2 (include Date)]],MainTracker[[#This Row],[Comment 3 (include Date)]],MainTracker[[#This Row],[Comment 4 (include Date)]]),"") -> 1 | Z30: =IF(AND(MainTracker[[#This Row],[Completion date.]]>=45139,MainTracker[[#This Row],[Status]]="10 - Complete",MainTracker[[#This Row],[Compliant source file received on (Date)]]<>""),MainTracker[[#This Row],[Compliant source file received on (Date)]]-MainTracker[[#This Row],[Request sent on (Date)]],"") -> 2
A31: =_xlfn.IFNA(INDEX(Table3[],MATCH(MainTracker[[#This Row],[IDR / UFDR]],Table3[Pack],0),1),"") | B31: 235.01-2 | C31: HS2-00002CX3F | D31: Footpath SM101 Drainage System | E31: 1MC07-ASC-DR-FRM-CS07_CL14-000027-ACBOS | F31: P01 | G31: 45244 | H31: 45251 | K31: 1MC07-CEK-IM-DAT-CS07_CL14-600002 | M31: AssetName_2 / AssetDescription_2 / Com_typs all incorrect | O31: revised file 21-11-23 | U31: 99 - Cancelled | V31: Lee | W31: Kumar, Pranav <pranav.kumar@arcadis.com> | X31: =IF(AND(MainTracker[[#This Row],[Completion date.]]>=45139,MainTracker[[#This Row],[Status]]="10 - Complete"),NETWORKDAYS(MAX(MainTracker[[#This Row],[Request sent on (Date)]:[Compliant source file received on (Date)]]),MainTracker[[#This Row],[Completion date.]],Holiday[Holidays])-1,"") | Y31: =IF(AND(MainTracker[[#This Row],[Completion date.]]>=45139,MainTracker[[#This Row],[Status]]="10 - Complete"),COUNTA(MainTracker[[#This Row],[Comments Issued 1 (include Date)]],MainTracker[[#This Row],[Comments 2 (include Date)]],MainTracker[[#This Row],[Comment 3 (include Date)]],MainTracker[[#This Row],[Comment 4 (include Date)]]),"") | Z31: =IF(AND(MainTracker[[#This Row],[Completion date.]]>=45139,MainTracker[[#This Row],[Status]]="10 - Complete",MainTracker[[#This Row],[Compliant source file received on (Date)]]<>""),MainTracker[[#This Row],[Compliant source file received on (Date)]]-MainTracker[[#This Row],[Request sent on (Date)]],"")
A32: =_xlfn.IFNA(INDEX(Table3[],MATCH(MainTracker[[#This Row],[IDR / UFDR]],Table3[Pack],0),1),"") | B32: 218.02-1 | C32: HS2-00002NSXP | D32: OXD Security Fence Line | E32: 1MC06-ASC-CV-FRM-CS06_CL09-000083-ACBOS | F32: P01 | G32: 45244 | H32: 45245 | I32: 45246 | K32: 1MC06-CEK-IM-DAT-CS06_CL09-600180 | M32: Asset Name Mismatch, send back on 15-Nov-2023 | U32: 10 - Complete | V32: Supriyan | W32: Whyte, William <William.Whyte@arcadis.com> | X32: =IF(AND(MainTracker[[#This Row],[Completion date.]]>=45139,MainTracker[[#This Row],[Status]]="10 - Complete"),NETWORKDAYS(MAX(MainTracker[[#This Row],[Request sent on (Date)]:[Compliant source file received on (Date)]]),MainTracker[[#This Row],[Completion date.]],Holiday[Holidays])-1,"") -> 1 | Y32: =IF(AND(MainTracker[[#This Row],[Completion date.]]>=45139,MainTracker[[#This Row],[Status]]="10 - Complete"),COUNTA(MainTracker[[#This Row],[Comments Issued 1 (include Date)]],MainTracker[[#This Row],[Comments 2 (include Date)]],MainTracker[[#This Row],[Comment 3 (include Date)]],MainTracker[[#This Row],[Comment 4 (include Date)]]),"") -> 1 | Z32: =IF(AND(MainTracker[[#This Row],[Completion date.]]>=45139,MainTracker[[#This Row],[Status]]="10 - Complete",MainTracker[[#This Row],[Compliant source file received on (Date)]]<>""),MainTracker[[#This Row],[Compliant source file received on (Date)]]-MainTracker[[#This Row],[Request sent on (Date)]],"") -> 1
A33: =_xlfn.IFNA(INDEX(Table3[],MATCH(MainTracker[[#This Row],[IDR / UFDR]],Table3[Pack],0),1),"") | B33: 218.02-1 | C33: HS2-00002NSXQ | D33: OXD Boundary/ Perimeter Fence Line | E33: 1MC06-ASC-CV-FRM-CS06_CL09-000081-ACBOS | F33: P01 | G33: 45244 | H33: 45245 | I33: 45247 | K33: 1MC06-CEK-IM-DAT-CS06_CL09-600181 | M33: Asset Name Mismatch, send back on 15-Nov-2023 | U33: 10 - Complete | V33: Supriyan | W33: Whyte, William <William.Whyte@arcadis.com> | X33: =IF(AND(MainTracker[[#This Row],[Completion date.]]>=45139,MainTracker[[#This Row],[Status]]="10 - Complete"),NETWORKDAYS(MAX(MainTracker[[#This Row],[Request sent on (Date)]:[Compliant source file received on (Date)]]),MainTracker[[#This Row],[Completion date.]],Holiday[Holidays])-1,"") -> 2 | Y33: =IF(AND(MainTracker[[#This Row],[Completion date.]]>=45139,MainTracker[[#This Row],[Status]]="10 - Complete"),COUNTA(MainTracker[[#This Row],[Comments Issued 1 (include Date)]],MainTracker[[#This Row],[Comments 2 (include Date)]],MainTracker[[#This Row],[Comment 3 (include Date)]],MainTracker[[#This Row],[Comment 4 (include Date)]]),"") -> 1 | Z33: =IF(AND(MainTracker[[#This Row],[Completion date.]]>=45139,MainTracker[[#This Row],[Status]]="10 - Complete",MainTracker[[#This Row],[Compliant source file received on (Date)]]<>""),MainTracker[[#This Row],[Compliant source file received on (Date)]]-MainTracker[[#This Row],[Request sent on (Date)]],"") -> 1
A34: =_xlfn.IFNA(INDEX(Table3[],MATCH(MainTracker[[#This Row],[IDR / UFDR]],Table3[Pack],0),1),"") | B34: 202.5-4 | C34: HS2-00002Y8VP | D34: Grove Farm Culvert Attenuation Tank | E34: 1MC06-ASC-CV-FRM-CS03_CL06-000035-ACBOS | F34: P02 | G34: 45244 | H34: 45247 | I34: 45250 | K34: 1MC06-CEK-IM-DAT-CS03_CL06-600085 | M34: many confirmations and lots of imcomplete items. | O34: revised file rcvd 17-nov-23 | U34: 10 - Complete | V34: Lee | W34: Young, Sara <sara.young1@arcadis.com> | X34: =IF(AND(MainTracker[[#This Row],[Completion date.]]>=45139,MainTracker[[#This Row],[Status]]="10 - Complete"),NETWORKDAYS(MAX(MainTracker[[#This Row],[Request sent on (Date)]:[Compliant source file received on (Date)]]),MainTracker[[#This Row],[Completion date.]],Holiday[Holidays])-1,"") -> 1 | Y34: =IF(AND(MainTracker[[#This Row],[Completion date.]]>=45139,MainTracker[[#This Row],[Status]]="10 - Complete"),COUNTA(MainTracker[[#This Row],[Comments Issued 1 (include Date)]],MainTracker[[#This Row],[Comments 2 (include Date)]],MainTracker[[#This Row],[Comment 3 (include Date)]],MainTracker[[#This Row],[Comment 4 (include Date)]]),"") -> 2 | Z34: =IF(AND(MainTracker[[#This Row],[Completion date.]]>=45139,MainTracker[[#This Row],[Status]]="10 - Complete",MainTracker[[#This Row],[Compliant source file received on (Date)]]<>""),MainTracker[[#This Row],[Compliant source file received on (Date)]]-MainTracker[[#This Row],[Request sent on (Date)]],"") -> 3
A35: =_xlfn.IFNA(INDEX(Table3[],MATCH(MainTracker[[#This Row],[IDR / UFDR]],Table3[Pack],0),1),"") | B35: 220.5 | C35: HS2-00002Y4JH | D35: 084-AC2 Watercourse Diversion | E35: 1MC06-ASC-DR-FRM-CS06_CL10-000114-ACBOS | F35: P01 | G35: 45244 | H35: 45245 | I35: 45246 | K35: 1MC06-CEK-IM-DAT-CS06_CL10-600124 | M35: Wrong UAID_1, send back on 15th Nov | U35: 10 - Complete | V35: Supriyan | W35: Lorusso, Alberto <alberto.lorusso@arcadis.com> | X35: =IF(AND(MainTracker[[#This Row],[Completion date.]]>=45139,MainTracker[[#This Row],[Status]]="10 - Complete"),NETWORKDAYS(MAX(MainTracker[[#This Row],[Request sent on (Date)]:[Compliant source file received on (Date)]]),MainTracker[[#This Row],[Completion date.]],Holiday[Holidays])-1,"") -> 1 | Y35: =IF(AND(MainTracker[[#This Row],[Completion date.]]>=45139,MainTracker[[#This Row],[Status]]="10 - Complete"),COUNTA(MainTracker[[#This Row],[Comments Issued 1 (include Date)]],MainTracker[[#This Row],[Comments 2 (include Date)]],MainTracker[[#This Row],[Comment 3 (include Date)]],MainTracker[[#This Row],[Comment 4 (include Date)]]),"") -> 1 | Z35: =IF(AND(MainTracker[[#This Row],[Completion date.]]>=45139,MainTracker[[#This Row],[Status]]="10 - Complete",MainTracker[[#This Row],[Compliant source file received on (Date)]]<>""),MainTracker[[#This Row],[Compliant source file received on (Date)]]-MainTracker[[#This Row],[Request sent on (Date)]],"") -> 1
A36: =_xlfn.IFNA(INDEX(Table3[],MATCH(MainTracker[[#This Row],[IDR / UFDR]],Table3[Pack],0),1),"") | B36: 211.1 | C36: HS2-00002BVG2 | D36: Waddesdon South Cutting Landscape Earthworks | E36: 1MC06-ASC-GT-FRM-CS04_CL20-000010-ACBOS | F36: P04 | G36: 45244 | H36: 45247 | I36: 45250 | K36: 1MC06-CEK-IM-DAT-CS04_CL20-600136 | M36: Send back queires on 15th Nov | U36: 10 - Complete | V36: Lee | W36: Agata Woroch <AGWO@cowi.com> | X36: =IF(AND(MainTracker[[#This Row],[Completion date.]]>=45139,MainTracker[[#This Row],[Status]]="10 - Complete"),NETWORKDAYS(MAX(MainTracker[[#This Row],[Request sent on (Date)]:[Compliant source file received on (Date)]]),MainTracker[[#This Row],[Completion date.]],Holiday[Holidays])-1,"") -> 1 | Y36: =IF(AND(MainTracker[[#This Row],[Completion date.]]>=45139,MainTracker[[#This Row],[Status]]="10 - Complete"),COUNTA(MainTracker[[#This Row],[Comments Issued 1 (include Date)]],MainTracker[[#This Row],[Comments 2 (include Date)]],MainTracker[[#This Row],[Comment 3 (include Date)]],MainTracker[[#This Row],[Comment 4 (include Date)]]),"") -> 1 | Z36: =IF(AND(MainTracker[[#This Row],[Completion date.]]>=45139,MainTracker[[#This Row],[Status]]="10 - Complete",MainTracker[[#This Row],[Compliant source file received on (Date)]]<>""),MainTracker[[#This Row],[Compliant source file received on (Date)]]-MainTracker[[#This Row],[Request sent on (Date)]],"") -> 3
A37: =_xlfn.IFNA(INDEX(Table3[],MATCH(MainTracker[[#This Row],[IDR / UFDR]],Table3[Pack],0),1),"") | B37: 215.02-2 | C37: HS2-00002CX36 | D37: Civil 3D Solids Model - P-RAI-0799 | E37: 1MC06-ASC-DR-FRM-CS06_CL09-000037-ACBOS | F37: P01 | G37: 45245 | H37: 45247 | K37: 1MC06-CEK-IM-DAT-CS06_CL09-600209 | M37: PCRA workflow not completed, send back on 16th Nov | O37: Many erroers, send back on 17th Nov | U37: 99 - Cancelled | V37: Supriyan | W37: samar.nouma@setec.com | X37: =IF(AND(MainTracker[[#This Row],[Completion date.]]>=45139,MainTracker[[#This Row],[Status]]="10 - Complete"),NETWORKDAYS(MAX(MainTracker[[#This Row],[Request sent on (Date)]:[Compliant source file received on (Date)]]),MainTracker[[#This Row],[Completion date.]],Holiday[Holidays])-1,"") | Y37: =IF(AND(MainTracker[[#This Row],[Completion date.]]>=45139,MainTracker[[#This Row],[Status]]="10 - Complete"),COUNTA(MainTracker[[#This Row],[Comments Issued 1 (include Date)]],MainTracker[[#This Row],[Comments 2 (include Date)]],MainTracker[[#This Row],[Comment 3 (include Date)]],MainTracker[[#This Row],[Comment 4 (include Date)]]),"") | Z37: =IF(AND(MainTracker[[#This Row],[Completion date.]]>=45139,MainTracker[[#This Row],[Status]]="10 - Complete",MainTracker[[#This Row],[Compliant source file received on (Date)]]<>""),MainTracker[[#This Row],[Compliant source file received on (Date)]]-MainTracker[[#This Row],[Request sent on (Date)]],"")
A38: =_xlfn.IFNA(INDEX(Table3[],MATCH(MainTracker[[#This Row],[IDR / UFDR]],Table3[Pack],0),1),"") | B38: 215.02-2 | C38: HS2-00002CT8V | D38: Civil 3D Solids Model - P-RAI-0786 | E38: 1MC06-ASC-DR-FRM-CS06_CL09-000035-ACBOS | F38: P01 | G38: 45245 | I38: 45251 | K38: 1MC06-CEK-IM-DAT-CS06_CL09-600199 | M38: PCRA workflow not completed, send back on 16th Nov | U38: 10 - Complete | V38: Supriyan | W38: samar.nouma@setec.com | X38: =IF(AND(MainTracker[[#This Row],[Completion date.]]>=45139,MainTracker[[#This Row],[Status]]="10 - Complete"),NETWORKDAYS(MAX(MainTracker[[#This Row],[Request sent on (Date)]:[Compliant source file received on (Date)]]),MainTracker[[#This Row],[Completion date.]],Holiday[Holidays])-1,"") -> 4 | Y38: =IF(AND(MainTracker[[#This Row],[Completion date.]]>=45139,MainTracker[[#This Row],[Status]]="10 - Complete"),COUNTA(MainTracker[[#This Row],[Comments Issued 1 (include Date)]],MainTracker[[#This Row],[Comments 2 (include Date)]],MainTracker[[#This Row],[Comment 3 (include Date)]],MainTracker[[#This Row],[Comment 4 (include Date)]]),"") -> 1 | Z38: =IF(AND(MainTracker[[#This Row],[Completion date.]]>=45139,MainTracker[[#This Row],[Status]]="10 - Complete",MainTracker[[#This Row],[Compliant source file received on (Date)]]<>""),MainTracker[[#This Row],[Compliant source file received on (Date)]]-MainTracker[[#This Row],[Request sent on (Date)]],"")
A39: =_xlfn.IFNA(INDEX(Table3[],MATCH(MainTracker[[#This Row],[IDR / UFDR]],Table3[Pack],0),1),"") | B39: 215.02-2 | C39: HS2-00002CX35 | D39: Civil 3D Solids Model - P-RAI-0795 | E39: 1MC06-ASC-DR-FRM-CS06_CL09-000011-ACBOS | F39: P01 | G39: 45245 | H39: 45246 | K39: 1MC06-CEK-IM-DAT-CS06_CL09-600220 | M39: PCRA workflow not completed, send back on 16th Nov | U39: 99 - Cancelled | V39: Supriyan | W39: samar.nouma@setec.com | X39: =IF(AND(MainTracker[[#This Row],[Completion date.]]>=45139,MainTracker[[#This Row],[Status]]="10 - Complete"),NETWORKDAYS(MAX(MainTracker[[#This Row],[Request sent on (Date)]:[Compliant source file received on (Date)]]),MainTracker[[#This Row],[Completion date.]],Holiday[Holidays])-1,"") | Y39: =IF(AND(MainTracker[[#This Row],[Completion date.]]>=45139,MainTracker[[#This Row],[Status]]="10 - Complete"),COUNTA(MainTracker[[#This Row],[Comments Issued 1 (include Date)]],MainTracker[[#This Row],[Comments 2 (include Date)]],MainTracker[[#This Row],[Comment 3 (include Date)]],MainTracker[[#This Row],[Comment 4 (include Date)]]),"") | Z39: =IF(AND(MainTracker[[#This Row],[Completion date.]]>=45139,MainTracker[[#This Row],[Status]]="10 - Complete",MainTracker[[#This Row],[Compliant source file received on (Date)]]<>""),MainTracker[[#This Row],[Compliant source file received on (Date)]]-MainTracker[[#This Row],[Request sent on (Date)]],"")
A40: =_xlfn.IFNA(INDEX(Table3[],MATCH(MainTracker[[#This Row],[IDR / UFDR]],Table3[Pack],0),1),"") | B40: 211.1 | C40: HS2-000001036 | D40: Waddesdon South Cutting Phase 2 (Full Package) L3 - Waddesdon South Cutting | E40: 1MC06-ASC-GT-FRM-CS04_CL20-000005-ACBOS | F40: P04 | G40: 45246 | H40: 45246 | I40: 45247 | K40: 1MC06-CEK-IM-DAT-CS04_CL20-600132 | M40: Send back on 13-Nov-23, duplicate record found | U40: 10 - Complete | V40: Supriyan | W40: Agata Woroch <AGWO@cowi.com> | X40: =IF(AND(MainTracker[[#This Row],[Completion date.]]>=45139,MainTracker[[#This Row],[Status]]="10 - Complete"),NETWORKDAYS(MAX(MainTracker[[#This Row],[Request sent on (Date)]:[Compliant source file received on (Date)]]),MainTracker[[#This Row],[Completion date.]],Holiday[Holidays])-1,"") -> 1 | Y40: =IF(AND(MainTracker[[#This Row],[Completion date.]]>=45139,MainTracker[[#This Row],[Status]]="10 - Complete"),COUNTA(MainTracker[[#This Row],[Comments Issued 1 (include Date)]],MainTracker[[#This Row],[Comments 2 (include Date)]],MainTracker[[#This Row],[Comment 3 (include Date)]],MainTracker[[#This Row],[Comment 4 (include Date)]]),"") -> 1 | Z40: =IF(AND(MainTracker[[#This Row],[Completion date.]]>=45139,MainTracker[[#This Row],[Status]]="10 - Complete",MainTracker[[#This Row],[Compliant source file received on (Date)]]<>""),MainTracker[[#This Row],[Compliant source file received on (Date)]]-MainTracker[[#This Row],[Request sent on (Date)]],"") -> 0
A41: =_xlfn.IFNA(INDEX(Table3[],MATCH(MainTracker[[#This Row],[IDR / UFDR]],Table3[Pack],0),1),"") | B41: 209.2-2 | C41: HS2-00002Y0AS | D41: Bear Brook Overflow Watercourse Diversion | E41: 1MC06-ASC-DR-FRM-CS04_CL19-000049-ACBOS | F41: P01 | G41: 45247 | H41: 45258 | I41: 45259 | K41: 1MC06-CEK-IM-DAT-CS04_CL19-600049 | M41: AssetDescription_2 incorrect on all assets and Cats. | O41: DT revising MPDT to WT-OW Ordinary watercourse for AssetDescription_2 22-Nov-23 | Q41: updated 28-Nov-23. | U41: 10 - Complete | V41: Lee | W41: C, Venkatesh <venkatesh.chavan@arcadis.com> | X41: =IF(AND(MainTracker[[#This Row],[Completion date.]]>=45139,MainTracker[[#This Row],[Status]]="10 - Complete"),NETWORKDAYS(MAX(MainTracker[[#This Row],[Request sent on (Date)]:[Compliant source file received on (Date)]]),MainTracker[[#This Row],[Completion date.]],Holiday[Holidays])-1,"") -> 1 | Y41: =IF(AND(MainTracker[[#This Row],[Completion date.]]>=45139,MainTracker[[#This Row],[Status]]="10 - Complete"),COUNTA(MainTracker[[#This Row],[Comments Issued 1 (include Date)]],MainTracker[[#This Row],[Comments 2 (include Date)]],MainTracker[[#This Row],[Comment 3 (include Date)]],MainTracker[[#This Row],[Comment 4 (include Date)]]),"") -> 3 | Z41: =IF(AND(MainTracker[[#This Row],[Completion date.]]>=45139,MainTracker[[#This Row],[Status]]="10 - Complete",MainTracker[[#This Row],[Compliant source file received on (Date)]]<>""),MainTracker[[#This Row],[Compliant source file received on (Date)]]-MainTracker[[#This Row],[Request sent on (Date)]],"") -> 11
A42: =_xlfn.IFNA(INDEX(Table3[],MATCH(MainTracker[[#This Row],[IDR / UFDR]],Table3[Pack],0),1),"") | B42: 236.01 | C42: HS2-00003B5AL | D42: Oxford Canal South Embankment Access Stairs to Culvert Up Main | E42: 1MC07-ASC-CV-FRM-CS07_CL23-000062-ACBOS | F42: P01 | G42: 45247 | I42: 45251 | K42: 1MC07-CEK-IM-DAT-CS07_CL23-600111 | U42: 10 - Complete | V42: Supriyan | W42: chris.gilmour@fairhurst.co.uk | X42: =IF(AND(MainTracker[[#This Row],[Completion date.]]>=45139,MainTracker[[#This Row],[Status]]="10 - Complete"),NETWORKDAYS(MAX(MainTracker[[#This Row],[Request sent on (Date)]:[Compliant source file received on (Date)]]),MainTracker[[#This Row],[Completion date.]],Holiday[Holidays])-1,"") -> 2 | Y42: =IF(AND(MainTracker[[#This Row],[Completion date.]]>=45139,MainTracker[[#This Row],[Status]]="10 - Complete"),COUNTA(MainTracker[[#This Row],[Comments Issued 1 (include Date)]],MainTracker[[#This Row],[Comments 2 (include Date)]],MainTracker[[#This Row],[Comment 3 (include Date)]],MainTracker[[#This Row],[Comment 4 (include Date)]]),"") -> 0 | Z42: =IF(AND(MainTracker[[#This Row],[Completion date.]]>=45139,MainTracker[[#This Row],[Status]]="10 - Complete",MainTracker[[#This Row],[Compliant source file received on (Date)]]<>""),MainTracker[[#This Row],[Compliant source file received on (Date)]]-MainTracker[[#This Row],[Request sent on (Date)]],"")
A43: =_xlfn.IFNA(INDEX(Table3[],MATCH(MainTracker[[#This Row],[IDR / UFDR]],Table3[Pack],0),1),"") | B43: 236.01 | C43: HS2-00002V04G | D43: Oxford Canal South Embankment Access Stairs to Culvert Up Main | E43: 1MC07-ASC-CV-FRM-CS07_CL23-000067-ACBOS | F43: P02 | G43: 45247 | H43: 45247 | I43: 45251 | K43: 1MC07-CEK-IM-DAT-CS07_CL23-600108 | U43: 10 - Complete | V43: Lee | W43: Chris Gilmour <chris.gilmour@fairhurst.co.uk> | X43: =IF(AND(MainTracker[[#This Row],[Completion date.]]>=45139,MainTracker[[#This Row],[Status]]="10 - Complete"),NETWORKDAYS(MAX(MainTracker[[#This Row],[Request sent on (Date)]:[Compliant source file received on (Date)]]),MainTracker[[#This Row],[Completion date.]],Holiday[Holidays])-1,"") -> 2 | Y43: =IF(AND(MainTracker[[#This Row],[Completion date.]]>=45139,MainTracker[[#This Row],[Status]]="10 - Complete"),COUNTA(MainTracker[[#This Row],[Comments Issued 1 (include Date)]],MainTracker[[#This Row],[Comments 2 (include Date)]],MainTracker[[#This Row],[Comment 3 (include Date)]],MainTracker[[#This Row],[Comment 4 (include Date)]]),"") -> 0 | Z43: =IF(AND(MainTracker[[#This Row],[Completion date.]]>=45139,MainTracker[[#This Row],[Status]]="10 - Complete",MainTracker[[#This Row],[Compliant source file received on (Date)]]<>""),MainTracker[[#This Row],[Compliant source file received on (Date)]]-MainTracker[[#This Row],[Request sent on (Date)]],"") -> 0
A44: =_xlfn.IFNA(INDEX(Table3[],MATCH(MainTracker[[#This Row],[IDR / UFDR]],Table3[Pack],0),1),"") | B44: 230.01 | C44: HS2-000020NW9 | D44: Maintenance Access Road to Pond (Off Banbury Lane SW) | E44: 1MC07-ASC-HW-FRM-CS07_CL26-000028-ACBOS | F44: P04 | G44: 45247 | H44: 45251 | I44: 45253 | K44: 1MC07-CEK-IM-DAT-CS07_CL26-600010 | M44: clarifications | O44: revised file 21-11-23 | Q44: data checker seeminlgy stuck with old JSON, current one uploaded at 10.19 this morning | U44: 10 - Complete | V44: Lee | W44: Tanseco, Marco <MarcoAntonio.Tanseco@arcadis.com> | X44: =IF(AND(MainTracker[[#This Row],[Completion date.]]>=45139,MainTracker[[#This Row],[Status]]="10 - Complete"),NETWORKDAYS(MAX(MainTracker[[#This Row],[Request sent on (Date)]:[Compliant source file received on (Date)]]),MainTracker[[#This Row],[Completion date.]],Holiday[Holidays])-1,"") -> 2 | Y44: =IF(AND(MainTracker[[#This Row],[Completion date.]]>=45139,MainTracker[[#This Row],[Status]]="10 - Complete"),COUNTA(MainTracker[[#This Row],[Comments Issued 1 (include Date)]],MainTracker[[#This Row],[Comments 2 (include Date)]],MainTracker[[#This Row],[Comment 3 (include Date)]],MainTracker[[#This Row],[Comment 4 (include Date)]]),"") -> 3 | Z44: =IF(AND(MainTracker[[#This Row],[Completion date.]]>=45139,MainTracker[[#This Row],[Status]]="10 - Complete",MainTracker[[#This Row],[Compliant source file received on (Date)]]<>""),MainTracker[[#This Row],[Compliant source file received on (Date)]]-MainTracker[[#This Row],[Request sent on (Date)]],"") -> 4
A45: =_xlfn.IFNA(INDEX(Table3[],MATCH(MainTracker[[#This Row],[IDR / UFDR]],Table3[Pack],0),1),"") | B45: 204.2 | C45: HS2-000001399 | D45: Mill House South Culvert | E45: 1MC06-ASC-CV-FRM-CS03_CL17-000025-ACBOS | F45: P02 | G45: 45247 | H45: 45250 | I45: 45251 | K45: 1MC06-CEK-IM-DAT-CS03_CL17-600007 | M45: clarifications | O45: revised file 20-11-23 | Q45: need placeholder. | U45: 10 - Complete | V45: Lee | W45: Sangalang, Orlando <orlando.sangalang@arcadis.com> | X45: =IF(AND(MainTracker[[#This Row],[Completion date.]]>=45139,MainTracker[[#This Row],[Status]]="10 - Complete"),NETWORKDAYS(MAX(MainTracker[[#This Row],[Request sent on (Date)]:[Compliant source file received on (Date)]]),MainTracker[[#This Row],[Completion date.]],Holiday[Holidays])-1,"") -> 1 | Y45: =IF(AND(MainTracker[[#This Row],[Completion date.]]>=45139,MainTracker[[#This Row],[Status]]="10 - Complete"),COUNTA(MainTracker[[#This Row],[Comments Issued 1 (include Date)]],MainTracker[[#This Row],[Comments 2 (include Date)]],MainTracker[[#This Row],[Comment 3 (include Date)]],MainTracker[[#This Row],[Comment 4 (include Date)]]),"") -> 3 | Z45: =IF(AND(MainTracker[[#This Row],[Completion date.]]>=45139,MainTracker[[#This Row],[Status]]="10 - Complete",MainTracker[[#This Row],[Compliant source file received on (Date)]]<>""),MainTracker[[#This Row],[Compliant source file received on (Date)]]-MainTracker[[#This Row],[Request sent on (Date)]],"") -> 3
A46: =_xlfn.IFNA(INDEX(Table3[],MATCH(MainTracker[[#This Row],[IDR / UFDR]],Table3[Pack],0),1),"") | B46: 218.02-1 | C46: HS2-00002TMWU | D46: Calvert IMD Crossover UTX No 1 | E46: 1MC06-ASC-CV-FRM-CS06_CL10-000056-ACBOS | F46: P01 | G46: 45250 | H46: 45252 | I46: 45252 | K46: 1MC06-CEK-IM-DAT-CS06_CL10-600036 | M46: revised file rcvd 21-11-23 | O46: revised file 22-11-23 | U46: 10 - Complete | V46: lee | W46: Mehta, Jeet <jeet.mehta@arcadis.com> | X46: =IF(AND(MainTracker[[#This Row],[Completion date.]]>=45139,MainTracker[[#This Row],[Status]]="10 - Complete"),NETWORKDAYS(MAX(MainTracker[[#This Row],[Request sent on (Date)]:[Compliant source file received on (Date)]]),MainTracker[[#This Row],[Completion date.]],Holiday[Holidays])-1,"") -> 0 | Y46: =IF(AND(MainTracker[[#This Row],[Completion date.]]>=45139,MainTracker[[#This Row],[Status]]="10 - Complete"),COUNTA(MainTracker[[#This Row],[Comments Issued 1 (include Date)]],MainTracker[[#This Row],[Comments 2 (include Date)]],MainTracker[[#This Row],[Comment 3 (include Date)]],MainTracker[[#This Row],[Comment 4 (include Date)]]),"") -> 2 | Z46: =IF(AND(MainTracker[[#This Row],[Completion date.]]>=45139,MainTracker[[#This Row],[Status]]="10 - Complete",MainTracker[[#This Row],[Compliant source file received on (Date)]]<>""),MainTracker[[#This Row],[Compliant source file received on (Date)]]-MainTracker[[#This Row],[Request sent on (Date)]],"") -> 2
A47: =_xlfn.IFNA(INDEX(Table3[],MATCH(MainTracker[[#This Row],[IDR / UFDR]],Table3[Pack],0),1),"") | B47: 218.02-1 | C47: HS2-00002TMWV | D47: Calvert IMD Crossover UTX No 2 | E47: 1MC06-ASC-CV-FRM-CS06_CL10-000057-ACBOS | F47: P01 | G47: 45250 | H47: 45252 | I47: 45253 | K47: 1MC06-CEK-IM-DAT-CS06_CL10-600041 | M47: revised file rcvd 21-11-23 | O47: revised file 22-11-23 | U47: 10 - Complete | V47: lee | W47: Mehta, Jeet <jeet.mehta@arcadis.com> | X47: =IF(AND(MainTracker[[#This Row],[Completion date.]]>=45139,MainTracker[[#This Row],[Status]]="10 - Complete"),NETWORKDAYS(MAX(MainTracker[[#This Row],[Request sent on (Date)]:[Compliant source file received on (Date)]]),MainTracker[[#This Row],[Completion date.]],Holiday[Holidays])-1,"") -> 1 | Y47: =IF(AND(MainTracker[[#This Row],[Completion date.]]>=45139,MainTracker[[#This Row],[Status]]="10 - Complete"),COUNTA(MainTracker[[#This Row],[Comments Issued 1 (include Date)]],MainTracker[[#This Row],[Comments 2 (include Date)]],MainTracker[[#This Row],[Comment 3 (include Date)]],MainTracker[[#This Row],[Comment 4 (include Date)]]),"") -> 2 | Z47: =IF(AND(MainTracker[[#This Row],[Completion date.]]>=45139,MainTracker[[#This Row],[Status]]="10 - Complete",MainTracker[[#This Row],[Compliant source file received on (Date)]]<>""),MainTracker[[#This Row],[Compliant source file received on (Date)]]-MainTracker[[#This Row],[Request sent on (Date)]],"") -> 2
A48: =_xlfn.IFNA(INDEX(Table3[],MATCH(MainTracker[[#This Row],[IDR / UFDR]],Table3[Pack],0),1),"") | B48: 218.02-1 | C48: HS2-00002TMWW | D48: Calvert IMD Crossover UTX No 3 | E48: 1MC06-ASC-CV-FRM-CS06_CL10-000058-ACBOS | F48: P01 | G48: 45250 | H48: 45252 | I48: 45253 | K48: 1MC06-CEK-IM-DAT-CS06_CL10-600040 | M48: revised file rcvd 21-11-23 | O48: revised file 22-11-23 | Q48: 2 missing StrctrlIT in PCE | U48: 10 - Complete | V48: lee | W48: Mehta, Jeet <jeet.mehta@arcadis.com> | X48: =IF(AND(MainTracker[[#This Row],[Completion date.]]>=45139,MainTracker[[#This Row],[Status]]="10 - Complete"),NETWORKDAYS(MAX(MainTracker[[#This Row],[Request sent on (Date)]:[Compliant source file received on (Date)]]),MainTracker[[#This Row],[Completion date.]],Holiday[Holidays])-1,"") -> 1 | Y48: =IF(AND(MainTracker[[#This Row],[Completion date.]]>=45139,MainTracker[[#This Row],[Status]]="10 - Complete"),COUNTA(MainTracker[[#This Row],[Comments Issued 1 (include Date)]],MainTracker[[#This Row],[Comments 2 (include Date)]],MainTracker[[#This Row],[Comment 3 (include Date)]],MainTracker[[#This Row],[Comment 4 (include Date)]]),"") -> 3 | Z48: =IF(AND(MainTracker[[#This Row],[Completion date.]]>=45139,MainTracker[[#This Row],[Status]]="10 - Complete",MainTracker[[#This Row],[Compliant source file received on (Date)]]<>""),MainTracker[[#This Row],[Compliant source file received on (Date)]]-MainTracker[[#This Row],[Request sent on (Date)]],"") -> 2
A49: =_xlfn.IFNA(INDEX(Table3[],MATCH(MainTracker[[#This Row],[IDR / UFDR]],Table3[Pack],0),1),"") | B49: 213.01-1 | C49: HS2-00002CW1G | D49: Station Road Drainage System | E49: 1MC06-ASC-DR-FRM-CS04_CL20-000014-ACBOS | F49: P01 | G49: 45250 | H49: 45252 | I49: 45252 | K49: 1MC06-CEK-IM-DAT-CS04_CL20-600007 | M49: CM_ISCI 1 value set as YES | O49: fixed 22-11-23 | U49: 10 - Complete | V49: Lee | W49: Quadery, Riad <riad.quadery@arcadis.com> | X49: =IF(AND(MainTracker[[#This Row],[Completion date.]]>=45139,MainTracker[[#This Row],[Status]]="10 - Complete"),NETWORKDAYS(MAX(MainTracker[[#This Row],[Request sent on (Date)]:[Compliant source file received on (Date)]]),MainTracker[[#This Row],[Completion date.]],Holiday[Holidays])-1,"") -> 0 | Y49: =IF(AND(MainTracker[[#This Row],[Completion date.]]>=45139,MainTracker[[#This Row],[Status]]="10 - Complete"),COUNTA(MainTracker[[#This Row],[Comments Issued 1 (include Date)]],MainTracker[[#This Row],[Comments 2 (include Date)]],MainTracker[[#This Row],[Comment 3 (include Date)]],MainTracker[[#This Row],[Comment 4 (include Date)]]),"") -> 2 | Z49: =IF(AND(MainTracker[[#This Row],[Completion date.]]>=45139,MainTracker[[#This Row],[Status]]="10 - Complete",MainTracker[[#This Row],[Compliant source file received on (Date)]]<>""),MainTracker[[#This Row],[Compliant source file received on (Date)]]-MainTracker[[#This Row],[Request sent on (Date)]],"") -> 2
A50: =_xlfn.IFNA(INDEX(Table3[],MATCH(MainTracker[[#This Row],[IDR / UFDR]],Table3[Pack],0),1),"") | B50: 218.02-1 | C50: HS2-00002KRAM | D50: IMD East Culvert Watercourse Diversion | E50: 1MC06-ASC-DR-FRM-CS06_CL09-000097-ACBOS | F50: P03 | G50: 45251 | H50: 45251 | I50: 45251 | K50: 1MC06-CEK-IM-DAT-CS06_CL09-600166 | U50: 10 - Complete | V50: Supriyan | W50: YashwanthKumar.S.Somashekar@arcadis.com | X50: =IF(AND(MainTracker[[#This Row],[Completion date.]]>=45139,MainTracker[[#This Row],[Status]]="10 - Complete"),NETWORKDAYS(MAX(MainTracker[[#This Row],[Request sent on (Date)]:[Compliant source file received on (Date)]]),MainTracker[[#This Row],[Completion date.]],Holiday[Holidays])-1,"") -> 0 | Y50: =IF(AND(MainTracker[[#This Row],[Completion date.]]>=45139,MainTracker[[#This Row],[Status]]="10 - Complete"),COUNTA(MainTracker[[#This Row],[Comments Issued 1 (include Date)]],MainTracker[[#This Row],[Comments 2 (include Date)]],MainTracker[[#This Row],[Comment 3 (include Date)]],MainTracker[[#This Row],[Comment 4 (include Date)]]),"") -> 0 | Z50: =IF(AND(MainTracker[[#This Row],[Completion date.]]>=45139,MainTracker[[#This Row],[Status]]="10 - Complete",MainTracker[[#This Row],[Compliant source file received on (Date)]]<>""),MainTracker[[#This Row],[Compliant source file received on (Date)]]-MainTracker[[#This Row],[Request sent on (Date)]],"") -> 0
A51: =_xlfn.IFNA(INDEX(Table3[],MATCH(MainTracker[[#This Row],[IDR / UFDR]],Table3[Pack],0),1),"") | B51: 218.02-1 | C51: HS2-00002KRAL | D51: IMD West Culvert Watercourse Diversion | E51: 1MC06-ASC-DR-FRM-CS06_CL09-000098-ACBOS | F51: P03 | G51: 45251 | H51: 45254 | I51: 45257 | K51: 1MC06-CEK-IM-DAT-CS06_CL09-600169 | M51: Feedbacks provided on 23rd | O51: revised file 24-11-23 | Q51: Some discipline items updated in house - ACBOS - SQL - JSON complete - uploaded to PW for PCRA 27-Nov-23 | U51: 10 - Complete | V51: Lee | W51: Tiwari, Devendrakumar <devendrakumar.tiwari@arcadis.com> | X51: =IF(AND(MainTracker[[#This Row],[Completion date.]]>=45139,MainTracker[[#This Row],[Status]]="10 - Complete"),NETWORKDAYS(MAX(MainTracker[[#This Row],[Request sent on (Date)]:[Compliant source file received on (Date)]]),MainTracker[[#This Row],[Completion date.]],Holiday[Holidays])-1,"") -> 1 | Y51: =IF(AND(MainTracker[[#This Row],[Completion date.]]>=45139,MainTracker[[#This Row],[Status]]="10 - Complete"),COUNTA(MainTracker[[#This Row],[Comments Issued 1 (include Date)]],MainTracker[[#This Row],[Comments 2 (include Date)]],MainTracker[[#This Row],[Comment 3 (include Date)]],MainTracker[[#This Row],[Comment 4 (include Date)]]),"") -> 3 | Z51: =IF(AND(MainTracker[[#This Row],[Completion date.]]>=45139,MainTracker[[#This Row],[Status]]="10 - Complete",MainTracker[[#This Row],[Compliant source file received on (Date)]]<>""),MainTracker[[#This Row],[Compliant source file received on (Date)]]-MainTracker[[#This Row],[Request sent on (Date)]],"") -> 3
A52: =_xlfn.IFNA(INDEX(Table3[],MATCH(MainTracker[[#This Row],[IDR / UFDR]],Table3[Pack],0),1),"") | B52: 236.01 | C52: HS2-00003B5AM | D52: Oxford Canal South Embankment Access Stairs to Underpass Down Main | E52: 1MC07-ASC-CV-FRM-CS07_CL23-000063-ACBOS | F52: P01 | G52: 45251 | H52: 45253 | I52: 45253 | K52: 1MC07-CEK-IM-DAT-CS07_CL23-600112 | M52: rebar / block work contradictions in STW | O52: DT confirmed this is expected | U52: 10 - Complete | V52: Lee | W52: Chris Gilmour <chris.gilmour@fairhurst.co.uk> | X52: =IF(AND(MainTracker[[#This Row],[Completion date.]]>=45139,MainTracker[[#This Row],[Status]]="10 - Complete"),NETWORKDAYS(MAX(MainTracker[[#This Row],[Request sent on (Date)]:[Compliant source file received on (Date)]]),MainTracker[[#This Row],[Completion date.]],Holiday[Holidays])-1,"") -> 0 | Y52: =IF(AND(MainTracker[[#This Row],[Completion date.]]>=45139,MainTracker[[#This Row],[Status]]="10 - Complete"),COUNTA(MainTracker[[#This Row],[Comments Issued 1 (include Date)]],MainTracker[[#This Row],[Comments 2 (include Date)]],MainTracker[[#This Row],[Comment 3 (include Date)]],MainTracker[[#This Row],[Comment 4 (include Date)]]),"") -> 2 | Z52: =IF(AND(MainTracker[[#This Row],[Completion date.]]>=45139,MainTracker[[#This Row],[Status]]="10 - Complete",MainTracker[[#This Row],[Compliant source file received on (Date)]]<>""),MainTracker[[#This Row],[Compliant source file received on (Date)]]-MainTracker[[#This Row],[Request sent on (Date)]],"") -> 2
A53: =_xlfn.IFNA(INDEX(Table3[],MATCH(MainTracker[[#This Row],[IDR / UFDR]],Table3[Pack],0),1),"") | B53: 236.01 | C53: HS2-00003B5AP | D53: Oxford Canal South Embankment Access Stairs to Underpass Up Main | E53: 1MC07-ASC-CV-FRM-CS07_CL23-000064-ACBOS | F53: P01 | G53: 45251 | H53: 45251 | I53: 45253 | K53: 1MC07-CEK-IM-DAT-CS07_CL23-600113 | M53: rebar / block work contradictions in STW | O53: DT confirmed this is expected | U53: 10 - Complete | V53: Lee | W53: Chris Gilmour <chris.gilmour@fairhurst.co.uk> | X53: =IF(AND(MainTracker[[#This Row],[Completion date.]]>=45139,MainTracker[[#This Row],[Status]]="10 - Complete"),NETWORKDAYS(MAX(MainTracker[[#This Row],[Request sent on (Date)]:[Compliant source file received on (Date)]]),MainTracker[[#This Row],[Completion date.]],Holiday[Holidays])-1,"") -> 2 | Y53: =IF(AND(MainTracker[[#This Row],[Completion date.]]>=45139,MainTracker[[#This Row],[Status]]="10 - Complete"),COUNTA(MainTracker[[#This Row],[Comments Issued 1 (include Date)]],MainTracker[[#This Row],[Comments 2 (include Date)]],MainTracker[[#This Row],[Comment 3 (include Date)]],MainTracker[[#This Row],[Comment 4 (include Date)]]),"") -> 2 | Z53: =IF(AND(MainTracker[[#This Row],[Completion date.]]>=45139,MainTracker[[#This Row],[Status]]="10 - Complete",MainTracker[[#This Row],[Compliant source file received on (Date)]]<>""),MainTracker[[#This Row],[Compliant source file received on (Date)]]-MainTracker[[#This Row],[Request sent on (Date)]],"") -> 0
A54: =_xlfn.IFNA(INDEX(Table3[],MATCH(MainTracker[[#This Row],[IDR / UFDR]],Table3[Pack],0),1),"") | B54: 236.01 | C54: HS2-00003B5AR | D54: Oxford Canal South Embankment Access Stairs to Viaduct Down Main | E54: 1MC07-ASC-CV-FRM-CS07_CL23-000065-ACBOS | F54: P01 | G54: 45251 | H54: 45251 | I54: 45253 | K54: 1MC07-CEK-IM-DAT-CS07_CL23-600114 | M54: rebar / block work contradictions in STW | O54: DT confirmed this is expected | U54: 10 - Complete | V54: Lee | W54: Chris Gilmour <chris.gilmour@fairhurst.co.uk> | X54: =IF(AND(MainTracker[[#This Row],[Completion date.]]>=45139,MainTracker[[#This Row],[Status]]="10 - Complete"),NETWORKDAYS(MAX(MainTracker[[#This Row],[Request sent on (Date)]:[Compliant source file received on (Date)]]),MainTracker[[#This Row],[Completion date.]],Holiday[Holidays])-1,"") -> 2 | Y54: =IF(AND(MainTracker[[#This Row],[Completion date.]]>=45139,MainTracker[[#This Row],[Status]]="10 - Complete"),COUNTA(MainTracker[[#This Row],[Comments Issued 1 (include Date)]],MainTracker[[#This Row],[Comments 2 (include Date)]],MainTracker[[#This Row],[Comment 3 (include Date)]],MainTracker[[#This Row],[Comment 4 (include Date)]]),"") -> 2 | Z54: =IF(AND(MainTracker[[#This Row],[Completion date.]]>=45139,MainTracker[[#This Row],[Status]]="10 - Complete",MainTracker[[#This Row],[Compliant source file received on (Date)]]<>""),MainTracker[[#This Row],[Compliant source file received on (Date)]]-MainTracker[[#This Row],[Request sent on (Date)]],"") -> 0
A55: =_xlfn.IFNA(INDEX(Table3[],MATCH(MainTracker[[#This Row],[IDR / UFDR]],Table3[Pack],0),1),"") | B55: 236.01 | C55: HS2-00003B5AU | D55: Oxford Canal South Embankment Access Stairs to Viaduct Up Main | E55: 1MC07-ASC-CV-FRM-CS07_CL23-000066-ACBOS | F55: P01 | G55: 45251 | H55: 45253 | I55: 45253 | K55: 1MC07-CEK-IM-DAT-CS07_CL23-600115 | M55: rebar / block work contradictions in STW | O55: DT confirmed this is expected | U55: 10 - Complete | V55: Lee | W55: Chris Gilmour <chris.gilmour@fairhurst.co.uk> | X55: =IF(AND(MainTracker[[#This Row],[Completion date.]]>=45139,MainTracker[[#This Row],[Status]]="10 - Complete"),NETWORKDAYS(MAX(MainTracker[[#This Row],[Request sent on (Date)]:[Compliant source file received on (Date)]]),MainTracker[[#This Row],[Completion date.]],Holiday[Holidays])-1,"") -> 0 | Y55: =IF(AND(MainTracker[[#This Row],[Completion date.]]>=45139,MainTracker[[#This Row],[Status]]="10 - Complete"),COUNTA(MainTracker[[#This Row],[Comments Issued 1 (include Date)]],MainTracker[[#This Row],[Comments 2 (include Date)]],MainTracker[[#This Row],[Comment 3 (include Date)]],MainTracker[[#This Row],[Comment 4 (include Date)]]),"") -> 2 | Z55: =IF(AND(MainTracker[[#This Row],[Completion date.]]>=45139,MainTracker[[#This Row],[Status]]="10 - Complete",MainTracker[[#This Row],[Compliant source file received on (Date)]]<>""),MainTracker[[#This Row],[Compliant source file received on (Date)]]-MainTracker[[#This Row],[Request sent on (Date)]],"") -> 2
A56: =_xlfn.IFNA(INDEX(Table3[],MATCH(MainTracker[[#This Row],[IDR / UFDR]],Table3[Pack],0),1),"") | B56: 209.2-3 | C56: HS2-000020C0Z | D56: Flood Compensation Area-065 | E56: 1MC06-ASC-DR-FRM-CS04_CL19-000031-ACBOS | F56: P01 | G56: 45252 | H56: 45254 | I56: 45254 | K56: 1MC06-CEK-IM-DAT-CS04_CL19-600088 | M56: Few Errors, send back on 22nd Nov | U56: 10 - Complete | V56: Supriyan | W56: srinatha.ka@arcadis.com | X56: =IF(AND(MainTracker[[#This Row],[Completion date.]]>=45139,MainTracker[[#This Row],[Status]]="10 - Complete"),NETWORKDAYS(MAX(MainTracker[[#This Row],[Request sent on (Date)]:[Compliant source file received on (Date)]]),MainTracker[[#This Row],[Completion date.]],Holiday[Holidays])-1,"") -> 0 | Y56: =IF(AND(MainTracker[[#This Row],[Completion date.]]>=45139,MainTracker[[#This Row],[Status]]="10 - Complete"),COUNTA(MainTracker[[#This Row],[Comments Issued 1 (include Date)]],MainTracker[[#This Row],[Comments 2 (include Date)]],MainTracker[[#This Row],[Comment 3 (include Date)]],MainTracker[[#This Row],[Comment 4 (include Date)]]),"") -> 1 | Z56: =IF(AND(MainTracker[[#This Row],[Completion date.]]>=45139,MainTracker[[#This Row],[Status]]="10 - Complete",MainTracker[[#This Row],[Compliant source file received on (Date)]]<>""),MainTracker[[#This Row],[Compliant source file received on (Date)]]-MainTracker[[#This Row],[Request sent on (Date)]],"") -> 2
A57: =_xlfn.IFNA(INDEX(Table3[],MATCH(MainTracker[[#This Row],[IDR / UFDR]],Table3[Pack],0),1),"") | B57: 209.1 | C57: HS2-00002CT5T | D57: C2.T.30 | E57: 1MC06-ASC-DR-FRM-CS04_CL19-000007-ACBOS | F57: P04 | G57: 45252 | H57: 45252 | I57: 45252 | K57: 1MC06-CEK-IM-DAT-CS04_CL19-600046 | M57: DT failed DAC sign off - revised file. | O57: incorrect metrics | Q57: revised file rcvd | S57: at insistance from DT PM In house update to ACBOS made for 14 CM_chg / CRT values for consistancy and PCRA. Parent ACBOS will be updated tomorrow by DT to match | U57: 10 - Complete | V57: Lee | W57: Christopher Hackett <crht@cowi.com> | X57: =IF(AND(MainTracker[[#This Row],[Completion date.]]>=45139,MainTracker[[#This Row],[Status]]="10 - Complete"),NETWORKDAYS(MAX(MainTracker[[#This Row],[Request sent on (Date)]:[Compliant source file received on (Date)]]),MainTracker[[#This Row],[Completion date.]],Holiday[Holidays])-1,"") -> 0 | Y57: =IF(AND(MainTracker[[#This Row],[Completion date.]]>=45139,MainTracker[[#This Row],[Status]]="10 - Complete"),COUNTA(MainTracker[[#This Row],[Comments Issued 1 (include Date)]],MainTracker[[#This Row],[Comments 2 (include Date)]],MainTracker[[#This Row],[Comment 3 (include Date)]],MainTracker[[#This Row],[Comment 4 (include Date)]]),"") -> 4 | Z57: =IF(AND(MainTracker[[#This Row],[Completion date.]]>=45139,MainTracker[[#This Row],[Status]]="10 - Complete",MainTracker[[#This Row],[Compliant source file received on (Date)]]<>""),MainTracker[[#This Row],[Compliant source file received on (Date)]]-MainTracker[[#This Row],[Request sent on (Date)]],"") -> 0
A58: =_xlfn.IFNA(INDEX(Table3[],MATCH(MainTracker[[#This Row],[IDR / UFDR]],Table3[Pack],0),1),"") | B58: 218.02-1 | C58: HS2-00002VK47 | D58: EWR culvert watercourse diversion MAS crossing | E58: 1MC06-ASC-CV-FRM-CS06_CL09-000042-ACBOS | F58: P01 | G58: 45253 | H58: 45257 | I58: 45257 | K58: 1MC06-CEK-IM-DAT-CS06_CL09-600261 | U58: 10 - Complete | V58: Lee | W58: Ul Mashood, Hammad <hammad.mashood@arcadis.com> | X58: =IF(AND(MainTracker[[#This Row],[Completion date.]]>=45139,MainTracker[[#This Row],[Status]]="10 - Complete"),NETWORKDAYS(MAX(MainTracker[[#This Row],[Request sent on (Date)]:[Compliant source file received on (Date)]]),MainTracker[[#This Row],[Completion date.]],Holiday[Holidays])-1,"") -> 0 | Y58: =IF(AND(MainTracker[[#This Row],[Completion date.]]>=45139,MainTracker[[#This Row],[Status]]="10 - Complete"),COUNTA(MainTracker[[#This Row],[Comments Issued 1 (include Date)]],MainTracker[[#This Row],[Comments 2 (include Date)]],MainTracker[[#This Row],[Comment 3 (include Date)]],MainTracker[[#This Row],[Comment 4 (include Date)]]),"") -> 0 | Z58: =IF(AND(MainTracker[[#This Row],[Completion date.]]>=45139,MainTracker[[#This Row],[Status]]="10 - Complete",MainTracker[[#This Row],[Compliant source file received on (Date)]]<>""),MainTracker[[#This Row],[Compliant source file received on (Date)]]-MainTracker[[#This Row],[Request sent on (Date)]],"") -> 4
A59: =_xlfn.IFNA(INDEX(Table3[],MATCH(MainTracker[[#This Row],[IDR / UFDR]],Table3[Pack],0),1),"") | B59: 218.02-1 | C59: HS2-0000307ZQ | D59: IMD East Watercourse Pedestrian Crossing 1 | E59: 1MC06-ASC-CV-FRM-CS06_CL09-000073-ACBOS | F59: P01 | G59: 45253 | H59: 45257 | I59: 45259 | K59: 1MC06-CEK-IM-DAT-CS06_CL09-600259 | M59: Com_Dscrptns all incorrect | O59: 2 clarifications rqrd. | U59: 10 - Complete | V59: Lee | W59: Ul Mashood, Hammad <hammad.mashood@arcadis.com> | X59: =IF(AND(MainTracker[[#This Row],[Completion date.]]>=45139,MainTracker[[#This Row],[Status]]="10 - Complete"),NETWORKDAYS(MAX(MainTracker[[#This Row],[Request sent on (Date)]:[Compliant source file received on (Date)]]),MainTracker[[#This Row],[Completion date.]],Holiday[Holidays])-1,"") -> 2 | Y59: =IF(AND(MainTracker[[#This Row],[Completion date.]]>=45139,MainTracker[[#This Row],[Status]]="10 - Complete"),COUNTA(MainTracker[[#This Row],[Comments Issued 1 (include Date)]],MainTracker[[#This Row],[Comments 2 (include Date)]],MainTracker[[#This Row],[Comment 3 (include Date)]],MainTracker[[#This Row],[Comment 4 (include Date)]]),"") -> 2 | Z59: =IF(AND(MainTracker[[#This Row],[Completion date.]]>=45139,MainTracker[[#This Row],[Status]]="10 - Complete",MainTracker[[#This Row],[Compliant source file received on (Date)]]<>""),MainTracker[[#This Row],[Compliant source file received on (Date)]]-MainTracker[[#This Row],[Request sent on (Date)]],"") -> 4
A60: =_xlfn.IFNA(INDEX(Table3[],MATCH(MainTracker[[#This Row],[IDR / UFDR]],Table3[Pack],0),1),"") | B60: 218.02-1 | C60: HS2-0000307ZR | D60: IMD East Watercourse Pedestrian Crossing 2 | E60: 1MC06-ASC-CV-FRM-CS06_CL09-000074-ACBOS | F60: P01 | G60: 45253 | H60: 45257 | I60: 45257 | K60: 1MC06-CEK-IM-DAT-CS06_CL09-600260 | U60: 10 - Complete | V60: Lee | W60: Ul Mashood, Hammad <hammad.mashood@arcadis.com> | X60: =IF(AND(MainTracker[[#This Row],[Completion date.]]>=45139,MainTracker[[#This Row],[Status]]="10 - Complete"),NETWORKDAYS(MAX(MainTracker[[#This Row],[Request sent on (Date)]:[Compliant source file received on (Date)]]),MainTracker[[#This Row],[Completion date.]],Holiday[Holidays])-1,"") -> 0 | Y60: =IF(AND(MainTracker[[#This Row],[Completion date.]]>=45139,MainTracker[[#This Row],[Status]]="10 - Complete"),COUNTA(MainTracker[[#This Row],[Comments Issued 1 (include Date)]],MainTracker[[#This Row],[Comments 2 (include Date)]],MainTracker[[#This Row],[Comment 3 (include Date)]],MainTracker[[#This Row],[Comment 4 (include Date)]]),"") -> 0 | Z60: =IF(AND(MainTracker[[#This Row],[Completion date.]]>=45139,MainTracker[[#This Row],[Status]]="10 - Complete",MainTracker[[#This Row],[Compliant source file received on (Date)]]<>""),MainTracker[[#This Row],[Compliant source file received on (Date)]]-MainTracker[[#This Row],[Request sent on (Date)]],"") -> 4
A61: =_xlfn.IFNA(INDEX(Table3[],MATCH(MainTracker[[#This Row],[IDR / UFDR]],Table3[Pack],0),1),"") | B61: 223.4 | C61: HS2-00002BJV0 | D61: Bridleway 303/4 and 303/22 Diversions | E61: 1MC06-ASC-HW-FRM-CS06_CL22-000015-ACBOS | F61: P01 | G61: 45254 | H61: 45257 | I61: 45257 | K61: 1MC06-CEK-IM-DAT-CS06_CL22-600110 | U61: 10 - Complete | V61: Supriyan | W61: zakaria.khabouze@setec.com> | X61: =IF(AND(MainTracker[[#This Row],[Completion date.]]>=45139,MainTracker[[#This Row],[Status]]="10 - Complete"),NETWORKDAYS(MAX(MainTracker[[#This Row],[Request sent on (Date)]:[Compliant source file received on (Date)]]),MainTracker[[#This Row],[Completion date.]],Holiday[Holidays])-1,"") -> 0 | Y61: =IF(AND(MainTracker[[#This Row],[Completion date.]]>=45139,MainTracker[[#This Row],[Status]]="10 - Complete"),COUNTA(MainTracker[[#This Row],[Comments Issued 1 (include Date)]],MainTracker[[#This Row],[Comments 2 (include Date)]],MainTracker[[#This Row],[Comment 3 (include Date)]],MainTracker[[#This Row],[Comment 4 (include Date)]]),"") -> 0 | Z61: =IF(AND(MainTracker[[#This Row],[Completion date.]]>=45139,MainTracker[[#This Row],[Status]]="10 - Complete",MainTracker[[#This Row],[Compliant source file received on (Date)]]<>""),MainTracker[[#This Row],[Compliant source file received on (Date)]]-MainTracker[[#This Row],[Request sent on (Date)]],"") -> 3
A62: =_xlfn.IFNA(INDEX(Table3[],MATCH(MainTracker[[#This Row],[IDR / UFDR]],Table3[Pack],0),1),"") | B62: 223.4 | C62: HS2-00002BJV1 | D62: Maintenance Access Road to Pond (Off Bridleway 303/4) 01 | E62: 1MC06-ASC-HW-FRM-CS06_CL22-000009-ACBOS | F62: P01 | G62: 45254 | H62: 45257 | I62: 45257 | K62: 1MC06-CEK-IM-DAT-CS06_CL22-600080 | U62: 10 - Complete | V62: Supriyan | W62: zakaria.khabouze@setec.com> | X62: =IF(AND(MainTracker[[#This Row],[Completion date.]]>=45139,MainTracker[[#This Row],[Status]]="10 - Complete"),NETWORKDAYS(MAX(MainTracker[[#This Row],[Request sent on (Date)]:[Compliant source file received on (Date)]]),MainTracker[[#This Row],[Completion date.]],Holiday[Holidays])-1,"") -> 0 | Y62: =IF(AND(MainTracker[[#This Row],[Completion date.]]>=45139,MainTracker[[#This Row],[Status]]="10 - Complete"),COUNTA(MainTracker[[#This Row],[Comments Issued 1 (include Date)]],MainTracker[[#This Row],[Comments 2 (include Date)]],MainTracker[[#This Row],[Comment 3 (include Date)]],MainTracker[[#This Row],[Comment 4 (include Date)]]),"") -> 0 | Z62: =IF(AND(MainTracker[[#This Row],[Completion date.]]>=45139,MainTracker[[#This Row],[Status]]="10 - Complete",MainTracker[[#This Row],[Compliant source file received on (Date)]]<>""),MainTracker[[#This Row],[Compliant source file received on (Date)]]-MainTracker[[#This Row],[Request sent on (Date)]],"") -> 3
A63: =_xlfn.IFNA(INDEX(Table3[],MATCH(MainTracker[[#This Row],[IDR / UFDR]],Table3[Pack],0),1),"") | B63: 223.4 | C63: HS2-00002BJV2 | D63: Maintenance Access Road to Pond (Off Bridleway 303/4) 02 | E63: 1MC06-ASC-HW-FRM-CS06_CL22-000010-ACBOS | F63: P01 | G63: 45254 | H63: 45257 | I63: 45257 | K63: 1MC06-CEK-IM-DAT-CS06_CL22-600081 | U63: 10 - Complete | V63: Supriyan | W63: zakaria.khabouze@setec.com> | X63: =IF(AND(MainTracker[[#This Row],[Completion date.]]>=45139,MainTracker[[#This Row],[Status]]="10 - Complete"),NETWORKDAYS(MAX(MainTracker[[#This Row],[Request sent on (Date)]:[Compliant source file received on (Date)]]),MainTracker[[#This Row],[Completion date.]],Holiday[Holidays])-1,"") -> 0 | Y63: =IF(AND(MainTracker[[#This Row],[Completion date.]]>=45139,MainTracker[[#This Row],[Status]]="10 - Complete"),COUNTA(MainTracker[[#This Row],[Comments Issued 1 (include Date)]],MainTracker[[#This Row],[Comments 2 (include Date)]],MainTracker[[#This Row],[Comment 3 (include Date)]],MainTracker[[#This Row],[Comment 4 (include Date)]]),"") -> 0 | Z63: =IF(AND(MainTracker[[#This Row],[Completion date.]]>=45139,MainTracker[[#This Row],[Status]]="10 - Complete",MainTracker[[#This Row],[Compliant source file received on (Date)]]<>""),MainTracker[[#This Row],[Compliant source file received on (Date)]]-MainTracker[[#This Row],[Request sent on (Date)]],"") -> 3
A64: =_xlfn.IFNA(INDEX(Table3[],MATCH(MainTracker[[#This Row],[IDR / UFDR]],Table3[Pack],0),1),"") | B64: 226.1 | C64: HS2-00002TMF0 | D64: Whitfield ATS Telecoms | E64: 1MC07-ASC-UT-FRM-CS07_CL12-000090-ACBOS | F64: P01 | G64: 45258 | H64: 45261 | I64: 45264 | K64: 1MC07-CEK-IM-DAT-CS07_CL12-600054 | M64: all asset description 2 incorrect | O64: some Com_RfrncNmbr incorrect | Q64: revised 30-nov-23 | U64: 10 - Complete | V64: Lee | W64: B, Bharath Kumar <bharathkumar.b@arcadis.com> | X64: =IF(AND(MainTracker[[#This Row],[Completion date.]]>=45139,MainTracker[[#This Row],[Status]]="10 - Complete"),NETWORKDAYS(MAX(MainTracker[[#This Row],[Request sent on (Date)]:[Compliant source file received on (Date)]]),MainTracker[[#This Row],[Completion date.]],Holiday[Holidays])-1,"") -> 1 | Y64: =IF(AND(MainTracker[[#This Row],[Completion date.]]>=45139,MainTracker[[#This Row],[Status]]="10 - Complete"),COUNTA(MainTracker[[#This Row],[Comments Issued 1 (include Date)]],MainTracker[[#This Row],[Comments 2 (include Date)]],MainTracker[[#This Row],[Comment 3 (include Date)]],MainTracker[[#This Row],[Comment 4 (include Date)]]),"") -> 3 | Z64: =IF(AND(MainTracker[[#This Row],[Completion date.]]>=45139,MainTracker[[#This Row],[Status]]="10 - Complete",MainTracker[[#This Row],[Compliant source file received on (Date)]]<>""),MainTracker[[#This Row],[Compliant source file received on (Date)]]-MainTracker[[#This Row],[Request sent on (Date)]],"") -> 3
A65: =_xlfn.IFNA(INDEX(Table3[],MATCH(MainTracker[[#This Row],[IDR / UFDR]],Table3[Pack],0),1),"") | B65: 236.03 | C65: HS2-000020P0F | D65: Maintenance Access Road to Pond (Off Wills Pastures Road) | E65: 1MC07-ASC-HW-FRM-CS07_CL23-000033-ACBOS | F65: P01 | G65: 45259 | H65: 45261 | I65: 45265 | K65: 1MC07-CEK-IM-DAT-CS07_CL23-600044 | U65: 10 - Complete | V65: Supriyan | W65: veenadhari.bavanam@arcadis.com> | X65: =IF(AND(MainTracker[[#This Row],[Completion date.]]>=45139,MainTracker[[#This Row],[Status]]="10 - Complete"),NETWORKDAYS(MAX(MainTracker[[#This Row],[Request sent on (Date)]:[Compliant source file received on (Date)]]),MainTracker[[#This Row],[Completion date.]],Holiday[Holidays])-1,"") -> 2 | Y65: =IF(AND(MainTracker[[#This Row],[Completion date.]]>=45139,MainTracker[[#This Row],[Status]]="10 - Complete"),COUNTA(MainTracker[[#This Row],[Comments Issued 1 (include Date)]],MainTracker[[#This Row],[Comments 2 (include Date)]],MainTracker[[#This Row],[Comment 3 (include Date)]],MainTracker[[#This Row],[Comment 4 (include Date)]]),"") -> 0 | Z65: =IF(AND(MainTracker[[#This Row],[Completion date.]]>=45139,MainTracker[[#This Row],[Status]]="10 - Complete",MainTracker[[#This Row],[Compliant source file received on (Date)]]<>""),MainTracker[[#This Row],[Compliant source file received on (Date)]]-MainTracker[[#This Row],[Request sent on (Date)]],"") -> 2
A66: =_xlfn.IFNA(INDEX(Table3[],MATCH(MainTracker[[#This Row],[IDR / UFDR]],Table3[Pack],0),1),"") | B66: 236.03 | C66: HS2-00002U6LN | D66: Bridleway SM95 Extension | E66: 1MC07-ASC-HW-FRM-CS07_CL23-000044-ACBOS | F66: P01 | G66: 45259 | H66: 45261 | I66: 45265 | K66: 1MC07-CEK-IM-DAT-CS07_CL23-600107 | U66: 10 - Complete | V66: Supriyan | W66: veenadhari.bavanam@arcadis.com> | X66: =IF(AND(MainTracker[[#This Row],[Completion date.]]>=45139,MainTracker[[#This Row],[Status]]="10 - Complete"),NETWORKDAYS(MAX(MainTracker[[#This Row],[Request sent on (Date)]:[Compliant source file received on (Date)]]),MainTracker[[#This Row],[Completion date.]],Holiday[Holidays])-1,"") -> 2 | Y66: =IF(AND(MainTracker[[#This Row],[Completion date.]]>=45139,MainTracker[[#This Row],[Status]]="10 - Complete"),COUNTA(MainTracker[[#This Row],[Comments Issued 1 (include Date)]],MainTracker[[#This Row],[Comments 2 (include Date)]],MainTracker[[#This Row],[Comment 3 (include Date)]],MainTracker[[#This Row],[Comment 4 (include Date)]]),"") -> 0 | Z66: =IF(AND(MainTracker[[#This Row],[Completion date.]]>=45139,MainTracker[[#This Row],[Status]]="10 - Complete",MainTracker[[#This Row],[Compliant source file received on (Date)]]<>""),MainTracker[[#This Row],[Compliant source file received on (Date)]]-MainTracker[[#This Row],[Request sent on (Date)]],"") -> 2
A67: =_xlfn.IFNA(INDEX(Table3[],MATCH(MainTracker[[#This Row],[IDR / UFDR]],Table3[Pack],0),1),"") | B67: 224.4 | C67: HS2-000020NPE | D67: Turweston Farm Track (TUW/4) Realignment | E67: 1MC06-ASC-HW-FRM-CS06_CL22-000004-ACBOS | F67: P02 | G67: 45260 | H67: 45264 | I67: 45266 | K67: 1MC06-CEK-IM-DAT-CS06_CL22-600108 | M67: rvsd file 4-12-23 | U67: 10 - Complete | V67: Lee | W67: zakaria.khabouze@setec.com | X67: =IF(AND(MainTracker[[#This Row],[Completion date.]]>=45139,MainTracker[[#This Row],[Status]]="10 - Complete"),NETWORKDAYS(MAX(MainTracker[[#This Row],[Request sent on (Date)]:[Compliant source file received on (Date)]]),MainTracker[[#This Row],[Completion date.]],Holiday[Holidays])-1,"") -> 2 | Y67: =IF(AND(MainTracker[[#This Row],[Completion date.]]>=45139,MainTracker[[#This Row],[Status]]="10 - Complete"),COUNTA(MainTracker[[#This Row],[Comments Issued 1 (include Date)]],MainTracker[[#This Row],[Comments 2 (include Date)]],MainTracker[[#This Row],[Comment 3 (include Date)]],MainTracker[[#This Row],[Comment 4 (include Date)]]),"") -> 1 | Z67: =IF(AND(MainTracker[[#This Row],[Completion date.]]>=45139,MainTracker[[#This Row],[Status]]="10 - Complete",MainTracker[[#This Row],[Compliant source file received on (Date)]]<>""),MainTracker[[#This Row],[Compliant source file received on (Date)]]-MainTracker[[#This Row],[Request sent on (Date)]],"") -> 4
A68: =_xlfn.IFNA(INDEX(Table3[],MATCH(MainTracker[[#This Row],[IDR / UFDR]],Table3[Pack],0),1),"") | B68: 224.4 | C68: HS2-000020RNJ | D68: Footpath TUW/3 Diversion 3D Model | E68: 1MC06-ASC-HW-FRM-CS06_CL22-000014-ACBOS | F68: P02 | G68: 45260 | K68: 1MC06-CEK-IM-DAT-CS06_CL22-600109 | M68: com_typ/Dscrptn some zero values to be confirmed | U68: 99 - Cancelled | V68: Lee | W68: zakaria.khabouze@setec.com | X68: =IF(AND(MainTracker[[#This Row],[Completion date.]]>=45139,MainTracker[[#This Row],[Status]]="10 - Complete"),NETWORKDAYS(MAX(MainTracker[[#This Row],[Request sent on (Date)]:[Compliant source file received on (Date)]]),MainTracker[[#This Row],[Completion date.]],Holiday[Holidays])-1,"") | Y68: =IF(AND(MainTracker[[#This Row],[Completion date.]]>=45139,MainTracker[[#This Row],[Status]]="10 - Complete"),COUNTA(MainTracker[[#This Row],[Comments Issued 1 (include Date)]],MainTracker[[#This Row],[Comments 2 (include Date)]],MainTracker[[#This Row],[Comment 3 (include Date)]],MainTracker[[#This Row],[Comment 4 (include Date)]]),"") | Z68: =IF(AND(MainTracker[[#This Row],[Completion date.]]>=45139,MainTracker[[#This Row],[Status]]="10 - Complete",MainTracker[[#This Row],[Compliant source file received on (Date)]]<>""),MainTracker[[#This Row],[Compliant source file received on (Date)]]-MainTracker[[#This Row],[Request sent on (Date)]],"")
A69: =_xlfn.IFNA(INDEX(Table3[],MATCH(MainTracker[[#This Row],[IDR / UFDR]],Table3[Pack],0),1),"") | B69: 224.4 | C69: HS2-00002BJV5 | D69: Bridleway TUW/9 Diversion | E69: 1MC06-ASC-HW-FRM-CS06_CL22-000013-ACBOS | F69: P02 | G69: 45260 | H69: 45264 | I69: 45266 | K69: 1MC06-CEK-IM-DAT-CS06_CL22-600094 | M69: rvsd file 4-12-23 | U69: 10 - Complete | V69: Lee | W69: zakaria.khabouze@setec.com | X69: =IF(AND(MainTracker[[#This Row],[Completion date.]]>=45139,MainTracker[[#This Row],[Status]]="10 - Complete"),NETWORKDAYS(MAX(MainTracker[[#This Row],[Request sent on (Date)]:[Compliant source file received on (Date)]]),MainTracker[[#This Row],[Completion date.]],Holiday[Holidays])-1,"") -> 2 | Y69: =IF(AND(MainTracker[[#This Row],[Completion date.]]>=45139,MainTracker[[#This Row],[Status]]="10 - Complete"),COUNTA(MainTracker[[#This Row],[Comments Issued 1 (include Date)]],MainTracker[[#This Row],[Comments 2 (include Date)]],MainTracker[[#This Row],[Comment 3 (include Date)]],MainTracker[[#This Row],[Comment 4 (include Date)]]),"") -> 1 | Z69: =IF(AND(MainTracker[[#This Row],[Completion date.]]>=45139,MainTracker[[#This Row],[Status]]="10 - Complete",MainTracker[[#This Row],[Compliant source file received on (Date)]]<>""),MainTracker[[#This Row],[Compliant source file received on (Date)]]-MainTracker[[#This Row],[Request sent on (Date)]],"") -> 4
A70: =_xlfn.IFNA(INDEX(Table3[],MATCH(MainTracker[[#This Row],[IDR / UFDR]],Table3[Pack],0),1),"") | B70: 217.03 | C70: HS2-00002CT8S | D70: Addison Road Drainage System | E70: 1MC06-ASC-DR-FRM-CS06_CL09-000027-ACBOS | F70: P01 | G70: 45260 | H70: 45261 | I70: 45264 | K70: 1MC06-CEK-IM-DAT-CS06_CL09-600110 | U70: 10 - Complete | V70: Lee | W70: Rai C, Keerthan <keerthan.raic@arcadis.com> | X70: =IF(AND(MainTracker[[#This Row],[Completion date.]]>=45139,MainTracker[[#This Row],[Status]]="10 - Complete"),NETWORKDAYS(MAX(MainTracker[[#This Row],[Request sent on (Date)]:[Compliant source file received on (Date)]]),MainTracker[[#This Row],[Completion date.]],Holiday[Holidays])-1,"") -> 1 | Y70: =IF(AND(MainTracker[[#This Row],[Completion date.]]>=45139,MainTracker[[#This Row],[Status]]="10 - Complete"),COUNTA(MainTracker[[#This Row],[Comments Issued 1 (include Date)]],MainTracker[[#This Row],[Comments 2 (include Date)]],MainTracker[[#This Row],[Comment 3 (include Date)]],MainTracker[[#This Row],[Comment 4 (include Date)]]),"") -> 0 | Z70: =IF(AND(MainTracker[[#This Row],[Completion date.]]>=45139,MainTracker[[#This Row],[Status]]="10 - Complete",MainTracker[[#This Row],[Compliant source file received on (Date)]]<>""),MainTracker[[#This Row],[Compliant source file received on (Date)]]-MainTracker[[#This Row],[Request sent on (Date)]],"") -> 1
A71: =_xlfn.IFNA(INDEX(Table3[],MATCH(MainTracker[[#This Row],[IDR / UFDR]],Table3[Pack],0),1),"") | B71: 222.2 | C71: HS2-00002N7WG | D71: Barton to Mixbury Cutting - Ancillary Culvert 088-AC1 | E71: 1MC06-ASC-DR-FRM-CS06_CL21-000049-ACBOS | F71: P02 | G71: 45264 | H71: 45264 | I71: 45265 | K71: 1MC06-CEK-IM-DAT-CS06_CL21-600016 | U71: 10 - Complete | V71: Supriyan | W71: MIRI Youssef <youssef.miri@setec.com> | X71: =IF(AND(MainTracker[[#This Row],[Completion date.]]>=45139,MainTracker[[#This Row],[Status]]="10 - Complete"),NETWORKDAYS(MAX(MainTracker[[#This Row],[Request sent on (Date)]:[Compliant source file received on (Date)]]),MainTracker[[#This Row],[Completion date.]],Holiday[Holidays])-1,"") -> 1 | Y71: =IF(AND(MainTracker[[#This Row],[Completion date.]]>=45139,MainTracker[[#This Row],[Status]]="10 - Complete"),COUNTA(MainTracker[[#This Row],[Comments Issued 1 (include Date)]],MainTracker[[#This Row],[Comments 2 (include Date)]],MainTracker[[#This Row],[Comment 3 (include Date)]],MainTracker[[#This Row],[Comment 4 (include Date)]]),"") -> 0 | Z71: =IF(AND(MainTracker[[#This Row],[Completion date.]]>=45139,MainTracker[[#This Row],[Status]]="10 - Complete",MainTracker[[#This Row],[Compliant source file received on (Date)]]<>""),MainTracker[[#This Row],[Compliant source file received on (Date)]]-MainTracker[[#This Row],[Request sent on (Date)]],"") -> 0
A72: =_xlfn.IFNA(INDEX(Table3[],MATCH(MainTracker[[#This Row],[IDR / UFDR]],Table3[Pack],0),1),"") | B72: 222.2 | C72: HS2-00002N7WH | D72: Barton to Mixbury Cutting - Ancillary Culvert 088-AC2 | E72: 1MC06-ASC-DR-FRM-CS06_CL21-000059-ACBOS | F72: P02 | G72: 45264 | H72: 45264 | I72: 45265 | K72: 1MC06-CEK-IM-DAT-CS06_CL21-600009 | U72: 10 - Complete | V72: Supriyan | W72: MIRI Youssef <youssef.miri@setec.com> | X72: =IF(AND(MainTracker[[#This Row],[Completion date.]]>=45139,MainTracker[[#This Row],[Status]]="10 - Complete"),NETWORKDAYS(MAX(MainTracker[[#This Row],[Request sent on (Date)]:[Compliant source file received on (Date)]]),MainTracker[[#This Row],[Completion date.]],Holiday[Holidays])-1,"") -> 1 | Y72: =IF(AND(MainTracker[[#This Row],[Completion date.]]>=45139,MainTracker[[#This Row],[Status]]="10 - Complete"),COUNTA(MainTracker[[#This Row],[Comments Issued 1 (include Date)]],MainTracker[[#This Row],[Comments 2 (include Date)]],MainTracker[[#This Row],[Comment 3 (include Date)]],MainTracker[[#This Row],[Comment 4 (include Date)]]),"") -> 0 | Z72: =IF(AND(MainTracker[[#This Row],[Completion date.]]>=45139,MainTracker[[#This Row],[Status]]="10 - Complete",MainTracker[[#This Row],[Compliant source file received on (Date)]]<>""),MainTracker[[#This Row],[Compliant source file received on (Date)]]-MainTracker[[#This Row],[Request sent on (Date)]],"") -> 0
A73: =_xlfn.IFNA(INDEX(Table3[],MATCH(MainTracker[[#This Row],[IDR / UFDR]],Table3[Pack],0),1),"") | B73: 222.2 | C73: HS2-00002N7WJ | D73: Barton to Mixbury Cutting - Ancillary Culvert 088-AC3 | E73: 1MC06-ASC-DR-FRM-CS06_CL21-000060-ACBOS | F73: P02 | G73: 45264 | H73: 45264 | I73: 45266 | K73: 1MC06-CEK-IM-DAT-CS06_CL21-600003 | U73: 10 - Complete | V73: Supriyan | W73: MIRI Youssef <youssef.miri@setec.com> | X73: =IF(AND(MainTracker[[#This Row],[Completion date.]]>=45139,MainTracker[[#This Row],[Status]]="10 - Complete"),NETWORKDAYS(MAX(MainTracker[[#This Row],[Request sent on (Date)]:[Compliant source file received on (Date)]]),MainTracker[[#This Row],[Completion date.]],Holiday[Holidays])-1,"") -> 2 | Y73: =IF(AND(MainTracker[[#This Row],[Completion date.]]>=45139,MainTracker[[#This Row],[Status]]="10 - Complete"),COUNTA(MainTracker[[#This Row],[Comments Issued 1 (include Date)]],MainTracker[[#This Row],[Comments 2 (include Date)]],MainTracker[[#This Row],[Comment 3 (include Date)]],MainTracker[[#This Row],[Comment 4 (include Date)]]),"") -> 0 | Z73: =IF(AND(MainTracker[[#This Row],[Completion date.]]>=45139,MainTracker[[#This Row],[Status]]="10 - Complete",MainTracker[[#This Row],[Compliant source file received on (Date)]]<>""),MainTracker[[#This Row],[Compliant source file received on (Date)]]-MainTracker[[#This Row],[Request sent on (Date)]],"") -> 0
A74: =_xlfn.IFNA(INDEX(Table3[],MATCH(MainTracker[[#This Row],[IDR / UFDR]],Table3[Pack],0),1),"") | B74: 220.5 | C74: HS2-00002Y0RV | D74: Bridleway CHW/24 Overbridge | E74: 1MC06-ASC-BR-FRM-CS06_CL10-900001 | F74: P01 | G74: 45264 | H74: 45264 | I74: 45267 | K74: 1MC06-CEK-IM-DAT-CS06_CL10-600125 | U74: 10 - Complete | V74: Lee | W74: guillaume.hervoches@setec.com | X74: =IF(AND(MainTracker[[#This Row],[Completion date.]]>=45139,MainTracker[[#This Row],[Status]]="10 - Complete"),NETWORKDAYS(MAX(MainTracker[[#This Row],[Request sent on (Date)]:[Compliant source file received on (Date)]]),MainTracker[[#This Row],[Completion date.]],Holiday[Holidays])-1,"") -> 3 | Y74: =IF(AND(MainTracker[[#This Row],[Completion date.]]>=45139,MainTracker[[#This Row],[Status]]="10 - Complete"),COUNTA(MainTracker[[#This Row],[Comments Issued 1 (include Date)]],MainTracker[[#This Row],[Comments 2 (include Date)]],MainTracker[[#This Row],[Comment 3 (include Date)]],MainTracker[[#This Row],[Comment 4 (include Date)]]),"") -> 0 | Z74: =IF(AND(MainTracker[[#This Row],[Completion date.]]>=45139,MainTracker[[#This Row],[Status]]="10 - Complete",MainTracker[[#This Row],[Compliant source file received on (Date)]]<>""),MainTracker[[#This Row],[Compliant source file received on (Date)]]-MainTracker[[#This Row],[Request sent on (Date)]],"") -> 0
A75: =_xlfn.IFNA(INDEX(Table3[],MATCH(MainTracker[[#This Row],[IDR / UFDR]],Table3[Pack],0),1),"") | B75: 236.03 | C75: HS2-00002CTJN | D75: Oxford Canal North Embankment Boundary/Perimeter Fence Line | E75: 1MC07-ASC-CV-FRM-CS07_CL23-000017-ACBOS | F75: P01 | G75: 45265 | H75: 45265 | I75: 45266 | K75: 1MC07-CEK-IM-DAT-CS07_CL23-600066 | U75: 10 - Complete | V75: Supriyan | W75: Duggina, Jayaram <jayaram.duggina@arcadis.com> | X75: =IF(AND(MainTracker[[#This Row],[Completion date.]]>=45139,MainTracker[[#This Row],[Status]]="10 - Complete"),NETWORKDAYS(MAX(MainTracker[[#This Row],[Request sent on (Date)]:[Compliant source file received on (Date)]]),MainTracker[[#This Row],[Completion date.]],Holiday[Holidays])-1,"") -> 1 | Y75: =IF(AND(MainTracker[[#This Row],[Completion date.]]>=45139,MainTracker[[#This Row],[Status]]="10 - Complete"),COUNTA(MainTracker[[#This Row],[Comments Issued 1 (include Date)]],MainTracker[[#This Row],[Comments 2 (include Date)]],MainTracker[[#This Row],[Comment 3 (include Date)]],MainTracker[[#This Row],[Comment 4 (include Date)]]),"") -> 0 | Z75: =IF(AND(MainTracker[[#This Row],[Completion date.]]>=45139,MainTracker[[#This Row],[Status]]="10 - Complete",MainTracker[[#This Row],[Compliant source file received on (Date)]]<>""),MainTracker[[#This Row],[Compliant source file received on (Date)]]-MainTracker[[#This Row],[Request sent on (Date)]],"") -> 0
A76: =_xlfn.IFNA(INDEX(Table3[],MATCH(MainTracker[[#This Row],[IDR / UFDR]],Table3[Pack],0),1),"") | B76: 236.03 | C76: HS2-00002CTJP | D76: Oxford Canal North Embankment Security Fence Line | E76: 1MC07-ASC-CV-FRM-CS07_CL23-000033-ACBOS | F76: P02 | G76: 45265 | H76: 45265 | I76: 45266 | K76: 1MC07-CEK-IM-DAT-CS07_CL23-600069 | U76: 10 - Complete | V76: Supriyan | W76: Duggina, Jayaram <jayaram.duggina@arcadis.com> | X76: =IF(AND(MainTracker[[#This Row],[Completion date.]]>=45139,MainTracker[[#This Row],[Status]]="10 - Complete"),NETWORKDAYS(MAX(MainTracker[[#This Row],[Request sent on (Date)]:[Compliant source file received on (Date)]]),MainTracker[[#This Row],[Completion date.]],Holiday[Holidays])-1,"") -> 1 | Y76: =IF(AND(MainTracker[[#This Row],[Completion date.]]>=45139,MainTracker[[#This Row],[Status]]="10 - Complete"),COUNTA(MainTracker[[#This Row],[Comments Issued 1 (include Date)]],MainTracker[[#This Row],[Comments 2 (include Date)]],MainTracker[[#This Row],[Comment 3 (include Date)]],MainTracker[[#This Row],[Comment 4 (include Date)]]),"") -> 0 | Z76: =IF(AND(MainTracker[[#This Row],[Completion date.]]>=45139,MainTracker[[#This Row],[Status]]="10 - Complete",MainTracker[[#This Row],[Compliant source file received on (Date)]]<>""),MainTracker[[#This Row],[Compliant source file received on (Date)]]-MainTracker[[#This Row],[Request sent on (Date)]],"") -> 0
A77: =_xlfn.IFNA(INDEX(Table3[],MATCH(MainTracker[[#This Row],[IDR / UFDR]],Table3[Pack],0),1),"") | B77: 235.01 | C77: HS2-00002N7UR | D77: Boddington Cutting Group | E77: 1MC07-ASC-CV-FRM-CS07_CL14-000018-ACBOS | F77: P01 | G77: 45265 | H77: 45272 | I77: 45273 | K77: 1MC07-CEK-IM-DAT-CS07_CL14-600125 | M77: Com Type/ Description issue, send back on 05th Nov | O77: Same OSGB for all L3 assets, send back to user | U77: 10 - Complete | V77: Supriyan | W77: PATIL, APOORVA <apoorva.patil@arcadis.com> | X77: =IF(AND(MainTracker[[#This Row],[Completion date.]]>=45139,MainTracker[[#This Row],[Status]]="10 - Complete"),NETWORKDAYS(MAX(MainTracker[[#This Row],[Request sent on (Date)]:[Compliant source file received on (Date)]]),MainTracker[[#This Row],[Completion date.]],Holiday[Holidays])-1,"") -> 1 | Y77: =IF(AND(MainTracker[[#This Row],[Completion date.]]>=45139,MainTracker[[#This Row],[Status]]="10 - Complete"),COUNTA(MainTracker[[#This Row],[Comments Issued 1 (include Date)]],MainTracker[[#This Row],[Comments 2 (include Date)]],MainTracker[[#This Row],[Comment 3 (include Date)]],MainTracker[[#This Row],[Comment 4 (include Date)]]),"") -> 2 | Z77: =IF(AND(MainTracker[[#This Row],[Completion date.]]>=45139,MainTracker[[#This Row],[Status]]="10 - Complete",MainTracker[[#This Row],[Compliant source file received on (Date)]]<>""),MainTracker[[#This Row],[Compliant source file received on (Date)]]-MainTracker[[#This Row],[Request sent on (Date)]],"") -> 7
A78: =_xlfn.IFNA(INDEX(Table3[],MATCH(MainTracker[[#This Row],[IDR / UFDR]],Table3[Pack],0),1),"") | B78: 226.3 | C78: HS2-00002N7X1 | D78: Brackley Embankment - Ancillary Culvert 097-AC1 | E78: 1MC07-ASC-DR-FRM-CS07_CL12-000080-ACBOS | F78: P02 | G78: 45265 | H78: 45265 | I78: 45267 | K78: 1MC07-CEK-IM-DAT-CS07_CL12-600048 | U78: 10 - Complete | V78: Supriyan | W78: MIRI Youssef <youssef.miri@setec.com> | X78: =IF(AND(MainTracker[[#This Row],[Completion date.]]>=45139,MainTracker[[#This Row],[Status]]="10 - Complete"),NETWORKDAYS(MAX(MainTracker[[#This Row],[Request sent on (Date)]:[Compliant source file received on (Date)]]),MainTracker[[#This Row],[Completion date.]],Holiday[Holidays])-1,"") -> 2 | Y78: =IF(AND(MainTracker[[#This Row],[Completion date.]]>=45139,MainTracker[[#This Row],[Status]]="10 - Complete"),COUNTA(MainTracker[[#This Row],[Comments Issued 1 (include Date)]],MainTracker[[#This Row],[Comments 2 (include Date)]],MainTracker[[#This Row],[Comment 3 (include Date)]],MainTracker[[#This Row],[Comment 4 (include Date)]]),"") -> 0 | Z78: =IF(AND(MainTracker[[#This Row],[Completion date.]]>=45139,MainTracker[[#This Row],[Status]]="10 - Complete",MainTracker[[#This Row],[Compliant source file received on (Date)]]<>""),MainTracker[[#This Row],[Compliant source file received on (Date)]]-MainTracker[[#This Row],[Request sent on (Date)]],"") -> 0
A79: =_xlfn.IFNA(INDEX(Table3[],MATCH(MainTracker[[#This Row],[IDR / UFDR]],Table3[Pack],0),1),"") | B79: 222.4 | C79: HS2-00002N7WQ | D79: Barton to Mixbury Cutting - Ancillary Culvert 089-AC4 | E79: 1MC06-ASC-DR-FRM-CS06_CL21-000058-ACBOS | F79: P02 | G79: 45265 | K79: 1MC06-CEK-IM-DAT-CS06_CL21-600006 | M79: Com_typ and Com_RfrncNbmr & some clarifications. | U79: 99 - Cancelled | V79: Lee | W79: youssef.miri@setec.com | X79: =IF(AND(MainTracker[[#This Row],[Completion date.]]>=45139,MainTracker[[#This Row],[Status]]="10 - Complete"),NETWORKDAYS(MAX(MainTracker[[#This Row],[Request sent on (Date)]:[Compliant source file received on (Date)]]),MainTracker[[#This Row],[Completion date.]],Holiday[Holidays])-1,"") | Y79: =IF(AND(MainTracker[[#This Row],[Completion date.]]>=45139,MainTracker[[#This Row],[Status]]="10 - Complete"),COUNTA(MainTracker[[#This Row],[Comments Issued 1 (include Date)]],MainTracker[[#This Row],[Comments 2 (include Date)]],MainTracker[[#This Row],[Comment 3 (include Date)]],MainTracker[[#This Row],[Comment 4 (include Date)]]),"") | Z79: =IF(AND(MainTracker[[#This Row],[Completion date.]]>=45139,MainTracker[[#This Row],[Status]]="10 - Complete",MainTracker[[#This Row],[Compliant source file received on (Date)]]<>""),MainTracker[[#This Row],[Compliant source file received on (Date)]]-MainTracker[[#This Row],[Request sent on (Date)]],"")
A80: =_xlfn.IFNA(INDEX(Table3[],MATCH(MainTracker[[#This Row],[IDR / UFDR]],Table3[Pack],0),1),"") | B80: 236.03 | C80: HS2-00003D9CV | D80: Oxford Canal North Embankment Access Stairs CH.118+727 | E80: 1MC07-ASC-CV-FRM-CS07_CL23-000076-ACBOS | F80: P01 | G80: 45266 | H80: 45267 | I80: 45267 | K80: 1MC07-CEK-IM-DAT-CS07_CL23-600135 | M80: missing FND category CM_CRT/Chg / asset Typ | Q80: revised file fcvd - No further comments | U80: 10 - Complete | V80: Supriyan | W80: Alluvada, Neeraj <neeraj.alluvada@arcadis.com> | X80: =IF(AND(MainTracker[[#This Row],[Completion date.]]>=45139,MainTracker[[#This Row],[Status]]="10 - Complete"),NETWORKDAYS(MAX(MainTracker[[#This Row],[Request sent on (Date)]:[Compliant source file received on (Date)]]),MainTracker[[#This Row],[Completion date.]],Holiday[Holidays])-1,"") -> 0 | Y80: =IF(AND(MainTracker[[#This Row],[Completion date.]]>=45139,MainTracker[[#This Row],[Status]]="10 - Complete"),COUNTA(MainTracker[[#This Row],[Comments Issued 1 (include Date)]],MainTracker[[#This Row],[Comments 2 (include Date)]],MainTracker[[#This Row],[Comment 3 (include Date)]],MainTracker[[#This Row],[Comment 4 (include Date)]]),"") -> 2 | Z80: =IF(AND(MainTracker[[#This Row],[Completion date.]]>=45139,MainTracker[[#This Row],[Status]]="10 - Complete",MainTracker[[#This Row],[Compliant source file received on (Date)]]<>""),MainTracker[[#This Row],[Compliant source file received on (Date)]]-MainTracker[[#This Row],[Request sent on (Date)]],"") -> 1
A81: =_xlfn.IFNA(INDEX(Table3[],MATCH(MainTracker[[#This Row],[IDR / UFDR]],Table3[Pack],0),1),"") | B81: 236.03 | C81: HS2-00003D9CW | D81: Oxford Canal North Embankment Access Stairs CH.118+730 | E81: 1MC07-ASC-CV-FRM-CS07_CL23-000077-ACBOS | F81: P01 | G81: 45266 | H81: 45267 | I81: 45267 | K81: 1MC07-CEK-IM-DAT-CS07_CL23-600136 | M81: CM_CRT / Chg & Com_Typ and AssetName_2 edited in house with DT in Teams | O81: revised ACBOS .xl sent to DT for PCRA | Q81: revised file fcvd - No further comments | U81: 10 - Complete | V81: Supriyan | W81: Alluvada, Neeraj <neeraj.alluvada@arcadis.com> | X81: =IF(AND(MainTracker[[#This Row],[Completion date.]]>=45139,MainTracker[[#This Row],[Status]]="10 - Complete"),NETWORKDAYS(MAX(MainTracker[[#This Row],[Request sent on (Date)]:[Compliant source file received on (Date)]]),MainTracker[[#This Row],[Completion date.]],Holiday[Holidays])-1,"") -> 0 | Y81: =IF(AND(MainTracker[[#This Row],[Completion date.]]>=45139,MainTracker[[#This Row],[Status]]="10 - Complete"),COUNTA(MainTracker[[#This Row],[Comments Issued 1 (include Date)]],MainTracker[[#This Row],[Comments 2 (include Date)]],MainTracker[[#This Row],[Comment 3 (include Date)]],MainTracker[[#This Row],[Comment 4 (include Date)]]),"") -> 3 | Z81: =IF(AND(MainTracker[[#This Row],[Completion date.]]>=45139,MainTracker[[#This Row],[Status]]="10 - Complete",MainTracker[[#This Row],[Compliant source file received on (Date)]]<>""),MainTracker[[#This Row],[Compliant source file received on (Date)]]-MainTracker[[#This Row],[Request sent on (Date)]],"") -> 1
A82: =_xlfn.IFNA(INDEX(Table3[],MATCH(MainTracker[[#This Row],[IDR / UFDR]],Table3[Pack],0),1),"") | B82: 236.03 | C82: HS2-00003D9CX | D82: Oxford Canal North Embankment Access Stairs CH.119+900 | E82: 1MC07-ASC-CV-FRM-CS07_CL23-000078-ACBOS | F82: P01 | G82: 45266 | H82: 45267 | I82: 45267 | K82: 1MC07-CEK-IM-DAT-CS07_CL23-600137 | M82: CM_CRT / Chg & Com_Typ and AssetName_2 edited in house with DT in Teams | O82: revised ACBOS .xl sent to DT for PCRA | Q82: revised file fcvd - No further comments | U82: 10 - Complete | V82: Supriyan | W82: Alluvada, Neeraj <neeraj.alluvada@arcadis.com> | X82: =IF(AND(MainTracker[[#This Row],[Completion date.]]>=45139,MainTracker[[#This Row],[Status]]="10 - Complete"),NETWORKDAYS(MAX(MainTracker[[#This Row],[Request sent on (Date)]:[Compliant source file received on (Date)]]),MainTracker[[#This Row],[Completion date.]],Holiday[Holidays])-1,"") -> 0 | Y82: =IF(AND(MainTracker[[#This Row],[Completion date.]]>=45139,MainTracker[[#This Row],[Status]]="10 - Complete"),COUNTA(MainTracker[[#This Row],[Comments Issued 1 (include Date)]],MainTracker[[#This Row],[Comments 2 (include Date)]],MainTracker[[#This Row],[Comment 3 (include Date)]],MainTracker[[#This Row],[Comment 4 (include Date)]]),"") -> 3 | Z82: =IF(AND(MainTracker[[#This Row],[Completion date.]]>=45139,MainTracker[[#This Row],[Status]]="10 - Complete",MainTracker[[#This Row],[Compliant source file received on (Date)]]<>""),MainTracker[[#This Row],[Compliant source file received on (Date)]]-MainTracker[[#This Row],[Request sent on (Date)]],"") -> 1
A83: =_xlfn.IFNA(INDEX(Table3[],MATCH(MainTracker[[#This Row],[IDR / UFDR]],Table3[Pack],0),1),"") | B83: 236.03 | C83: HS2-00003D9CY | D83: Oxford Canal North Embankment Access Stairs CH.119+904 | E83: 1MC07-ASC-CV-FRM-CS07_CL23-000079-ACBOS | F83: P01 | G83: 45266 | H83: 45267 | I83: 45267 | K83: 1MC07-CEK-IM-DAT-CS07_CL23-600138 | M83: CM_CRT / Chg & Com_Typ and AssetName_2 edited in house with DT in Teams | O83: revised ACBOS .xl sent to DT for PCRA | Q83: revised file fcvd - No further comments | U83: 10 - Complete | V83: Supriyan | W83: Alluvada, Neeraj <neeraj.alluvada@arcadis.com> | X83: =IF(AND(MainTracker[[#This Row],[Completion date.]]>=45139,MainTracker[[#This Row],[Status]]="10 - Complete"),NETWORKDAYS(MAX(MainTracker[[#This Row],[Request sent on (Date)]:[Compliant source file received on (Date)]]),MainTracker[[#This Row],[Completion date.]],Holiday[Holidays])-1,"") -> 0 | Y83: =IF(AND(MainTracker[[#This Row],[Completion date.]]>=45139,MainTracker[[#This Row],[Status]]="10 - Complete"),COUNTA(MainTracker[[#This Row],[Comments Issued 1 (include Date)]],MainTracker[[#This Row],[Comments 2 (include Date)]],MainTracker[[#This Row],[Comment 3 (include Date)]],MainTracker[[#This Row],[Comment 4 (include Date)]]),"") -> 3 | Z83: =IF(AND(MainTracker[[#This Row],[Completion date.]]>=45139,MainTracker[[#This Row],[Status]]="10 - Complete",MainTracker[[#This Row],[Compliant source file received on (Date)]]<>""),MainTracker[[#This Row],[Compliant source file received on (Date)]]-MainTracker[[#This Row],[Request sent on (Date)]],"") -> 1
A84: =_xlfn.IFNA(INDEX(Table3[],MATCH(MainTracker[[#This Row],[IDR / UFDR]],Table3[Pack],0),1),"") | B84: 236.03 | C84: HS2-00003GEF2 | D84: Oxford Canal North Embankment 119 - DC1 | E84: 1MC07-ASC-CV-FRM-CS07_CL23-000082-ACBOS | F84: P01 | G84: 45266 | H84: 45267 | I84: 45268 | K84: 1MC07-CEK-IM-DAT-CS07_CL23-600131 | M84: LDW to amend in house to expedite. DT will not edit until tomorrow. | O84: OSG Easting/ Northings confirmed as small L2 asset components all within same OS gridref. | Q84: waiting for India DT to PCRA revised ACBOS as per thos sent. Corrected JSON in Datachecker. | S84: revised file checked on PW | U84: 10 - Complete | V84: Lee | W84: Naik, Vruddhika <vruddhika.naik@arcadis.com> | X84: =IF(AND(MainTracker[[#This Row],[Completion date.]]>=45139,MainTracker[[#This Row],[Status]]="10 - Complete"),NETWORKDAYS(MAX(MainTracker[[#This Row],[Request sent on (Date)]:[Compliant source file received on (Date)]]),MainTracker[[#This Row],[Completion date.]],Holiday[Holidays])-1,"") -> 1 | Y84: =IF(AND(MainTracker[[#This Row],[Completion date.]]>=45139,MainTracker[[#This Row],[Status]]="10 - Complete"),COUNTA(MainTracker[[#This Row],[Comments Issued 1 (include Date)]],MainTracker[[#This Row],[Comments 2 (include Date)]],MainTracker[[#This Row],[Comment 3 (include Date)]],MainTracker[[#This Row],[Comment 4 (include Date)]]),"") -> 4 | Z84: =IF(AND(MainTracker[[#This Row],[Completion date.]]>=45139,MainTracker[[#This Row],[Status]]="10 - Complete",MainTracker[[#This Row],[Compliant source file received on (Date)]]<>""),MainTracker[[#This Row],[Compliant source file received on (Date)]]-MainTracker[[#This Row],[Request sent on (Date)]],"") -> 1
A85: =_xlfn.IFNA(INDEX(Table3[],MATCH(MainTracker[[#This Row],[IDR / UFDR]],Table3[Pack],0),1),"") | B85: 236.03 | C85: HS2-00003GEF3 | D85: Oxford Canal North Embankment 119 - DC2 | E85: 1MC07-ASC-CV-FRM-CS07_CL23-000083-ACBOS | F85: P01 | G85: 45266 | H85: 45267 | I85: 45268 | K85: 1MC07-CEK-IM-DAT-CS07_CL23-600132 | M85: LDW to amend in house to expedite. DT will not edit until tomorrow. | O85: OSG Easting/ Northings confirmed as small L2 asset components all within same OS gridref. | Q85: waiting for India DT to PCRA revised ACBOS as per thos sent. Corrected JSON in Datachecker. | S85: revised file checked on PW | U85: 10 - Complete | V85: Lee | W85: Naik, Vruddhika <vruddhika.naik@arcadis.com> | X85: =IF(AND(MainTracker[[#This Row],[Completion date.]]>=45139,MainTracker[[#This Row],[Status]]="10 - Complete"),NETWORKDAYS(MAX(MainTracker[[#This Row],[Request sent on (Date)]:[Compliant source file received on (Date)]]),MainTracker[[#This Row],[Completion date.]],Holiday[Holidays])-1,"") -> 1 | Y85: =IF(AND(MainTracker[[#This Row],[Completion date.]]>=45139,MainTracker[[#This Row],[Status]]="10 - Complete"),COUNTA(MainTracker[[#This Row],[Comments Issued 1 (include Date)]],MainTracker[[#This Row],[Comments 2 (include Date)]],MainTracker[[#This Row],[Comment 3 (include Date)]],MainTracker[[#This Row],[Comment 4 (include Date)]]),"") -> 4 | Z85: =IF(AND(MainTracker[[#This Row],[Completion date.]]>=45139,MainTracker[[#This Row],[Status]]="10 - Complete",MainTracker[[#This Row],[Compliant source file received on (Date)]]<>""),MainTracker[[#This Row],[Compliant source file received on (Date)]]-MainTracker[[#This Row],[Request sent on (Date)]],"") -> 1
A86: =_xlfn.IFNA(INDEX(Table3[],MATCH(MainTracker[[#This Row],[IDR / UFDR]],Table3[Pack],0),1),"") | B86: 236.03 | C86: HS2-00003GEF4 | D86: Oxford Canal North Embankment 119 - DC3 | E86: 1MC07-ASC-CV-FRM-CS07_CL23-000084-ACBOS | F86: P01 | G86: 45266 | H86: 45267 | I86: 45268 | K86: 1MC07-CEK-IM-DAT-CS07_CL23-600133 | M86: LDW to amend in house to expedite. DT will not edit until tomorrow. | O86: OSG Easting/ Northings confirmed as small L2 asset components all within same OS gridref. | Q86: waiting for India DT to PCRA revised ACBOS as per thos sent. Corrected JSON in Datachecker. | S86: revised file checked on PW | U86: 10 - Complete | V86: Lee | W86: Naik, Vruddhika <vruddhika.naik@arcadis.com> | X86: =IF(AND(MainTracker[[#This Row],[Completion date.]]>=45139,MainTracker[[#This Row],[Status]]="10 - Complete"),NETWORKDAYS(MAX(MainTracker[[#This Row],[Request sent on (Date)]:[Compliant source file received on (Date)]]),MainTracker[[#This Row],[Completion date.]],Holiday[Holidays])-1,"") -> 1 | Y86: =IF(AND(MainTracker[[#This Row],[Completion date.]]>=45139,MainTracker[[#This Row],[Status]]="10 - Complete"),COUNTA(MainTracker[[#This Row],[Comments Issued 1 (include Date)]],MainTracker[[#This Row],[Comments 2 (include Date)]],MainTracker[[#This Row],[Comment 3 (include Date)]],MainTracker[[#This Row],[Comment 4 (include Date)]]),"") -> 4 | Z86: =IF(AND(MainTracker[[#This Row],[Completion date.]]>=45139,MainTracker[[#This Row],[Status]]="10 - Complete",MainTracker[[#This Row],[Compliant source file received on (Date)]]<>""),MainTracker[[#This Row],[Compliant source file received on (Date)]]-MainTracker[[#This Row],[Request sent on (Date)]],"") -> 1
A87: =_xlfn.IFNA(INDEX(Table3[],MATCH(MainTracker[[#This Row],[IDR / UFDR]],Table3[Pack],0),1),"") | B87: 236.03 | C87: HS2-00003GEF5 | D87: Oxford Canal North Embankment 119 - DC4 | E87: 1MC07-ASC-CV-FRM-CS07_CL23-000085-ACBOS | F87: P01 | G87: 45266 | H87: 45267 | I87: 45268 | K87: 1MC07-CEK-IM-DAT-CS07_CL23-600134 | M87: LDW to amend in house to expedite. DT will not edit until tomorrow. | O87: OSG Easting/ Northings confirmed as small L2 asset components all within same OS gridref. | Q87: waiting for India DT to PCRA revised ACBOS as per thos sent. Corrected JSON in Datachecker. | S87: revised file checked on PW | U87: 10 - Complete | V87: Lee | W87: Naik, Vruddhika <vruddhika.naik@arcadis.com> | X87: =IF(AND(MainTracker[[#This Row],[Completion date.]]>=45139,MainTracker[[#This Row],[Status]]="10 - Complete"),NETWORKDAYS(MAX(MainTracker[[#This Row],[Request sent on (Date)]:[Compliant source file received on (Date)]]),MainTracker[[#This Row],[Completion date.]],Holiday[Holidays])-1,"") -> 1 | Y87: =IF(AND(MainTracker[[#This Row],[Completion date.]]>=45139,MainTracker[[#This Row],[Status]]="10 - Complete"),COUNTA(MainTracker[[#This Row],[Comments Issued 1 (include Date)]],MainTracker[[#This Row],[Comments 2 (include Date)]],MainTracker[[#This Row],[Comment 3 (include Date)]],MainTracker[[#This Row],[Comment 4 (include Date)]]),"") -> 4 | Z87: =IF(AND(MainTracker[[#This Row],[Completion date.]]>=45139,MainTracker[[#This Row],[Status]]="10 - Complete",MainTracker[[#This Row],[Compliant source file received on (Date)]]<>""),MainTracker[[#This Row],[Compliant source file received on (Date)]]-MainTracker[[#This Row],[Request sent on (Date)]],"") -> 1
A88: =_xlfn.IFNA(INDEX(Table3[],MATCH(MainTracker[[#This Row],[IDR / UFDR]],Table3[Pack],0),1),"") | B88: 235.01 | C88: HS2-000020134 | D88: Stoneton Lane Green Overbridge | E88: 1MC07-CEK-BR-FRM-CS07_CL14-000003 | F88: P03 | G88: 45266 | H88: 45300 | I88: 45302 | K88: 1MC07-CEK-IM-DAT-CS07_CL14-600019 | M88: Send back on 7th Dec. Asset_Description, CM_ISCI and sdslp wrong | U88: 10 - Complete | V88: Supriyan | W88: Alex Webb <ALWB@COWI.COM> | X88: =IF(AND(MainTracker[[#This Row],[Completion date.]]>=45139,MainTracker[[#This Row],[Status]]="10 - Complete"),NETWORKDAYS(MAX(MainTracker[[#This Row],[Request sent on (Date)]:[Compliant source file received on (Date)]]),MainTracker[[#This Row],[Completion date.]],Holiday[Holidays])-1,"") -> 2 | Y88: =IF(AND(MainTracker[[#This Row],[Completion date.]]>=45139,MainTracker[[#This Row],[Status]]="10 - Complete"),COUNTA(MainTracker[[#This Row],[Comments Issued 1 (include Date)]],MainTracker[[#This Row],[Comments 2 (include Date)]],MainTracker[[#This Row],[Comment 3 (include Date)]],MainTracker[[#This Row],[Comment 4 (include Date)]]),"") -> 1 | Z88: =IF(AND(MainTracker[[#This Row],[Completion date.]]>=45139,MainTracker[[#This Row],[Status]]="10 - Complete",MainTracker[[#This Row],[Compliant source file received on (Date)]]<>""),MainTracker[[#This Row],[Compliant source file received on (Date)]]-MainTracker[[#This Row],[Request sent on (Date)]],"") -> 34
A89: =_xlfn.IFNA(INDEX(Table3[],MATCH(MainTracker[[#This Row],[IDR / UFDR]],Table3[Pack],0),1),"") | B89: 216.01-2 | C89: HS2-00003D82Q | D89: Sailing Club Access Drainage Culvert | E89: 1MC06-ASC-DR-FRM-CS06_CL09-000109-ACBOS | F89: P03 | G89: 45267 | H89: 45267 | I89: 45269 | K89: 1MC06-CEK-IM-DAT-CS06_CL09-600251 | M89: Com_Typ, DT fixing as per teams call. 5 min change. | O89: File rcvd processing | U89: 10 - Complete | V89: Lee | W89: Sharkey, Ryan <Ryan.Sharkey@arcadis.com> | X89: =IF(AND(MainTracker[[#This Row],[Completion date.]]>=45139,MainTracker[[#This Row],[Status]]="10 - Complete"),NETWORKDAYS(MAX(MainTracker[[#This Row],[Request sent on (Date)]:[Compliant source file received on (Date)]]),MainTracker[[#This Row],[Completion date.]],Holiday[Holidays])-1,"") -> 1 | Y89: =IF(AND(MainTracker[[#This Row],[Completion date.]]>=45139,MainTracker[[#This Row],[Status]]="10 - Complete"),COUNTA(MainTracker[[#This Row],[Comments Issued 1 (include Date)]],MainTracker[[#This Row],[Comments 2 (include Date)]],MainTracker[[#This Row],[Comment 3 (include Date)]],MainTracker[[#This Row],[Comment 4 (include Date)]]),"") -> 2 | Z89: =IF(AND(MainTracker[[#This Row],[Completion date.]]>=45139,MainTracker[[#This Row],[Status]]="10 - Complete",MainTracker[[#This Row],[Compliant source file received on (Date)]]<>""),MainTracker[[#This Row],[Compliant source file received on (Date)]]-MainTracker[[#This Row],[Request sent on (Date)]],"") -> 0
A90: =_xlfn.IFNA(INDEX(Table3[],MATCH(MainTracker[[#This Row],[IDR / UFDR]],Table3[Pack],0),1),"") | B90: 237.03 | C90: HS2-00003D9CP | D90: Upper Radbourne Embankment Access Stairs CH.120+015 | E90: 1MC07-ASC-CV-FRM-CS07_CL23-000070-ACBOS | F90: P01 | G90: 45271 | H90: 45303 | I90: 45307 | K90: 1MC07-CEK-IM-DAT-CS07_CL23-600140 | M90: Asset Name Mismatch, send back on 12-Dec-23 | O90: Com_dscrptn incorrect looks like confusion as asset description and Com_dscrptn should be exchanged - 8/1/24 | Q90: rvsd file rcvd 12/1/24 | U90: 10 - Complete | V90: Lee | W90: Martin, Joel <Joel.Martin@arcadis.com> | X90: =IF(AND(MainTracker[[#This Row],[Completion date.]]>=45139,MainTracker[[#This Row],[Status]]="10 - Complete"),NETWORKDAYS(MAX(MainTracker[[#This Row],[Request sent on (Date)]:[Compliant source file received on (Date)]]),MainTracker[[#This Row],[Completion date.]],Holiday[Holidays])-1,"") -> 2 | Y90: =IF(AND(MainTracker[[#This Row],[Completion date.]]>=45139,MainTracker[[#This Row],[Status]]="10 - Complete"),COUNTA(MainTracker[[#This Row],[Comments Issued 1 (include Date)]],MainTracker[[#This Row],[Comments 2 (include Date)]],MainTracker[[#This Row],[Comment 3 (include Date)]],MainTracker[[#This Row],[Comment 4 (include Date)]]),"") -> 3 | Z90: =IF(AND(MainTracker[[#This Row],[Completion date.]]>=45139,MainTracker[[#This Row],[Status]]="10 - Complete",MainTracker[[#This Row],[Compliant source file received on (Date)]]<>""),MainTracker[[#This Row],[Compliant source file received on (Date)]]-MainTracker[[#This Row],[Request sent on (Date)]],"") -> 32
A91: =_xlfn.IFNA(INDEX(Table3[],MATCH(MainTracker[[#This Row],[IDR / UFDR]],Table3[Pack],0),1),"") | B91: 237.03 | C91: HS2-00003D9CQ | D91: Upper Radbourne Embankment Access Stairs CH.120+027 | E91: 1MC07-ASC-CV-FRM-CS07_CL23-000071-ACBOS | F91: P01 | G91: 45271 | H91: 45303 | I91: 45307 | K91: 1MC07-CEK-IM-DAT-CS07_CL23-600141 | M91: Asset Name Mismatch, send back on 12-Dec-23 | O91: Com_dscrptn incorrect looks like confusion as asset description and Com_dscrptn should be exchanged - 8/1/24 | Q91: rvsd file rcvd 12/1/24 | U91: 10 - Complete | V91: Lee | W91: Martin, Joel <Joel.Martin@arcadis.com> | X91: =IF(AND(MainTracker[[#This Row],[Completion date.]]>=45139,MainTracker[[#This Row],[Status]]="10 - Complete"),NETWORKDAYS(MAX(MainTracker[[#This Row],[Request sent on (Date)]:[Compliant source file received on (Date)]]),MainTracker[[#This Row],[Completion date.]],Holiday[Holidays])-1,"") -> 2 | Y91: =IF(AND(MainTracker[[#This Row],[Completion date.]]>=45139,MainTracker[[#This Row],[Status]]="10 - Complete"),COUNTA(MainTracker[[#This Row],[Comments Issued 1 (include Date)]],MainTracker[[#This Row],[Comments 2 (include Date)]],MainTracker[[#This Row],[Comment 3 (include Date)]],MainTracker[[#This Row],[Comment 4 (include Date)]]),"") -> 3 | Z91: =IF(AND(MainTracker[[#This Row],[Completion date.]]>=45139,MainTracker[[#This Row],[Status]]="10 - Complete",MainTracker[[#This Row],[Compliant source file received on (Date)]]<>""),MainTracker[[#This Row],[Compliant source file received on (Date)]]-MainTracker[[#This Row],[Request sent on (Date)]],"") -> 32
A92: =_xlfn.IFNA(INDEX(Table3[],MATCH(MainTracker[[#This Row],[IDR / UFDR]],Table3[Pack],0),1),"") | B92: 237.03 | C92: HS2-00003D9CR | D92: Upper Radbourne Embankment Access Stairs CH.120+031 | E92: 1MC07-ASC-CV-FRM-CS07_CL23-000072-ACBOS | F92: P01 | G92: 45271 | H92: 45306 | I92: 45308 | K92: 1MC07-CEK-IM-DAT-CS07_CL23-600142 | M92: Asset Name Mismatch, send back on 12-Dec-23 | O92: Com_dscrptn incorrect looks like confusion as asset description and Com_dscrptn should be exchanged - 8/1/24 | Q92: rvsd file rcvd 12/1/24 | U92: 10 - Complete | V92: Lee | W92: Martin, Joel <Joel.Martin@arcadis.com> | X92: =IF(AND(MainTracker[[#This Row],[Completion date.]]>=45139,MainTracker[[#This Row],[Status]]="10 - Complete"),NETWORKDAYS(MAX(MainTracker[[#This Row],[Request sent on (Date)]:[Compliant source file received on (Date)]]),MainTracker[[#This Row],[Completion date.]],Holiday[Holidays])-1,"") -> 2 | Y92: =IF(AND(MainTracker[[#This Row],[Completion date.]]>=45139,MainTracker[[#This Row],[Status]]="10 - Complete"),COUNTA(MainTracker[[#This Row],[Comments Issued 1 (include Date)]],MainTracker[[#This Row],[Comments 2 (include Date)]],MainTracker[[#This Row],[Comment 3 (include Date)]],MainTracker[[#This Row],[Comment 4 (include Date)]]),"") -> 3 | Z92: =IF(AND(MainTracker[[#This Row],[Completion date.]]>=45139,MainTracker[[#This Row],[Status]]="10 - Complete",MainTracker[[#This Row],[Compliant source file received on (Date)]]<>""),MainTracker[[#This Row],[Compliant source file received on (Date)]]-MainTracker[[#This Row],[Request sent on (Date)]],"") -> 35
A93: =_xlfn.IFNA(INDEX(Table3[],MATCH(MainTracker[[#This Row],[IDR / UFDR]],Table3[Pack],0),1),"") | B93: 237.03 | C93: HS2-00003D9CS | D93: Upper Radbourne Embankment Access Stairs CH.120+390 | E93: 1MC07-ASC-CV-FRM-CS07_CL23-000073-ACBOS | F93: P01 | G93: 45271 | H93: 45307 | I93: 45307 | K93: 1MC07-CEK-IM-DAT-CS07_CL23-600143 | M93: Asset Name Mismatch, send back on 12-Dec-23 | O93: Com_dscrptn incorrect looks like confusion as asset description and Com_dscrptn should be exchanged - 8/1/24 | Q93: rvsd file rcvd 12/1/24 | U93: 10 - Complete | V93: Lee | W93: Martin, Joel <Joel.Martin@arcadis.com> | X93: =IF(AND(MainTracker[[#This Row],[Completion date.]]>=45139,MainTracker[[#This Row],[Status]]="10 - Complete"),NETWORKDAYS(MAX(MainTracker[[#This Row],[Request sent on (Date)]:[Compliant source file received on (Date)]]),MainTracker[[#This Row],[Completion date.]],Holiday[Holidays])-1,"") -> 0 | Y93: =IF(AND(MainTracker[[#This Row],[Completion date.]]>=45139,MainTracker[[#This Row],[Status]]="10 - Complete"),COUNTA(MainTracker[[#This Row],[Comments Issued 1 (include Date)]],MainTracker[[#This Row],[Comments 2 (include Date)]],MainTracker[[#This Row],[Comment 3 (include Date)]],MainTracker[[#This Row],[Comment 4 (include Date)]]),"") -> 3 | Z93: =IF(AND(MainTracker[[#This Row],[Completion date.]]>=45139,MainTracker[[#This Row],[Status]]="10 - Complete",MainTracker[[#This Row],[Compliant source file received on (Date)]]<>""),MainTracker[[#This Row],[Compliant source file received on (Date)]]-MainTracker[[#This Row],[Request sent on (Date)]],"") -> 36
A94: =_xlfn.IFNA(INDEX(Table3[],MATCH(MainTracker[[#This Row],[IDR / UFDR]],Table3[Pack],0),1),"") | B94: 237.03 | C94: HS2-00003D9CT | D94: Upper Radbourne Embankment Access Stairs CH.120+395 | E94: 1MC07-ASC-CV-FRM-CS07_CL23-000074-ACBOS | F94: P01 | G94: 45271 | H94: 45306 | I94: 45307 | K94: 1MC07-CEK-IM-DAT-CS07_CL23-600144 | M94: Asset Name Mismatch, send back on 12-Dec-23 | O94: Com_dscrptn incorrect looks like confusion as asset description and Com_dscrptn should be exchanged - 8/1/24 | Q94: rvsd file rcvd 12/1/24 | U94: 10 - Complete | V94: Lee | W94: Martin, Joel <Joel.Martin@arcadis.com> | X94: =IF(AND(MainTracker[[#This Row],[Completion date.]]>=45139,MainTracker[[#This Row],[Status]]="10 - Complete"),NETWORKDAYS(MAX(MainTracker[[#This Row],[Request sent on (Date)]:[Compliant source file received on (Date)]]),MainTracker[[#This Row],[Completion date.]],Holiday[Holidays])-1,"") -> 1 | Y94: =IF(AND(MainTracker[[#This Row],[Completion date.]]>=45139,MainTracker[[#This Row],[Status]]="10 - Complete"),COUNTA(MainTracker[[#This Row],[Comments Issued 1 (include Date)]],MainTracker[[#This Row],[Comments 2 (include Date)]],MainTracker[[#This Row],[Comment 3 (include Date)]],MainTracker[[#This Row],[Comment 4 (include Date)]]),"") -> 3 | Z94: =IF(AND(MainTracker[[#This Row],[Completion date.]]>=45139,MainTracker[[#This Row],[Status]]="10 - Complete",MainTracker[[#This Row],[Compliant source file received on (Date)]]<>""),MainTracker[[#This Row],[Compliant source file received on (Date)]]-MainTracker[[#This Row],[Request sent on (Date)]],"") -> 35
A95: =_xlfn.IFNA(INDEX(Table3[],MATCH(MainTracker[[#This Row],[IDR / UFDR]],Table3[Pack],0),1),"") | B95: 237.03 | C95: HS2-00003D9CU | D95: Upper Radbourne Embankment Access Stairs CH.120+410 | E95: 1MC07-ASC-CV-FRM-CS07_CL23-000075-ACBOS | F95: P01 | G95: 45271 | H95: 45308 | I95: 45308 | K95: 1MC07-CEK-IM-DAT-CS07_CL23-600139 | M95: Com_dscrptn incorrect looks like confusion as asset description and Com_dscrptn should be exchanged - 8/1/24 | O95: Aslo UAID_1 incorrect - impact to AssetName_2 attribute 8/1/24 | Q95: rvsd file rcvd 12/1/24 | S95: rvsd file 17/1/24 | U95: 10 - Complete | V95: Lee | W95: Martin, Joel <Joel.Martin@arcadis.com> | X95: =IF(AND(MainTracker[[#This Row],[Completion date.]]>=45139,MainTracker[[#This Row],[Status]]="10 - Complete"),NETWORKDAYS(MAX(MainTracker[[#This Row],[Request sent on (Date)]:[Compliant source file received on (Date)]]),MainTracker[[#This Row],[Completion date.]],Holiday[Holidays])-1,"") -> 0 | Y95: =IF(AND(MainTracker[[#This Row],[Completion date.]]>=45139,MainTracker[[#This Row],[Status]]="10 - Complete"),COUNTA(MainTracker[[#This Row],[Comments Issued 1 (include Date)]],MainTracker[[#This Row],[Comments 2 (include Date)]],MainTracker[[#This Row],[Comment 3 (include Date)]],MainTracker[[#This Row],[Comment 4 (include Date)]]),"") -> 4 | Z95: =IF(AND(MainTracker[[#This Row],[Completion date.]]>=45139,MainTracker[[#This Row],[Status]]="10 - Complete",MainTracker[[#This Row],[Compliant source file received on (Date)]]<>""),MainTracker[[#This Row],[Compliant source file received on (Date)]]-MainTracker[[#This Row],[Request sent on (Date)]],"") -> 37
A96: =_xlfn.IFNA(INDEX(Table3[],MATCH(MainTracker[[#This Row],[IDR / UFDR]],Table3[Pack],0),1),"") | B96: 234.02 | C96: HS2-00002CTHS | D96: Highfurlong Brook Diversion | E96: 1MC07-ASC-DR-FRM-CS07_CL14-000076-ACBOS | F96: P04 | G96: 45271 | H96: 45275 | I96: 45350 | K96: 1MC07-CEK-IM-DAT-CS07_CL14-600056 | M96: Asset Name missing, send back on 11th Dec | O96: Few too small objects | Q96: Com_type Issue, send back to team | U96: 10 - Complete | V96: Supriyan | W96: C, Venkatesh <venkatesh.chavan@arcadis.com> | X96: =IF(AND(MainTracker[[#This Row],[Completion date.]]>=45139,MainTracker[[#This Row],[Status]]="10 - Complete"),NETWORKDAYS(MAX(MainTracker[[#This Row],[Request sent on (Date)]:[Compliant source file received on (Date)]]),MainTracker[[#This Row],[Completion date.]],Holiday[Holidays])-1,"") -> 47 | Y96: =IF(AND(MainTracker[[#This Row],[Completion date.]]>=45139,MainTracker[[#This Row],[Status]]="10 - Complete"),COUNTA(MainTracker[[#This Row],[Comments Issued 1 (include Date)]],MainTracker[[#This Row],[Comments 2 (include Date)]],MainTracker[[#This Row],[Comment 3 (include Date)]],MainTracker[[#This Row],[Comment 4 (include Date)]]),"") -> 3 | Z96: =IF(AND(MainTracker[[#This Row],[Completion date.]]>=45139,MainTracker[[#This Row],[Status]]="10 - Complete",MainTracker[[#This Row],[Compliant source file received on (Date)]]<>""),MainTracker[[#This Row],[Compliant source file received on (Date)]]-MainTracker[[#This Row],[Request sent on (Date)]],"") -> 4
A97: =_xlfn.IFNA(INDEX(Table3[],MATCH(MainTracker[[#This Row],[IDR / UFDR]],Table3[Pack],0),1),"") | B97: 208.2 | C97: HS2-00002CT5F | D97: C2.T.25 HS2-00002C5SP | E97: 1MC06-ASC-DR-FRM-CS04_CL18-000009-ACBOS | F97: P04 | G97: 45271 | H97: 45273 | I97: 45274 | K97: 1MC06-CEK-IM-DAT-CS04_CL18-600043 | M97: Pond outlet and inlet values set as UAID_3 | O97: file revised | U97: 10 - Complete | V97: Lee | W97: Ramos, Leo <Leomel.Ramos@arcadis.com> | X97: =IF(AND(MainTracker[[#This Row],[Completion date.]]>=45139,MainTracker[[#This Row],[Status]]="10 - Complete"),NETWORKDAYS(MAX(MainTracker[[#This Row],[Request sent on (Date)]:[Compliant source file received on (Date)]]),MainTracker[[#This Row],[Completion date.]],Holiday[Holidays])-1,"") -> 1 | Y97: =IF(AND(MainTracker[[#This Row],[Completion date.]]>=45139,MainTracker[[#This Row],[Status]]="10 - Complete"),COUNTA(MainTracker[[#This Row],[Comments Issued 1 (include Date)]],MainTracker[[#This Row],[Comments 2 (include Date)]],MainTracker[[#This Row],[Comment 3 (include Date)]],MainTracker[[#This Row],[Comment 4 (include Date)]]),"") -> 2 | Z97: =IF(AND(MainTracker[[#This Row],[Completion date.]]>=45139,MainTracker[[#This Row],[Status]]="10 - Complete",MainTracker[[#This Row],[Compliant source file received on (Date)]]<>""),MainTracker[[#This Row],[Compliant source file received on (Date)]]-MainTracker[[#This Row],[Request sent on (Date)]],"") -> 2
A98: =_xlfn.IFNA(INDEX(Table3[],MATCH(MainTracker[[#This Row],[IDR / UFDR]],Table3[Pack],0),1),"") | B98: 237.03 | C98: HS2-00002CTJV | D98: Upper Radbourne Embankment Boundary Fencing | E98: 1MC07-ASC-CV-FRM-CS07_CL23-000015-ACBOS | F98: P01 | G98: 45272 | H98: 45273 | I98: 45274 | K98: 1MC07-CEK-IM-DAT-CS07_CL23-600146 | M98: Com_type Issue send back to team on 13Dec2023 | U98: 10 - Complete | V98: Supriyan | W98: Martin, Joel <Joel.Martin@arcadis.com> | X98: =IF(AND(MainTracker[[#This Row],[Completion date.]]>=45139,MainTracker[[#This Row],[Status]]="10 - Complete"),NETWORKDAYS(MAX(MainTracker[[#This Row],[Request sent on (Date)]:[Compliant source file received on (Date)]]),MainTracker[[#This Row],[Completion date.]],Holiday[Holidays])-1,"") -> 1 | Y98: =IF(AND(MainTracker[[#This Row],[Completion date.]]>=45139,MainTracker[[#This Row],[Status]]="10 - Complete"),COUNTA(MainTracker[[#This Row],[Comments Issued 1 (include Date)]],MainTracker[[#This Row],[Comments 2 (include Date)]],MainTracker[[#This Row],[Comment 3 (include Date)]],MainTracker[[#This Row],[Comment 4 (include Date)]]),"") -> 1 | Z98: =IF(AND(MainTracker[[#This Row],[Completion date.]]>=45139,MainTracker[[#This Row],[Status]]="10 - Complete",MainTracker[[#This Row],[Compliant source file received on (Date)]]<>""),MainTracker[[#This Row],[Compliant source file received on (Date)]]-MainTracker[[#This Row],[Request sent on (Date)]],"") -> 1
A99: =_xlfn.IFNA(INDEX(Table3[],MATCH(MainTracker[[#This Row],[IDR / UFDR]],Table3[Pack],0),1),"") | B99: 237.03 | C99: HS2-00002CTJW | D99: Upper Radbourne Embankment Security Fence Line - Security Fence | E99: 1MC07-ASC-CV-FRM-CS07_CL23-000035-ACBOS | F99: P01 | G99: 45272 | H99: 45273 | I99: 45274 | K99: 1MC07-CEK-IM-DAT-CS07_CL23-600145 | M99: Com_type Issue send back to team on 13Dec2023 | U99: 10 - Complete | V99: Supriyan | W99: Martin, Joel <Joel.Martin@arcadis.com> | X99: =IF(AND(MainTracker[[#This Row],[Completion date.]]>=45139,MainTracker[[#This Row],[Status]]="10 - Complete"),NETWORKDAYS(MAX(MainTracker[[#This Row],[Request sent on (Date)]:[Compliant source file received on (Date)]]),MainTracker[[#This Row],[Completion date.]],Holiday[Holidays])-1,"") -> 1 | Y99: =IF(AND(MainTracker[[#This Row],[Completion date.]]>=45139,MainTracker[[#This Row],[Status]]="10 - Complete"),COUNTA(MainTracker[[#This Row],[Comments Issued 1 (include Date)]],MainTracker[[#This Row],[Comments 2 (include Date)]],MainTracker[[#This Row],[Comment 3 (include Date)]],MainTracker[[#This Row],[Comment 4 (include Date)]]),"") -> 1 | Z99: =IF(AND(MainTracker[[#This Row],[Completion date.]]>=45139,MainTracker[[#This Row],[Status]]="10 - Complete",MainTracker[[#This Row],[Compliant source file received on (Date)]]<>""),MainTracker[[#This Row],[Compliant source file received on (Date)]]-MainTracker[[#This Row],[Request sent on (Date)]],"") -> 1
A100: =_xlfn.IFNA(INDEX(Table3[],MATCH(MainTracker[[#This Row],[IDR / UFDR]],Table3[Pack],0),1),"") | B100: 208.2 | C100: HS2-00002BVFD | D100: C2.L.28 | E100: 1MC06-ASC-DR-FRM-CS04_CL18-000002-ACBOS | F100: P02 | G100: 45272 | H100: 45278 | I100: 45280 | K100: 1MC06-CEK-IM-DAT-CS04_CL18-600027 | M100: Com_Typ | O100: revised file 18/12/23 | U100: 10 - Complete | V100: Lee | W100: Christopher Hackett <crht@cowi.com> | X100: =IF(AND(MainTracker[[#This Row],[Completion date.]]>=45139,MainTracker[[#This Row],[Status]]="10 - Complete"),NETWORKDAYS(MAX(MainTracker[[#This Row],[Request sent on (Date)]:[Compliant source file received on (Date)]]),MainTracker[[#This Row],[Completion date.]],Holiday[Holidays])-1,"") -> 2 | Y100: =IF(AND(MainTracker[[#This Row],[Completion date.]]>=45139,MainTracker[[#This Row],[Status]]="10 - Complete"),COUNTA(MainTracker[[#This Row],[Comments Issued 1 (include Date)]],MainTracker[[#This Row],[Comments 2 (include Date)]],MainTracker[[#This Row],[Comment 3 (include Date)]],MainTracker[[#This Row],[Comment 4 (include Date)]]),"") -> 2 | Z100: =IF(AND(MainTracker[[#This Row],[Completion date.]]>=45139,MainTracker[[#This Row],[Status]]="10 - Complete",MainTracker[[#This Row],[Compliant source file received on (Date)]]<>""),MainTracker[[#This Row],[Compliant source file received on (Date)]]-MainTracker[[#This Row],[Request sent on (Date)]],"") -> 6
...

Sheet List_Values
A1: Statuses | E1: Holidays
A2: 00 - To Start | E2: 45285
A3: 01 - Ongoing | E3: 45286
A4: 03 - MDQC | C4: Pre-IDR | E4: 45287 | G4: UFDR = Utilities Final Design Review
A5: 04 - SQL Upload / JSON creation | C5: Post-IDR | E5: 45288
A6: 05 - JSON produced and in checker | E6: 45289
A7: 07 - Producer to check | E7: 45292
A8: 08 - Checker to check | E8: 45380
A9: 09 - Reviewer to check | E9: 45383
A10: 10 - Complete | E10: 45418
A11: 30 - Sent back to team | E11: 45439
A12: 50 - HOLD | E12: 45530
A13: 99 - Cancelled | E13: 45651
E14: 45652

Sheet MS_DAC_Team
A1: IDR / UFDR | B1: L2 Asset and UAID_2 | C1: JSON File in PW | D1: Comments
A5: 224.1 | B5: HS2-000001062 - Turweston Cutting | C5: 1MC06-CEK-IM-DAT-CS06_CL22-600075 | D5: Review completed by Central Team
A7: 224.1 | B7: HS2-00002BVJJ - Turweston Cutting Landscape Earthworks | C7: 1MC06-CEK-IM-DAT-CS06_CL22-600090 | D7: Review completed by Central Team
A9: 215.01 | B9: HS2-00002BJUC - Calvert Cutting Retaining Wall | C9: 1MC06-CEK-IM-DAT-CS06_CL09-600091 | D9: Review completed by Central Team
A11: 215.01 | B11: HS2-000001425 - Shepherds Furze Culvert | C11: 1MC06-CEK-IM-DAT-CS06_CL09-600153 | D11: Review completed by Central Team
A13: 214.01-1 | B13: HS2-000001308 - Bridleway GUN/28 Accommodation Green Overbridge | C13: 1MC06-CEK-IM-DAT-CS05-600116 | D13: Review completed by Central Team

Sheet WIP-ReportBack
A1: WorkPackage | B1: UAID_2 | C1: Package | D1: Cleansed_UAID_2 | E1: Request Date | F1: Status | G1: CompletedDate | I1: Work Packages | J1: Assets | K1: L3 (Last Work Package only) | L1: Package | M1: L2 | N1: Date received | O1: Status | P1: CompletedDate
A2: 233.01-2 | B2: HS2-00002NJ06 | C2: =IF(LEFT(TrackerTbl[[#This Row],[WorkPackage]],1)="U",TrackerTbl[[#This Row],[WorkPackage]],"IDR "&TRIM(TrackerTbl[[#This Row],[WorkPackage]])) -> IDR 233.01-2 | D2: =TRIM(TrackerTbl[[#This Row],[UAID_2]]) -> HS2-00002NJ06 | E2: =_xlfn.MAXIFS(Central_Team!G:G,Central_Team!C:C,TrackerTbl[[#This Row],[UAID_2]]) -> 45392 | F2: {=INDEX(MainTracker[#Data],MATCH(1,(TrackerTbl[[#This Row],[UAID_2]]=MainTracker[UAID_2])*(TrackerTbl[[#This Row],[Request Date]]=MainTracker[Request sent on (Date)])*1,0),21)} -> 10 - Complete | G2: {=INDEX(MainTracker[#Data],MATCH(1,(TrackerTbl[[#This Row],[UAID_2]]=MainTracker[UAID_2])*(TrackerTbl[[#This Row],[Request Date]]=MainTracker[Request sent on (Date)])*1,0),9)} -> 45414 | I2: UFDR 238.E - A423 Banbury Road Overbridge Main Works (NGED) | J2: HS2-00003L5EE - Ladbroke Grove Farm Water Supply | K2: UFDR 238.E - A423 Banbury Road Overbridge Main Works (NGED) | L2: =LEFT(Table58[[#This Row],[L3 (Last Work Package only)]],FIND(" - ",Table58[[#This Row],[L3 (Last Work Package only)]])-1) -> UFDR 238.E | M2: =LEFT(Table58[[#This Row],[Assets]],FIND(" - ",Table58[[#This Row],[Assets]])-1) -> HS2-00003L5EE | N2: =INDEX(TrackerTbl[#Data],MATCH(Table58[[#This Row],[L2]],TrackerTbl[Cleansed_UAID_2],0),5) -> 45544 | O2: =INDEX(TrackerTbl[#Data],MATCH(Table58[[#This Row],[L2]],TrackerTbl[Cleansed_UAID_2],0),6) -> 10 - Complete | P2: =INDEX(TrackerTbl[#Data],MATCH(Table58[[#This Row],[L2]],TrackerTbl[Cleansed_UAID_2],0),7) -> 45546
A3: 236.01 | B3: HS2-00002XCBC | C3: =IF(LEFT(TrackerTbl[[#This Row],[WorkPackage]],1)="U",TrackerTbl[[#This Row],[WorkPackage]],"IDR "&TRIM(TrackerTbl[[#This Row],[WorkPackage]])) -> IDR 236.01 | D3: =TRIM(TrackerTbl[[#This Row],[UAID_2]]) -> HS2-00002XCBC | E3: =_xlfn.MAXIFS(Central_Team!G:G,Central_Team!C:C,TrackerTbl[[#This Row],[UAID_2]]) -> 45230 | F3: {=INDEX(MainTracker[#Data],MATCH(1,(TrackerTbl[[#This Row],[UAID_2]]=MainTracker[UAID_2])*(TrackerTbl[[#This Row],[Request Date]]=MainTracker[Request sent on (Date)])*1,0),21)} -> 10 - Complete | G3: {=INDEX(MainTracker[#Data],MATCH(1,(TrackerTbl[[#This Row],[UAID_2]]=MainTracker[UAID_2])*(TrackerTbl[[#This Row],[Request Date]]=MainTracker[Request sent on (Date)])*1,0),9)} -> 45240 | J3: HS2-000020CKR - CNO-125-007HV | K3: UFDR 239.E - B4451 Kineton Road Overbridge NGED Diversions | L3: =LEFT(Table58[[#This Row],[L3 (Last Work Package only)]],FIND(" - ",Table58[[#This Row],[L3 (Last Work Package only)]])-1) -> UFDR 239.E | M3: =LEFT(Table58[[#This Row],[Assets]],FIND(" - ",Table58[[#This Row],[Assets]])-1) -> HS2-000020CKR | N3: =INDEX(TrackerTbl[#Data],MATCH(Table58[[#This Row],[L2]],TrackerTbl[Cleansed_UAID_2],0),5) -> 45484 | O3: =INDEX(TrackerTbl[#Data],MATCH(Table58[[#This Row],[L2]],TrackerTbl[Cleansed_UAID_2],0),6) -> 10 - Complete | P3: =INDEX(TrackerTbl[#Data],MATCH(Table58[[#This Row],[L2]],TrackerTbl[Cleansed_UAID_2],0),7) -> 45489
A4: 216.01 | B4: HS2-00002CT9B | C4: =IF(LEFT(TrackerTbl[[#This Row],[WorkPackage]],1)="U",TrackerTbl[[#This Row],[WorkPackage]],"IDR "&TRIM(TrackerTbl[[#This Row],[WorkPackage]])) -> IDR 216.01 | D4: =TRIM(TrackerTbl[[#This Row],[UAID_2]]) -> HS2-00002CT9B | E4: =_xlfn.MAXIFS(Central_Team!G:G,Central_Team!C:C,TrackerTbl[[#This Row],[UAID_2]]) -> 45230 | F4: {=INDEX(MainTracker[#Data],MATCH(1,(TrackerTbl[[#This Row],[UAID_2]]=MainTracker[UAID_2])*(TrackerTbl[[#This Row],[Request Date]]=MainTracker[Request sent on (Date)])*1,0),21)} -> 10 - Complete | G4: {=INDEX(MainTracker[#Data],MATCH(1,(TrackerTbl[[#This Row],[UAID_2]]=MainTracker[UAID_2])*(TrackerTbl[[#This Row],[Request Date]]=MainTracker[Request sent on (Date)])*1,0),9)} -> 45639 | J4: HS2-00002CTKR - CNO-125-007LV | K4: UFDR 239.E - B4451 Kineton Road Overbridge NGED Diversions | L4: =LEFT(Table58[[#This Row],[L3 (Last Work Package only)]],FIND(" - ",Table58[[#This Row],[L3 (Last Work Package only)]])-1) -> UFDR 239.E | M4: =LEFT(Table58[[#This Row],[Assets]],FIND(" - ",Table58[[#This Row],[Assets]])-1) -> HS2-00002CTKR | N4: =INDEX(TrackerTbl[#Data],MATCH(Table58[[#This Row],[L2]],TrackerTbl[Cleansed_UAID_2],0),5) -> 45484 | O4: =INDEX(TrackerTbl[#Data],MATCH(Table58[[#This Row],[L2]],TrackerTbl[Cleansed_UAID_2],0),6) -> 10 - Complete | P4: =INDEX(TrackerTbl[#Data],MATCH(Table58[[#This Row],[L2]],TrackerTbl[Cleansed_UAID_2],0),7) -> 45489
A5: 216.01 | B5: HS2-00002CT9B | C5: =IF(LEFT(TrackerTbl[[#This Row],[WorkPackage]],1)="U",TrackerTbl[[#This Row],[WorkPackage]],"IDR "&TRIM(TrackerTbl[[#This Row],[WorkPackage]])) -> IDR 216.01 | D5: =TRIM(TrackerTbl[[#This Row],[UAID_2]]) -> HS2-00002CT9B | E5: =_xlfn.MAXIFS(Central_Team!G:G,Central_Team!C:C,TrackerTbl[[#This Row],[UAID_2]]) -> 45230 | F5: {=INDEX(MainTracker[#Data],MATCH(1,(TrackerTbl[[#This Row],[UAID_2]]=MainTracker[UAID_2])*(TrackerTbl[[#This Row],[Request Date]]=MainTracker[Request sent on (Date)])*1,0),21)} -> 10 - Complete | G5: {=INDEX(MainTracker[#Data],MATCH(1,(TrackerTbl[[#This Row],[UAID_2]]=MainTracker[UAID_2])*(TrackerTbl[[#This Row],[Request Date]]=MainTracker[Request sent on (Date)])*1,0),9)} -> 45639 | J5: HS2-000020CKX - CNO-125-012 | K5: UFDR 239.D - Southam Cutting Utilities (NGED) | L5: =LEFT(Table58[[#This Row],[L3 (Last Work Package only)]],FIND(" - ",Table58[[#This Row],[L3 (Last Work Package only)]])-1) -> UFDR 239.D | M5: =LEFT(Table58[[#This Row],[Assets]],FIND(" - ",Table58[[#This Row],[Assets]])-1) -> HS2-000020CKX | N5: =INDEX(TrackerTbl[#Data],MATCH(Table58[[#This Row],[L2]],TrackerTbl[Cleansed_UAID_2],0),5) -> #N/A | O5: =INDEX(TrackerTbl[#Data],MATCH(Table58[[#This Row],[L2]],TrackerTbl[Cleansed_UAID_2],0),6) -> #N/A | P5: =INDEX(TrackerTbl[#Data],MATCH(Table58[[#This Row],[L2]],TrackerTbl[Cleansed_UAID_2],0),7) -> #N/A
A6: 216.01 | B6: HS2-00002CT9B | C6: =IF(LEFT(TrackerTbl[[#This Row],[WorkPackage]],1)="U",TrackerTbl[[#This Row],[WorkPackage]],"IDR "&TRIM(TrackerTbl[[#This Row],[WorkPackage]])) -> IDR 216.01 | D6: =TRIM(TrackerTbl[[#This Row],[UAID_2]]) -> HS2-00002CT9B | E6: =_xlfn.MAXIFS(Central_Team!G:G,Central_Team!C:C,TrackerTbl[[#This Row],[UAID_2]]) -> 45230 | F6: {=INDEX(MainTracker[#Data],MATCH(1,(TrackerTbl[[#This Row],[UAID_2]]=MainTracker[UAID_2])*(TrackerTbl[[#This Row],[Request Date]]=MainTracker[Request sent on (Date)])*1,0),21)} -> 10 - Complete | G6: {=INDEX(MainTracker[#Data],MATCH(1,(TrackerTbl[[#This Row],[UAID_2]]=MainTracker[UAID_2])*(TrackerTbl[[#This Row],[Request Date]]=MainTracker[Request sent on (Date)])*1,0),9)} -> 45639 | J6: HS2-00002H9MN - CNO-126-020 | K6: UFDR 239.B - Southam Cutting Utilities | L6: =LEFT(Table58[[#This Row],[L3 (Last Work Package only)]],FIND(" - ",Table58[[#This Row],[L3 (Last Work Package only)]])-1) -> UFDR 239.B | M6: =LEFT(Table58[[#This Row],[Assets]],FIND(" - ",Table58[[#This Row],[Assets]])-1) -> HS2-00002H9MN | N6: =INDEX(TrackerTbl[#Data],MATCH(Table58[[#This Row],[L2]],TrackerTbl[Cleansed_UAID_2],0),5) -> #N/A | O6: =INDEX(TrackerTbl[#Data],MATCH(Table58[[#This Row],[L2]],TrackerTbl[Cleansed_UAID_2],0),6) -> #N/A | P6: =INDEX(TrackerTbl[#Data],MATCH(Table58[[#This Row],[L2]],TrackerTbl[Cleansed_UAID_2],0),7) -> #N/A
A7: 216.01 | B7: HS2-00002CT9B | C7: =IF(LEFT(TrackerTbl[[#This Row],[WorkPackage]],1)="U",TrackerTbl[[#This Row],[WorkPackage]],"IDR "&TRIM(TrackerTbl[[#This Row],[WorkPackage]])) -> IDR 216.01 | D7: =TRIM(TrackerTbl[[#This Row],[UAID_2]]) -> HS2-00002CT9B | E7: =_xlfn.MAXIFS(Central_Team!G:G,Central_Team!C:C,TrackerTbl[[#This Row],[UAID_2]]) -> 45230 | F7: {=INDEX(MainTracker[#Data],MATCH(1,(TrackerTbl[[#This Row],[UAID_2]]=MainTracker[UAID_2])*(TrackerTbl[[#This Row],[Request Date]]=MainTracker[Request sent on (Date)])*1,0),21)} -> 10 - Complete | G7: {=INDEX(MainTracker[#Data],MATCH(1,(TrackerTbl[[#This Row],[UAID_2]]=MainTracker[UAID_2])*(TrackerTbl[[#This Row],[Request Date]]=MainTracker[Request sent on (Date)])*1,0),9)} -> 45639 | J7: HS2-000020CKS - CNO-125-002 | K7: UFDR 239.A - B4451 Kineton Road Overbridge Utilities | L7: =LEFT(Table58[[#This Row],[L3 (Last Work Package only)]],FIND(" - ",Table58[[#This Row],[L3 (Last Work Package only)]])-1) -> UFDR 239.A | M7: =LEFT(Table58[[#This Row],[Assets]],FIND(" - ",Table58[[#This Row],[Assets]])-1) -> HS2-000020CKS | N7: =INDEX(TrackerTbl[#Data],MATCH(Table58[[#This Row],[L2]],TrackerTbl[Cleansed_UAID_2],0),5) -> 45455 | O7: =INDEX(TrackerTbl[#Data],MATCH(Table58[[#This Row],[L2]],TrackerTbl[Cleansed_UAID_2],0),6) -> 10 - Complete | P7: =INDEX(TrackerTbl[#Data],MATCH(Table58[[#This Row],[L2]],TrackerTbl[Cleansed_UAID_2],0),7) -> 45461
A8: 204.3-1 | B8: HS2-00002BJS0 | C8: =IF(LEFT(TrackerTbl[[#This Row],[WorkPackage]],1)="U",TrackerTbl[[#This Row],[WorkPackage]],"IDR "&TRIM(TrackerTbl[[#This Row],[WorkPackage]])) -> IDR 204.3-1 | D8: =TRIM(TrackerTbl[[#This Row],[UAID_2]]) -> HS2-00002BJS0 | E8: =_xlfn.MAXIFS(Central_Team!G:G,Central_Team!C:C,TrackerTbl[[#This Row],[UAID_2]]) -> 45350 | F8: {=INDEX(MainTracker[#Data],MATCH(1,(TrackerTbl[[#This Row],[UAID_2]]=MainTracker[UAID_2])*(TrackerTbl[[#This Row],[Request Date]]=MainTracker[Request sent on (Date)])*1,0),21)} -> 10 - Complete | G8: {=INDEX(MainTracker[#Data],MATCH(1,(TrackerTbl[[#This Row],[UAID_2]]=MainTracker[UAID_2])*(TrackerTbl[[#This Row],[Request Date]]=MainTracker[Request sent on (Date)])*1,0),9)} -> 45356 | J8: HS2-000020CKZ - CNO-125-001 | K8: UFDR 239.A - B4451 Kineton Road Overbridge Utilities | L8: =LEFT(Table58[[#This Row],[L3 (Last Work Package only)]],FIND(" - ",Table58[[#This Row],[L3 (Last Work Package only)]])-1) -> UFDR 239.A | M8: =LEFT(Table58[[#This Row],[Assets]],FIND(" - ",Table58[[#This Row],[Assets]])-1) -> HS2-000020CKZ | N8: =INDEX(TrackerTbl[#Data],MATCH(Table58[[#This Row],[L2]],TrackerTbl[Cleansed_UAID_2],0),5) -> 45455 | O8: =INDEX(TrackerTbl[#Data],MATCH(Table58[[#This Row],[L2]],TrackerTbl[Cleansed_UAID_2],0),6) -> 10 - Complete | P8: =INDEX(TrackerTbl[#Data],MATCH(Table58[[#This Row],[L2]],TrackerTbl[Cleansed_UAID_2],0),7) -> 45461
A9: 236.01 | B9: HS2-00003B585 | C9: =IF(LEFT(TrackerTbl[[#This Row],[WorkPackage]],1)="U",TrackerTbl[[#This Row],[WorkPackage]],"IDR "&TRIM(TrackerTbl[[#This Row],[WorkPackage]])) -> IDR 236.01 | D9: =TRIM(TrackerTbl[[#This Row],[UAID_2]]) -> HS2-00003B585 | E9: =_xlfn.MAXIFS(Central_Team!G:G,Central_Team!C:C,TrackerTbl[[#This Row],[UAID_2]]) -> 45231 | F9: {=INDEX(MainTracker[#Data],MATCH(1,(TrackerTbl[[#This Row],[UAID_2]]=MainTracker[UAID_2])*(TrackerTbl[[#This Row],[Request Date]]=MainTracker[Request sent on (Date)])*1,0),21)} -> 10 - Complete | G9: {=INDEX(MainTracker[#Data],MATCH(1,(TrackerTbl[[#This Row],[UAID_2]]=MainTracker[UAID_2])*(TrackerTbl[[#This Row],[Request Date]]=MainTracker[Request sent on (Date)])*1,0),9)} -> 45240 | J9: HS2-00003B2H4 - C23-125-0003 | K9: UFDR 239.A - B4451 Kineton Road Overbridge Utilities | L9: =LEFT(Table58[[#This Row],[L3 (Last Work Package only)]],FIND(" - ",Table58[[#This Row],[L3 (Last Work Package only)]])-1) -> UFDR 239.A | M9: =LEFT(Table58[[#This Row],[Assets]],FIND(" - ",Table58[[#This Row],[Assets]])-1) -> HS2-00003B2H4 | N9: =INDEX(TrackerTbl[#Data],MATCH(Table58[[#This Row],[L2]],TrackerTbl[Cleansed_UAID_2],0),5) -> 45455 | O9: =INDEX(TrackerTbl[#Data],MATCH(Table58[[#This Row],[L2]],TrackerTbl[Cleansed_UAID_2],0),6) -> 10 - Complete | P9: =INDEX(TrackerTbl[#Data],MATCH(Table58[[#This Row],[L2]],TrackerTbl[Cleansed_UAID_2],0),7) -> 45461
A10: 216.01-2 | B10: HS2-00002CT8U | C10: =IF(LEFT(TrackerTbl[[#This Row],[WorkPackage]],1)="U",TrackerTbl[[#This Row],[WorkPackage]],"IDR "&TRIM(TrackerTbl[[#This Row],[WorkPackage]])) -> IDR 216.01-2 | D10: =TRIM(TrackerTbl[[#This Row],[UAID_2]]) -> HS2-00002CT8U | E10: =_xlfn.MAXIFS(Central_Team!G:G,Central_Team!C:C,TrackerTbl[[#This Row],[UAID_2]]) -> 45232 | F10: {=INDEX(MainTracker[#Data],MATCH(1,(TrackerTbl[[#This Row],[UAID_2]]=MainTracker[UAID_2])*(TrackerTbl[[#This Row],[Request Date]]=MainTracker[Request sent on (Date)])*1,0),21)} -> 10 - Complete | G10: {=INDEX(MainTracker[#Data],MATCH(1,(TrackerTbl[[#This Row],[UAID_2]]=MainTracker[UAID_2])*(TrackerTbl[[#This Row],[Request Date]]=MainTracker[Request sent on (Date)])*1,0),9)} -> 45236 | J10: HS2-000020CKP - CNO-124-008HV | K10: UFDR 238.H - Banbury Rd Overbridge Main Works (NGED) | L10: =LEFT(Table58[[#This Row],[L3 (Last Work Package only)]],FIND(" - ",Table58[[#This Row],[L3 (Last Work Package only)]])-1) -> UFDR 238.H | M10: =LEFT(Table58[[#This Row],[Assets]],FIND(" - ",Table58[[#This Row],[Assets]])-1) -> HS2-000020CKP | N10: =INDEX(TrackerTbl[#Data],MATCH(Table58[[#This Row],[L2]],TrackerTbl[Cleansed_UAID_2],0),5) -> 45510 | O10: =INDEX(TrackerTbl[#Data],MATCH(Table58[[#This Row],[L2]],TrackerTbl[Cleansed_UAID_2],0),6) -> 10 - Complete | P10: =INDEX(TrackerTbl[#Data],MATCH(Table58[[#This Row],[L2]],TrackerTbl[Cleansed_UAID_2],0),7) -> 45513
A11: 230.01 | B11: HS2-00002PRWV | C11: =IF(LEFT(TrackerTbl[[#This Row],[WorkPackage]],1)="U",TrackerTbl[[#This Row],[WorkPackage]],"IDR "&TRIM(TrackerTbl[[#This Row],[WorkPackage]])) -> IDR 230.01 | D11: =TRIM(TrackerTbl[[#This Row],[UAID_2]]) -> HS2-00002PRWV | E11: =_xlfn.MAXIFS(Central_Team!G:G,Central_Team!C:C,TrackerTbl[[#This Row],[UAID_2]]) -> 45232 | F11: {=INDEX(MainTracker[#Data],MATCH(1,(TrackerTbl[[#This Row],[UAID_2]]=MainTracker[UAID_2])*(TrackerTbl[[#This Row],[Request Date]]=MainTracker[Request sent on (Date)])*1,0),21)} -> 10 - Complete | G11: {=INDEX(MainTracker[#Data],MATCH(1,(TrackerTbl[[#This Row],[UAID_2]]=MainTracker[UAID_2])*(TrackerTbl[[#This Row],[Request Date]]=MainTracker[Request sent on (Date)])*1,0),9)} -> 45237 | J11: HS2-000020CKJ - CNO-123-001 | K11: UFDR 238.G - A423 Banbury Road Overbridge Multi-Utility Permanent Diversions | L11: =LEFT(Table58[[#This Row],[L3 (Last Work Package only)]],FIND(" - ",Table58[[#This Row],[L3 (Last Work Package only)]])-1) -> UFDR 238.G | M11: =LEFT(Table58[[#This Row],[Assets]],FIND(" - ",Table58[[#This Row],[Assets]])-1) -> HS2-000020CKJ | N11: =INDEX(TrackerTbl[#Data],MATCH(Table58[[#This Row],[L2]],TrackerTbl[Cleansed_UAID_2],0),5) -> 45469 | O11: =INDEX(TrackerTbl[#Data],MATCH(Table58[[#This Row],[L2]],TrackerTbl[Cleansed_UAID_2],0),6) -> 10 - Complete | P11: =INDEX(TrackerTbl[#Data],MATCH(Table58[[#This Row],[L2]],TrackerTbl[Cleansed_UAID_2],0),7) -> 45477
A12: 223.4 | B12: HS2-00002BJV0 | C12: =IF(LEFT(TrackerTbl[[#This Row],[WorkPackage]],1)="U",TrackerTbl[[#This Row],[WorkPackage]],"IDR "&TRIM(TrackerTbl[[#This Row],[WorkPackage]])) -> IDR 223.4 | D12: =TRIM(TrackerTbl[[#This Row],[UAID_2]]) -> HS2-00002BJV0 | E12: =_xlfn.MAXIFS(Central_Team!G:G,Central_Team!C:C,TrackerTbl[[#This Row],[UAID_2]]) -> 45254 | F12: {=INDEX(MainTracker[#Data],MATCH(1,(TrackerTbl[[#This Row],[UAID_2]]=MainTracker[UAID_2])*(TrackerTbl[[#This Row],[Request Date]]=MainTracker[Request sent on (Date)])*1,0),21)} -> 10 - Complete | G12: {=INDEX(MainTracker[#Data],MATCH(1,(TrackerTbl[[#This Row],[UAID_2]]=MainTracker[UAID_2])*(TrackerTbl[[#This Row],[Request Date]]=MainTracker[Request sent on (Date)])*1,0),9)} -> 45257 | J12: HS2-000020CKL - CNO-124-003 | K12: UFDR 238.G - A423 Banbury Road Overbridge Multi-Utility Permanent Diversions | L12: =LEFT(Table58[[#This Row],[L3 (Last Work Package only)]],FIND(" - ",Table58[[#This Row],[L3 (Last Work Package only)]])-1) -> UFDR 238.G | M12: =LEFT(Table58[[#This Row],[Assets]],FIND(" - ",Table58[[#This Row],[Assets]])-1) -> HS2-000020CKL | N12: =INDEX(TrackerTbl[#Data],MATCH(Table58[[#This Row],[L2]],TrackerTbl[Cleansed_UAID_2],0),5) -> 45469 | O12: =INDEX(TrackerTbl[#Data],MATCH(Table58[[#This Row],[L2]],TrackerTbl[Cleansed_UAID_2],0),6) -> 10 - Complete | P12: =INDEX(TrackerTbl[#Data],MATCH(Table58[[#This Row],[L2]],TrackerTbl[Cleansed_UAID_2],0),7) -> 45476
A13: 223.4 | B13: HS2-00002BJV1 | C13: =IF(LEFT(TrackerTbl[[#This Row],[WorkPackage]],1)="U",TrackerTbl[[#This Row],[WorkPackage]],"IDR "&TRIM(TrackerTbl[[#This Row],[WorkPackage]])) -> IDR 223.4 | D13: =TRIM(TrackerTbl[[#This Row],[UAID_2]]) -> HS2-00002BJV1 | E13: =_xlfn.MAXIFS(Central_Team!G:G,Central_Team!C:C,TrackerTbl[[#This Row],[UAID_2]]) -> 45254 | F13: {=INDEX(MainTracker[#Data],MATCH(1,(TrackerTbl[[#This Row],[UAID_2]]=MainTracker[UAID_2])*(TrackerTbl[[#This Row],[Request Date]]=MainTracker[Request sent on (Date)])*1,0),21)} -> 10 - Complete | G13: {=INDEX(MainTracker[#Data],MATCH(1,(TrackerTbl[[#This Row],[UAID_2]]=MainTracker[UAID_2])*(TrackerTbl[[#This Row],[Request Date]]=MainTracker[Request sent on (Date)])*1,0),9)} -> 45257 | J13: HS2-000020CKM - CNO-124-005 | K13: UFDR 238.G - A423 Banbury Road Overbridge Multi-Utility Permanent Diversions | L13: =LEFT(Table58[[#This Row],[L3 (Last Work Package only)]],FIND(" - ",Table58[[#This Row],[L3 (Last Work Package only)]])-1) -> UFDR 238.G | M13: =LEFT(Table58[[#This Row],[Assets]],FIND(" - ",Table58[[#This Row],[Assets]])-1) -> HS2-000020CKM | N13: =INDEX(TrackerTbl[#Data],MATCH(Table58[[#This Row],[L2]],TrackerTbl[Cleansed_UAID_2],0),5) -> 45469 | O13: =INDEX(TrackerTbl[#Data],MATCH(Table58[[#This Row],[L2]],TrackerTbl[Cleansed_UAID_2],0),6) -> 10 - Complete | P13: =INDEX(TrackerTbl[#Data],MATCH(Table58[[#This Row],[L2]],TrackerTbl[Cleansed_UAID_2],0),7) -> 45476
A14: 223.4 | B14: HS2-00002BJV2 | C14: =IF(LEFT(TrackerTbl[[#This Row],[WorkPackage]],1)="U",TrackerTbl[[#This Row],[WorkPackage]],"IDR "&TRIM(TrackerTbl[[#This Row],[WorkPackage]])) -> IDR 223.4 | D14: =TRIM(TrackerTbl[[#This Row],[UAID_2]]) -> HS2-00002BJV2 | E14: =_xlfn.MAXIFS(Central_Team!G:G,Central_Team!C:C,TrackerTbl[[#This Row],[UAID_2]]) -> 45254 | F14: {=INDEX(MainTracker[#Data],MATCH(1,(TrackerTbl[[#This Row],[UAID_2]]=MainTracker[UAID_2])*(TrackerTbl[[#This Row],[Request Date]]=MainTracker[Request sent on (Date)])*1,0),21)} -> 10 - Complete | G14: {=INDEX(MainTracker[#Data],MATCH(1,(TrackerTbl[[#This Row],[UAID_2]]=MainTracker[UAID_2])*(TrackerTbl[[#This Row],[Request Date]]=MainTracker[Request sent on (Date)])*1,0),9)} -> 45257 | J14: HS2-000020CKG - CNO-124-001 | K14: UFDR 238.E - A423 Banbury Road Overbridge Main Works (NGED) | L14: =LEFT(Table58[[#This Row],[L3 (Last Work Package only)]],FIND(" - ",Table58[[#This Row],[L3 (Last Work Package only)]])-1) -> UFDR 238.E | M14: =LEFT(Table58[[#This Row],[Assets]],FIND(" - ",Table58[[#This Row],[Assets]])-1) -> HS2-000020CKG | N14: =INDEX(TrackerTbl[#Data],MATCH(Table58[[#This Row],[L2]],TrackerTbl[Cleansed_UAID_2],0),5) -> 45541 | O14: =INDEX(TrackerTbl[#Data],MATCH(Table58[[#This Row],[L2]],TrackerTbl[Cleansed_UAID_2],0),6) -> 10 - Complete | P14: =INDEX(TrackerTbl[#Data],MATCH(Table58[[#This Row],[L2]],TrackerTbl[Cleansed_UAID_2],0),7) -> 45546
A15: 223.4 | B15: HS2-00002BJV3 | C15: =IF(LEFT(TrackerTbl[[#This Row],[WorkPackage]],1)="U",TrackerTbl[[#This Row],[WorkPackage]],"IDR "&TRIM(TrackerTbl[[#This Row],[WorkPackage]])) -> IDR 223.4 | D15: =TRIM(TrackerTbl[[#This Row],[UAID_2]]) -> HS2-00002BJV3 | E15: =_xlfn.MAXIFS(Central_Team!G:G,Central_Team!C:C,TrackerTbl[[#This Row],[UAID_2]]) -> 45232 | F15: {=INDEX(MainTracker[#Data],MATCH(1,(TrackerTbl[[#This Row],[UAID_2]]=MainTracker[UAID_2])*(TrackerTbl[[#This Row],[Request Date]]=MainTracker[Request sent on (Date)])*1,0),21)} -> 10 - Complete | G15: {=INDEX(MainTracker[#Data],MATCH(1,(TrackerTbl[[#This Row],[UAID_2]]=MainTracker[UAID_2])*(TrackerTbl[[#This Row],[Request Date]]=MainTracker[Request sent on (Date)])*1,0),9)} -> 45239 | J15: HS2-00002TMEV - CNO-123-001T | K15: UFDR 238.D - A423 Banbury Road Advanced Utilities | L15: =LEFT(Table58[[#This Row],[L3 (Last Work Package only)]],FIND(" - ",Table58[[#This Row],[L3 (Last Work Package only)]])-1) -> UFDR 238.D | M15: =LEFT(Table58[[#This Row],[Assets]],FIND(" - ",Table58[[#This Row],[Assets]])-1) -> HS2-00002TMEV | N15: =INDEX(TrackerTbl[#Data],MATCH(Table58[[#This Row],[L2]],TrackerTbl[Cleansed_UAID_2],0),5) -> #N/A | O15: =INDEX(TrackerTbl[#Data],MATCH(Table58[[#This Row],[L2]],TrackerTbl[Cleansed_UAID_2],0),6) -> #N/A | P15: =INDEX(TrackerTbl[#Data],MATCH(Table58[[#This Row],[L2]],TrackerTbl[Cleansed_UAID_2],0),7) -> #N/A
A16: 223.4 | B16: HS2-00002J4YM | C16: =IF(LEFT(TrackerTbl[[#This Row],[WorkPackage]],1)="U",TrackerTbl[[#This Row],[WorkPackage]],"IDR "&TRIM(TrackerTbl[[#This Row],[WorkPackage]])) -> IDR 223.4 | D16: =TRIM(TrackerTbl[[#This Row],[UAID_2]]) -> HS2-00002J4YM | E16: =_xlfn.MAXIFS(Central_Team!G:G,Central_Team!C:C,TrackerTbl[[#This Row],[UAID_2]]) -> 45232 | F16: {=INDEX(MainTracker[#Data],MATCH(1,(TrackerTbl[[#This Row],[UAID_2]]=MainTracker[UAID_2])*(TrackerTbl[[#This Row],[Request Date]]=MainTracker[Request sent on (Date)])*1,0),21)} -> 10 - Complete | G16: {=INDEX(MainTracker[#Data],MATCH(1,(TrackerTbl[[#This Row],[UAID_2]]=MainTracker[UAID_2])*(TrackerTbl[[#This Row],[Request Date]]=MainTracker[Request sent on (Date)])*1,0),9)} -> 45259 | J16: HS2-00002TMEW - CNO-124-003T | K16: UFDR 238.D - A423 Banbury Road Advanced Utilities | L16: =LEFT(Table58[[#This Row],[L3 (Last Work Package only)]],FIND(" - ",Table58[[#This Row],[L3 (Last Work Package only)]])-1) -> UFDR 238.D | M16: =LEFT(Table58[[#This Row],[Assets]],FIND(" - ",Table58[[#This Row],[Assets]])-1) -> HS2-00002TMEW | N16: =INDEX(TrackerTbl[#Data],MATCH(Table58[[#This Row],[L2]],TrackerTbl[Cleansed_UAID_2],0),5) -> #N/A | O16: =INDEX(TrackerTbl[#Data],MATCH(Table58[[#This Row],[L2]],TrackerTbl[Cleansed_UAID_2],0),6) -> #N/A | P16: =INDEX(TrackerTbl[#Data],MATCH(Table58[[#This Row],[L2]],TrackerTbl[Cleansed_UAID_2],0),7) -> #N/A
A17: 235.01-1 | B17: HS2-000001456 | C17: =IF(LEFT(TrackerTbl[[#This Row],[WorkPackage]],1)="U",TrackerTbl[[#This Row],[WorkPackage]],"IDR "&TRIM(TrackerTbl[[#This Row],[WorkPackage]])) -> IDR 235.01-1 | D17: =TRIM(TrackerTbl[[#This Row],[UAID_2]]) -> HS2-000001456 | E17: =_xlfn.MAXIFS(Central_Team!G:G,Central_Team!C:C,TrackerTbl[[#This Row],[UAID_2]]) -> 45471 | F17: {=INDEX(MainTracker[#Data],MATCH(1,(TrackerTbl[[#This Row],[UAID_2]]=MainTracker[UAID_2])*(TrackerTbl[[#This Row],[Request Date]]=MainTracker[Request sent on (Date)])*1,0),21)} -> 10 - Complete | G17: {=INDEX(MainTracker[#Data],MATCH(1,(TrackerTbl[[#This Row],[UAID_2]]=MainTracker[UAID_2])*(TrackerTbl[[#This Row],[Request Date]]=MainTracker[Request sent on (Date)])*1,0),9)} -> 45475 | J17: HS2-000020CKE - CNO-122-002P | K17: UFDR 238.C - Windmill Lane Temporary Utilities - [WSP] | L17: =LEFT(Table58[[#This Row],[L3 (Last Work Package only)]],FIND(" - ",Table58[[#This Row],[L3 (Last Work Package only)]])-1) -> UFDR 238.C | M17: =LEFT(Table58[[#This Row],[Assets]],FIND(" - ",Table58[[#This Row],[Assets]])-1) -> HS2-000020CKE | N17: =INDEX(TrackerTbl[#Data],MATCH(Table58[[#This Row],[L2]],TrackerTbl[Cleansed_UAID_2],0),5) -> #N/A | O17: =INDEX(TrackerTbl[#Data],MATCH(Table58[[#This Row],[L2]],TrackerTbl[Cleansed_UAID_2],0),6) -> #N/A | P17: =INDEX(TrackerTbl[#Data],MATCH(Table58[[#This Row],[L2]],TrackerTbl[Cleansed_UAID_2],0),7) -> #N/A
A18: 237.02 | B18: HS2-00002EL0S | C18: =IF(LEFT(TrackerTbl[[#This Row],[WorkPackage]],1)="U",TrackerTbl[[#This Row],[WorkPackage]],"IDR "&TRIM(TrackerTbl[[#This Row],[WorkPackage]])) -> IDR 237.02 | D18: =TRIM(TrackerTbl[[#This Row],[UAID_2]]) -> HS2-00002EL0S | E18: =_xlfn.MAXIFS(Central_Team!G:G,Central_Team!C:C,TrackerTbl[[#This Row],[UAID_2]]) -> 45275 | F18: {=INDEX(MainTracker[#Data],MATCH(1,(TrackerTbl[[#This Row],[UAID_2]]=MainTracker[UAID_2])*(TrackerTbl[[#This Row],[Request Date]]=MainTracker[Request sent on (Date)])*1,0),21)} -> 10 - Complete | G18: {=INDEX(MainTracker[#Data],MATCH(1,(TrackerTbl[[#This Row],[UAID_2]]=MainTracker[UAID_2])*(TrackerTbl[[#This Row],[Request Date]]=MainTracker[Request sent on (Date)])*1,0),9)} -> 45278 | J18: HS2-000020CKN - CNO-124-007 | K18: UFDR 238.B - A423 Banbury Road Overbridge Main Works | L18: =LEFT(Table58[[#This Row],[L3 (Last Work Package only)]],FIND(" - ",Table58[[#This Row],[L3 (Last Work Package only)]])-1) -> UFDR 238.B | M18: =LEFT(Table58[[#This Row],[Assets]],FIND(" - ",Table58[[#This Row],[Assets]])-1) -> HS2-000020CKN | N18: =INDEX(TrackerTbl[#Data],MATCH(Table58[[#This Row],[L2]],TrackerTbl[Cleansed_UAID_2],0),5) -> #N/A | O18: =INDEX(TrackerTbl[#Data],MATCH(Table58[[#This Row],[L2]],TrackerTbl[Cleansed_UAID_2],0),6) -> #N/A | P18: =INDEX(TrackerTbl[#Data],MATCH(Table58[[#This Row],[L2]],TrackerTbl[Cleansed_UAID_2],0),7) -> #N/A
A19: 237.02 | B19: HS2-00002CTJT | C19: =IF(LEFT(TrackerTbl[[#This Row],[WorkPackage]],1)="U",TrackerTbl[[#This Row],[WorkPackage]],"IDR "&TRIM(TrackerTbl[[#This Row],[WorkPackage]])) -> IDR 237.02 | D19: =TRIM(TrackerTbl[[#This Row],[UAID_2]]) -> HS2-00002CTJT | E19: =_xlfn.MAXIFS(Central_Team!G:G,Central_Team!C:C,TrackerTbl[[#This Row],[UAID_2]]) -> 45275 | F19: {=INDEX(MainTracker[#Data],MATCH(1,(TrackerTbl[[#This Row],[UAID_2]]=MainTracker[UAID_2])*(TrackerTbl[[#This Row],[Request Date]]=MainTracker[Request sent on (Date)])*1,0),21)} -> 10 - Complete | G19: {=INDEX(MainTracker[#Data],MATCH(1,(TrackerTbl[[#This Row],[UAID_2]]=MainTracker[UAID_2])*(TrackerTbl[[#This Row],[Request Date]]=MainTracker[Request sent on (Date)])*1,0),9)} -> 45278 | J19: HS2-000020CKA - CNO-122-003 | K19: UFDR 238.A - Windmill Lane Utilities [WSP] | L19: =LEFT(Table58[[#This Row],[L3 (Last Work Package only)]],FIND(" - ",Table58[[#This Row],[L3 (Last Work Package only)]])-1) -> UFDR 238.A | M19: =LEFT(Table58[[#This Row],[Assets]],FIND(" - ",Table58[[#This Row],[Assets]])-1) -> HS2-000020CKA | N19: =INDEX(TrackerTbl[#Data],MATCH(Table58[[#This Row],[L2]],TrackerTbl[Cleansed_UAID_2],0),5) -> #N/A | O19: =INDEX(TrackerTbl[#Data],MATCH(Table58[[#This Row],[L2]],TrackerTbl[Cleansed_UAID_2],0),6) -> #N/A | P19: =INDEX(TrackerTbl[#Data],MATCH(Table58[[#This Row],[L2]],TrackerTbl[Cleansed_UAID_2],0),7) -> #N/A
A20: 218.02-1 | B20: HS2-00002KRAM | C20: =IF(LEFT(TrackerTbl[[#This Row],[WorkPackage]],1)="U",TrackerTbl[[#This Row],[WorkPackage]],"IDR "&TRIM(TrackerTbl[[#This Row],[WorkPackage]])) -> IDR 218.02-1 | D20: =TRIM(TrackerTbl[[#This Row],[UAID_2]]) -> HS2-00002KRAM | E20: =_xlfn.MAXIFS(Central_Team!G:G,Central_Team!C:C,TrackerTbl[[#This Row],[UAID_2]]) -> 45251 | F20: {=INDEX(MainTracker[#Data],MATCH(1,(TrackerTbl[[#This Row],[UAID_2]]=MainTracker[UAID_2])*(TrackerTbl[[#This Row],[Request Date]]=MainTracker[Request sent on (Date)])*1,0),21)} -> 10 - Complete | G20: {=INDEX(MainTracker[#Data],MATCH(1,(TrackerTbl[[#This Row],[UAID_2]]=MainTracker[UAID_2])*(TrackerTbl[[#This Row],[Request Date]]=MainTracker[Request sent on (Date)])*1,0),9)} -> 45251 | J20: HS2-00002CTKH - CNO-122-002T | K20: UFDR 238.A - Windmill Lane Utilities [WSP] | L20: =LEFT(Table58[[#This Row],[L3 (Last Work Package only)]],FIND(" - ",Table58[[#This Row],[L3 (Last Work Package only)]])-1) -> UFDR 238.A | M20: =LEFT(Table58[[#This Row],[Assets]],FIND(" - ",Table58[[#This Row],[Assets]])-1) -> HS2-00002CTKH | N20: =INDEX(TrackerTbl[#Data],MATCH(Table58[[#This Row],[L2]],TrackerTbl[Cleansed_UAID_2],0),5) -> #N/A | O20: =INDEX(TrackerTbl[#Data],MATCH(Table58[[#This Row],[L2]],TrackerTbl[Cleansed_UAID_2],0),6) -> #N/A | P20: =INDEX(TrackerTbl[#Data],MATCH(Table58[[#This Row],[L2]],TrackerTbl[Cleansed_UAID_2],0),7) -> #N/A
A21: 220.5 | B21: HS2-00002BJUL | C21: =IF(LEFT(TrackerTbl[[#This Row],[WorkPackage]],1)="U",TrackerTbl[[#This Row],[WorkPackage]],"IDR "&TRIM(TrackerTbl[[#This Row],[WorkPackage]])) -> IDR 220.5 | D21: =TRIM(TrackerTbl[[#This Row],[UAID_2]]) -> HS2-00002BJUL | E21: =_xlfn.MAXIFS(Central_Team!G:G,Central_Team!C:C,TrackerTbl[[#This Row],[UAID_2]]) -> 45450 | F21: {=INDEX(MainTracker[#Data],MATCH(1,(TrackerTbl[[#This Row],[UAID_2]]=MainTracker[UAID_2])*(TrackerTbl[[#This Row],[Request Date]]=MainTracker[Request sent on (Date)])*1,0),21)} -> 10 - Complete | G21: {=INDEX(MainTracker[#Data],MATCH(1,(TrackerTbl[[#This Row],[UAID_2]]=MainTracker[UAID_2])*(TrackerTbl[[#This Row],[Request Date]]=MainTracker[Request sent on (Date)])*1,0),9)} -> 45457 | J21: HS2-000020CK7 - CNO-121-003 | K21: UFDR 237.C - Ladbroke Grove Farm Accommodation Overbridge Main Works (NGED) | L21: =LEFT(Table58[[#This Row],[L3 (Last Work Package only)]],FIND(" - ",Table58[[#This Row],[L3 (Last Work Package only)]])-1) -> UFDR 237.C | M21: =LEFT(Table58[[#This Row],[Assets]],FIND(" - ",Table58[[#This Row],[Assets]])-1) -> HS2-000020CK7 | N21: =INDEX(TrackerTbl[#Data],MATCH(Table58[[#This Row],[L2]],TrackerTbl[Cleansed_UAID_2],0),5) -> 45379 | O21: =INDEX(TrackerTbl[#Data],MATCH(Table58[[#This Row],[L2]],TrackerTbl[Cleansed_UAID_2],0),6) -> 10 - Complete | P21: =INDEX(TrackerTbl[#Data],MATCH(Table58[[#This Row],[L2]],TrackerTbl[Cleansed_UAID_2],0),7) -> 45384
A22: 220.5 | B22: HS2-00002BJUM | C22: =IF(LEFT(TrackerTbl[[#This Row],[WorkPackage]],1)="U",TrackerTbl[[#This Row],[WorkPackage]],"IDR "&TRIM(TrackerTbl[[#This Row],[WorkPackage]])) -> IDR 220.5 | D22: =TRIM(TrackerTbl[[#This Row],[UAID_2]]) -> HS2-00002BJUM | E22: =_xlfn.MAXIFS(Central_Team!G:G,Central_Team!C:C,TrackerTbl[[#This Row],[UAID_2]]) -> 45450 | F22: {=INDEX(MainTracker[#Data],MATCH(1,(TrackerTbl[[#This Row],[UAID_2]]=MainTracker[UAID_2])*(TrackerTbl[[#This Row],[Request Date]]=MainTracker[Request sent on (Date)])*1,0),21)} -> 10 - Complete | G22: {=INDEX(MainTracker[#Data],MATCH(1,(TrackerTbl[[#This Row],[UAID_2]]=MainTracker[UAID_2])*(TrackerTbl[[#This Row],[Request Date]]=MainTracker[Request sent on (Date)])*1,0),9)} -> 45457 | J22: HS2-000020CK5 - CNO-121-001 | K22: UFDR 237.B - Ladbroke Grove Farm Accommodation Overbridge Main Works | L22: =LEFT(Table58[[#This Row],[L3 (Last Work Package only)]],FIND(" - ",Table58[[#This Row],[L3 (Last Work Package only)]])-1) -> UFDR 237.B | M22: =LEFT(Table58[[#This Row],[Assets]],FIND(" - ",Table58[[#This Row],[Assets]])-1) -> HS2-000020CK5 | N22: =INDEX(TrackerTbl[#Data],MATCH(Table58[[#This Row],[L2]],TrackerTbl[Cleansed_UAID_2],0),5) -> #N/A | O22: =INDEX(TrackerTbl[#Data],MATCH(Table58[[#This Row],[L2]],TrackerTbl[Cleansed_UAID_2],0),6) -> #N/A | P22: =INDEX(TrackerTbl[#Data],MATCH(Table58[[#This Row],[L2]],TrackerTbl[Cleansed_UAID_2],0),7) -> #N/A
A23: 220.5 | B23: HS2-00002J4YG | C23: =IF(LEFT(TrackerTbl[[#This Row],[WorkPackage]],1)="U",TrackerTbl[[#This Row],[WorkPackage]],"IDR "&TRIM(TrackerTbl[[#This Row],[WorkPackage]])) -> IDR 220.5 | D23: =TRIM(TrackerTbl[[#This Row],[UAID_2]]) -> HS2-00002J4YG | E23: =_xlfn.MAXIFS(Central_Team!G:G,Central_Team!C:C,TrackerTbl[[#This Row],[UAID_2]]) -> 45450 | F23: {=INDEX(MainTracker[#Data],MATCH(1,(TrackerTbl[[#This Row],[UAID_2]]=MainTracker[UAID_2])*(TrackerTbl[[#This Row],[Request Date]]=MainTracker[Request sent on (Date)])*1,0),21)} -> 10 - Complete | G23: {=INDEX(MainTracker[#Data],MATCH(1,(TrackerTbl[[#This Row],[UAID_2]]=MainTracker[UAID_2])*(TrackerTbl[[#This Row],[Request Date]]=MainTracker[Request sent on (Date)])*1,0),9)} -> 45457 | J23: HS2-000020CK8 - CNO-121-004 | K23: UFDR 237.B - Ladbroke Grove Farm Accommodation Overbridge Main Works | L23: =LEFT(Table58[[#This Row],[L3 (Last Work Package only)]],FIND(" - ",Table58[[#This Row],[L3 (Last Work Package only)]])-1) -> UFDR 237.B | M23: =LEFT(Table58[[#This Row],[Assets]],FIND(" - ",Table58[[#This Row],[Assets]])-1) -> HS2-000020CK8 | N23: =INDEX(TrackerTbl[#Data],MATCH(Table58[[#This Row],[L2]],TrackerTbl[Cleansed_UAID_2],0),5) -> #N/A | O23: =INDEX(TrackerTbl[#Data],MATCH(Table58[[#This Row],[L2]],TrackerTbl[Cleansed_UAID_2],0),6) -> #N/A | P23: =INDEX(TrackerTbl[#Data],MATCH(Table58[[#This Row],[L2]],TrackerTbl[Cleansed_UAID_2],0),7) -> #N/A
