Workbook

Sheet Sheet1
A1: Level 2 UAID | B1: Level 2 Asset Name | C1: MPDT
A2: HS2-00003CPX7 | B2: Doddershall Embankment Planting Plot 9 | C2: =INDEX('MPDT(star) in EV'!A:A,MATCH(B2,'MPDT(star) in EV'!C:C,0)) -> 1MC06-CEK-EV-FRM-CS05-600010
A3: HS2-00003CPX6 | B3: Doddershall Embankment Planting Plot 8 | C3: =INDEX('MPDT(star) in EV'!A:A,MATCH(B3,'MPDT(star) in EV'!C:C,0)) -> 1MC06-CEK-EV-FRM-CS05-600009
A4: HS2-00003CPX4 | B4: Doddershall Embankment Planting Plot 7 | C4: =INDEX('MPDT(star) in EV'!A:A,MATCH(B4,'MPDT(star) in EV'!C:C,0)) -> 1MC06-CEK-EV-FRM-CS05-600008
A5: HS2-00003CPX3 | B5: Doddershall Embankment Planting Plot 6 | C5: =INDEX('MPDT(star) in EV'!A:A,MATCH(B5,'MPDT(star) in EV'!C:C,0)) -> 1MC06-CEK-EV-FRM-CS05-600007
A6: HS2-00003CPX2 | B6: Doddershall Embankment Planting Plot 5 | C6: =INDEX('MPDT(star) in EV'!A:A,MATCH(B6,'MPDT(star) in EV'!C:C,0)) -> 1MC06-CEK-EV-FRM-CS05-600006
A7: HS2-00003CPX1 | B7: Doddershall Embankment Planting Plot 4 | C7: =INDEX('MPDT(star) in EV'!A:A,MATCH(B7,'MPDT(star) in EV'!C:C,0)) -> 1MC06-CEK-EV-FRM-CS05-600005
A8: HS2-00003CPWZ | B8: Doddershall Embankment Planting Plot 3 | C8: =INDEX('MPDT(star) in EV'!A:A,MATCH(B8,'MPDT(star) in EV'!C:C,0)) -> 1MC06-CEK-EV-FRM-CS05-600004
A9: HS2-00003CPWY | B9: Doddershall Embankment Planting Plot 2 | C9: =INDEX('MPDT(star) in EV'!A:A,MATCH(B9,'MPDT(star) in EV'!C:C,0)) -> 1MC06-CEK-EV-FRM-CS05-600003
A10: HS2-00003CPWX | B10: Doddershall Embankment Planting Plot 1 | C10: =INDEX('MPDT(star) in EV'!A:A,MATCH(B10,'MPDT(star) in EV'!C:C,0)) -> 1MC06-CEK-EV-FRM-CS05-600002
A11: HS2-00002WUML | B11: Whaddon Hill Cutting Planting-West Plot 4 | C11: =INDEX('MPDT(star) in EV'!A:A,MATCH(B11,'MPDT(star) in EV'!C:C,0)) -> 1MC06-CEK-EV-FRM-CS04_CL19-000028
A12: HS2-00002WUMK | B12: Whaddon Hill Cutting Planting-West Plot 3 | C12: =INDEX('MPDT(star) in EV'!A:A,MATCH(B12,'MPDT(star) in EV'!C:C,0)) -> 1MC06-CEK-EV-FRM-CS04_CL19-000027
A13: HS2-00002WUMJ | B13: Whaddon Hill Cutting Planting-West Plot 2 | C13: =INDEX('MPDT(star) in EV'!A:A,MATCH(B13,'MPDT(star) in EV'!C:C,0)) -> 1MC06-CEK-EV-FRM-CS04_CL19-000026
... A255: HS2-0000386TG | B255: Mixbury Cutting Planting Plot 1 | C255: =INDEX('MPDT(star) in EV'!A:A,MATCH(B255,'MPDT(star) in EV'!C:C,0)) -> 1MC06-ASC-EV-FRM-CS06_CL22-900001
A256: HS2-00003B93M | B256: Calvert Cutting Planting Plot 17 | C256: =INDEX(MDPTs!A:A,MATCH(B256,MDPTs!C:C,0)) -> 1MC06-ASC-EV-FRM-CS06_CL09-900028
A257: HS2-00003B93L | B257: Calvert Cutting Planting Plot 16 | C257: =INDEX(MDPTs!A:A,MATCH(B257,MDPTs!C:C,0)) -> 1MC06-ASC-EV-FRM-CS06_CL09-900026
A258: HS2-00003B93K | B258: Calvert Cutting Planting Plot 15 | C258: =INDEX(MDPTs!A:A,MATCH(B258,MDPTs!C:C,0)) -> 1MC06-ASC-EV-FRM-CS06_CL09-900025
A259: HS2-00003B93J | B259: Calvert Cutting Planting Plot 14 | C259: =INDEX(MDPTs!A:A,MATCH(B259,MDPTs!C:C,0)) -> 1MC06-ASC-EV-FRM-CS06_CL09-900024
A260: HS2-00003B93H | B260: Calvert Cutting Planting Plot 13 | C260: =INDEX(MDPTs!A:A,MATCH(B260,MDPTs!C:C,0)) -> 1MC06-ASC-EV-FRM-CS06_CL09-900022
A261: HS2-00003B93G | B261: Calvert Cutting Planting Plot 12 | C261: =INDEX(MDPTs!A:A,MATCH(B261,MDPTs!C:C,0)) -> 1MC06-ASC-EV-FRM-CS06_CL09-900020
A262: HS2-00003B93F | B262: Calvert Cutting Planting Plot 11 | C262: =INDEX(MDPTs!A:A,MATCH(B262,MDPTs!C:C,0)) -> 1MC06-ASC-EV-FRM-CS06_CL09-900019
A263: HS2-00003B93D | B263: Calvert Cutting Planting Plot 9 | C263: =INDEX(MDPTs!A:A,MATCH(B263,MDPTs!C:C,0)) -> 1MC06-ASC-EV-FRM-CS06_CL09-900016
A264: HS2-00003B93C | B264: Calvert Cutting Planting Plot 8 | C264: =INDEX(MDPTs!A:A,MATCH(B264,MDPTs!C:C,0)) -> 1MC06-ASC-EV-FRM-CS06_CL09-900014
A265: HS2-00003B93B | B265: Calvert Cutting Planting Plot 7 | C265: =INDEX(MDPTs!A:A,MATCH(B265,MDPTs!C:C,0)) -> 1MC06-ASC-EV-FRM-CS06_CL09-900012
A266: HS2-00003B93A | B266: Calvert Cutting Planting Plot 6 | C266: =INDEX(MDPTs!A:A,MATCH(B266,MDPTs!C:C,0)) -> 1MC06-ASC-EV-FRM-CS06_CL09-900010
A267: HS2-00003B939 | B267: Calvert Cutting Planting Plot 5 | C267: =INDEX(MDPTs!A:A,MATCH(B267,MDPTs!C:C,0)) -> 1MC06-ASC-EV-FRM-CS06_CL09-900008
... A290: HS2-00003B92J | B290: Twyford Embankment planting Plot 1 | C290: =INDEX(MDPTs!A:A,MATCH(B290,MDPTs!C:C,0)) -> 1MC06-ASC-EV-FRM-CS06_CL09-900003
A291: HS2-00003CPYJ | B291: Brackley South Cutting Planting Plot 16 | C291: =INDEX('MPDT(star) in EV'!A:A,MATCH(B291,'MPDT(star) in EV'!C:C,0)) -> 1MC07-ASC-EV-FRM-CS07_CL12-900063
A292: HS2-00003CPYH | B292: Brackley South Cutting Planting Plot 15 | C292: =INDEX('MPDT(star) in EV'!A:A,MATCH(B292,'MPDT(star) in EV'!C:C,0)) -> 1MC07-ASC-EV-FRM-CS07_CL12-900062
A293: HS2-00003CPYF | B293: Brackley South Cutting Planting Plot 14 | C293: =INDEX('MPDT(star) in EV'!A:A,MATCH(B293,'MPDT(star) in EV'!C:C,0)) -> 1MC07-ASC-EV-FRM-CS07_CL12-900061
A294: HS2-00003CPYE | B294: Brackley South Cutting Planting Plot 13 | C294: =INDEX('MPDT(star) in EV'!A:A,MATCH(B294,'MPDT(star) in EV'!C:C,0)) -> 1MC07-ASC-EV-FRM-CS07_CL12-900060
A295: HS2-00003CPYD | B295: Brackley South Cutting Planting Plot 12 | C295: =INDEX('MPDT(star) in EV'!A:A,MATCH(B295,'MPDT(star) in EV'!C:C,0)) -> 1MC07-ASC-EV-FRM-CS07_CL12-900059
A296: HS2-00003CPYC | B296: Brackley South Cutting Planting Plot 11 | C296: =INDEX('MPDT(star) in EV'!A:A,MATCH(B296,'MPDT(star) in EV'!C:C,0)) -> 1MC07-ASC-EV-FRM-CS07_CL12-900058
A297: HS2-00003CPYA | B297: Brackley South Cutting Planting Plot 10 | C297: =INDEX('MPDT(star) in EV'!A:A,MATCH(B297,'MPDT(star) in EV'!C:C,0)) -> 1MC07-ASC-EV-FRM-CS07_CL12-900057
A298: HS2-00003CPY9 | B298: Brackley South Cutting Planting Plot 9 | C298: =INDEX('MPDT(star) in EV'!A:A,MATCH(B298,'MPDT(star) in EV'!C:C,0)) -> 1MC07-ASC-EV-FRM-CS07_CL12-900056
A299: HS2-00003CPY8 | B299: Brackley South Cutting Planting Plot 8 | C299: =INDEX('MPDT(star) in EV'!A:A,MATCH(B299,'MPDT(star) in EV'!C:C,0)) -> 1MC07-ASC-EV-FRM-CS07_CL12-900055
A300: HS2-00003CPY6 | B300: Brackley South Cutting Planting Plot 7 | C300: =INDEX('MPDT(star) in EV'!A:A,MATCH(B300,'MPDT(star) in EV'!C:C,0)) -> 1MC07-ASC-EV-FRM-CS07_CL12-900054
A301: HS2-00003CPY5 | B301: Brackley South Cutting Planting Plot 6 | C301: =INDEX('MPDT(star) in EV'!A:A,MATCH(B301,'MPDT(star) in EV'!C:C,0)) -> 1MC07-ASC-EV-FRM-CS07_CL12-900053
A302: HS2-00003CPY4 | B302: Brackley South Cutting Planting Plot 5 | C302: =INDEX('MPDT(star) in EV'!A:A,MATCH(B302,'MPDT(star) in EV'!C:C,0)) -> 1MC07-ASC-EV-FRM-CS07_CL12-900052
... A344: HS2-00003JYH2 | B344: Greatworth North Embankment Planting-Plot 1 | C344: =INDEX('MPDT(star) in EV'!A:A,MATCH(B344,'MPDT(star) in EV'!C:C,0)) -> 1MC07-ASC-EV-REP-CS07_CL12-000007
A345: HS2-00003B2GV | B345: Greatworth South Cutting Planting Plot 10 | C345: =INDEX('(star)MPDT in EV'!A:A,MATCH(B345,'(star)MPDT in EV'!C:C,0)) -> 1MC07-ASC-EV-FRM-CS07_CL12-900010
A346: HS2-00003B2GU | B346: Greatworth South Cutting Planting Plot 9 | C346: =INDEX('(star)MPDT in EV'!A:A,MATCH(B346,'(star)MPDT in EV'!C:C,0)) -> 1MC07-ASC-EV-FRM-CS07_CL12-900009
A347: HS2-00003B2H1 | B347: Greatworth South Cutting Planting Plot 2 | C347: =INDEX('(star)MPDT in EV'!A:A,MATCH(B347,'(star)MPDT in EV'!C:C,0)) -> 1MC07-ASC-EV-FRM-CS07_CL12-900002
A348: HS2-00003B2H0 | B348: Greatworth South Cutting Planting Plot 1 | C348: =INDEX('(star)MPDT in EV'!A:A,MATCH(B348,'(star)MPDT in EV'!C:C,0)) -> 1MC07-ASC-EV-FRM-CS07_CL12-900001
A349: HS2-00003B2GZ | B349: Greatworth South Cutting Planting Plot 6 | C349: =INDEX('(star)MPDT in EV'!A:A,MATCH(B349,'(star)MPDT in EV'!C:C,0)) -> 1MC07-ASC-EV-FRM-CS07_CL12-900006
A350: HS2-00003B2GY | B350: Greatworth South Cutting Planting Plot 5 | C350: =INDEX('(star)MPDT in EV'!A:A,MATCH(B350,'(star)MPDT in EV'!C:C,0)) -> 1MC07-ASC-EV-FRM-CS07_CL12-900005
A351: HS2-00003B2GX | B351: Greatworth South Cutting Planting Plot 4 | C351: =INDEX('(star)MPDT in EV'!A:A,MATCH(B351,'(star)MPDT in EV'!C:C,0)) -> 1MC07-ASC-EV-FRM-CS07_CL12-900004
A352: HS2-00003B2GW | B352: Greatworth South Cutting Planting Plot 3 | C352: =INDEX('(star)MPDT in EV'!A:A,MATCH(B352,'(star)MPDT in EV'!C:C,0)) -> 1MC07-ASC-EV-FRM-CS07_CL12-900003
A353: HS2-00003B2GT | B353: Greatworth South Cutting Planting Plot 7 | C353: =INDEX('(star)MPDT in EV'!A:A,MATCH(B353,'(star)MPDT in EV'!C:C,0)) -> 1MC07-ASC-EV-FRM-CS07_CL12-900007
A354: HS2-00003B2GS | B354: Greatworth South Cutting Planting Plot 8 | C354: =INDEX('(star)MPDT in EV'!A:A,MATCH(B354,'(star)MPDT in EV'!C:C,0)) -> 1MC07-ASC-EV-FRM-CS07_CL12-900008
A355: HS2-00003B2GR | B355: Greatworth South Cutting Planting Plot 14 | C355: =INDEX('(star)MPDT in EV'!A:A,MATCH(B355,'(star)MPDT in EV'!C:C,0)) -> 1MC07-ASC-EV-FRM-CS07_CL12-900014
A356: HS2-00003B2GQ | B356: Greatworth South Cutting Planting Plot 13 | C356: =INDEX('(star)MPDT in EV'!A:A,MATCH(B356,'(star)MPDT in EV'!C:C,0)) -> 1MC07-ASC-EV-FRM-CS07_CL12-900013
... A360: HS2-00003B2GL | B360: Greatworth South Embankment Planting Plot 1 | C360: =INDEX('(star)MPDT in EV'!A:A,MATCH(B360,'(star)MPDT in EV'!C:C,0)) -> 1MC07-ASC-EV-FRM-CS07_CL12-900015
A361: HS2-00002WUQP | B361: Highfurlong Brook Embankment Planting-West Plot 3 | C361: =INDEX('MPDT(star) in EV'!A:A,MATCH(B361,'MPDT(star) in EV'!C:C,0)) -> 1MC07-ASC-EV-REP-CS07_CL14-000012
A362: HS2-00002WUQN | B362: Highfurlong Brook Embankment Planting-West Plot 2 | C362: =INDEX('MPDT(star) in EV'!A:A,MATCH(B362,'MPDT(star) in EV'!C:C,0)) -> 1MC07-ASC-EV-REP-CS07_CL14-000011
A363: HS2-00002WUQM | B363: Highfurlong Brook Embankment Planting-West Plot 1 | C363: =INDEX('MPDT(star) in EV'!A:A,MATCH(B363,'MPDT(star) in EV'!C:C,0)) -> 1MC07-ASC-EV-REP-CS07_CL14-000010
A364: HS2-00002WUQL | B364: Highfurlong Brook Embankment Planting-East Plot 2 | C364: =INDEX('MPDT(star) in EV'!A:A,MATCH(B364,'MPDT(star) in EV'!C:C,0)) -> 1MC07-ASC-EV-REP-CS07_CL14-000013
A365: HS2-00002WUQK | B365: Highfurlong Brook Embankment Planting-East Plot 1 | C365: =INDEX('MPDT(star) in EV'!A:A,MATCH(B365,'MPDT(star) in EV'!C:C,0)) -> 1MC07-ASC-EV-REP-CS07_CL14-000009
A366: HS2-00002WUQJ | B366: Highfurlong Brook Viaduct Planting-West Plot 2 | C366: =INDEX('MPDT(star) in EV'!A:A,MATCH(B366,'MPDT(star) in EV'!C:C,0)) -> 1MC07-ASC-EV-REP-CS07_CL14-000022
A367: HS2-00002WUQH | B367: Highfurlong Brook Viaduct Planting-West Plot 1 | C367: =INDEX('MPDT(star) in EV'!A:A,MATCH(B367,'MPDT(star) in EV'!C:C,0)) -> 1MC07-ASC-EV-REP-CS07_CL14-000021
A368: HS2-00002WUQG | B368: Highfurlong Brook Viaduct Planting-East Plot 2 | C368: =INDEX('MPDT(star) in EV'!A:A,MATCH(B368,'MPDT(star) in EV'!C:C,0)) -> 1MC07-ASC-EV-REP-CS07_CL14-000020
A369: HS2-00002WUQF | B369: Highfurlong Brook Viaduct Planting-East Plot 1 | C369: =INDEX('MPDT(star) in EV'!A:A,MATCH(B369,'MPDT(star) in EV'!C:C,0)) -> 1MC07-ASC-EV-REP-CS07_CL14-000019
A370: HS2-00002WURC | B370: Boddington Cutting Planting-East Plot 7 | C370: =INDEX('MPDT(star) in EV'!A:A,MATCH(B370,'MPDT(star) in EV'!C:C,0)) -> 1MC07-ASC-EV-REP-CS07_CL14-000037
A371: HS2-00002WURQ | B371: Boddington Cutting Planting-West Plot 11 | C371: =INDEX('MPDT(star) in EV'!A:A,MATCH(B371,'MPDT(star) in EV'!C:C,0)) -> 1MC07-ASC-EV-REP-CS07_CL14-000049
A372: HS2-00002WURP | B372: Boddington Cutting Planting-West Plot 10 | C372: =INDEX('MPDT(star) in EV'!A:A,MATCH(B372,'MPDT(star) in EV'!C:C,0)) -> 1MC07-ASC-EV-REP-CS07_CL14-000048
... A481: HS2-00003BPL3 | B481: Barton to Mixbury Cutting Planting Plot 9 | C481: =INDEX('MPDT(star) in EV'!A:A,MATCH(B481,'MPDT(star) in EV'!C:C,0)) -> 1MC06-ASC-EV-FRM-CS06_CL21-900019

Sheet MPDT(star) in EV
A1: Name | B1: Description | D1: Rev.Ver | E1: State | F1: Updated By | G1: Updated | H1: File Updated By | I1: File Updated | J1: Created By | K1: Created | L1: File Size | M1: Project ID | N1: Version | O1: Project Title | P1: Folder Name | Q1: Folder Description | R1: Environment | S1: Folder Id | T1: Application | U1: Title | V1: File Name | W1: Out to | X1: File Revision | Y1: Reference Status | Z1: Doc. Reference | AA1: Suitability | AB1: Revision note | AC1: Status
A2: 1MC06-ASC-EV-FRM-CS06_CL09-900035 | B2: MPDT Calvert Cutting Planting Plot 19 | C2: Calvert Cutting Planting Plot 19 | D2: P01 | E2: Approve (Shared) | F2: laurence.meyer_inter.setec.fr | G2: 45608.677 | H2: laurence.meyer_inter.setec.fr | I2: 45608.677 | J2: Hub_DC_Birmingham_Central | K2: 45604.558 | L2: 174 KB | M2: 1MC06 | N2: P01 | O2: North Portal Chiltern Tunnels to Brackley | P2: 01 - Docs | Q2: SDK | R2: HS2_DJV_Documents | S2: 278380 | T2: Microsoft Excel | U2: MPDT Calvert Cutting Planting Plot 19 | V2: 1MC06-ASC-EV-FRM-CS06_CL09-900035.xlsx | Y2: APPROVED | Z2: 1MC06-ASC-EV-FRM-CS06_CL09-900035 | AA2: S3 | AB2: Internal Review | AC2: Final
A3: 1MC06-ASC-EV-FRM-CS06_CL10-900001 | B3: MPDT - Twyford Cutting Planting Plot 1 | C3: Twyford Cutting Planting Plot 1 | D3: P03.1 | E3: Work in Progress | F3: Tamara Georgescu | G3: 46064.772 | H3: laurence.meyer_inter.setec.fr | I3: 45404.6 | J3: Hub_DC_Birmingham_Central | K3: 45167.304 | L3: 182 KB | M3: 1MC06 | N3: P03.1 | O3: North Portal Chiltern Tunnels to Brackley | P3: 01 - Docs | Q3: SDK | R3: HS2_DJV_Documents | S3: 288345 | T3: Microsoft Excel | U3: MPDT - Twyford Cutting Planting Plot 1 | V3: 1MC06-ASC-EV-FRM-CS06_CL10-900001.xlsm | Y3: UNAPPROVED | Z3: 1MC06-ASC-EV-FRM-CS06_CL10-900001 | AA3: S0 | AC3: Checked In
A4: 1MC06-ASC-EV-FRM-CS06_CL10-900001 | B4: MPDT - Twyford Cutting Planting Plot 1 | C4: Twyford Cutting Planting Plot 1 | D4: P02 | E4: Approve (Shared) | F4: Tamara Georgescu | G4: 46064.772 | H4: laurence.meyer_inter.setec.fr | I4: 45404.6 | J4: Tamara Georgescu | K4: 45167.304 | L4: 182 KB | M4: 1MC06 | N4: P02 | O4: North Portal Chiltern Tunnels to Brackley | P4: 01 - Docs | Q4: SDK | R4: HS2_DJV_Documents | S4: 288345 | T4: Microsoft Excel | U4: MPDT - Twyford Cutting Planting Plot 1 | V4: 1MC06-ASC-EV-FRM-CS06_CL10-900001.xlsm | Y4: APPROVED | Z4: 1MC06-ASC-EV-FRM-CS06_CL10-900001 | AA4: S3 | AB4: Revised in line with comments | AC4: Checked In
A5: 1MC06-ASC-EV-FRM-CS06_CL10-900001 | B5: MPDT - Twyford Cutting Planting Plot 1 | C5: Twyford Cutting Planting Plot 1 | D5: P01 | E5: Approve (Shared) | F5: Tamara Georgescu | G5: 45401.368 | H5: laurence.meyer_inter.setec.fr | I5: 45394.659 | J5: Tamara Georgescu | K5: 45167.304 | L5: 182 KB | M5: 1MC06 | N5: P01 | O5: North Portal Chiltern Tunnels to Brackley | P5: 01 - Docs | Q5: SDK | R5: HS2_DJV_Documents | S5: 288345 | T5: Microsoft Excel | U5: MPDT - Twyford Cutting Planting Plot 1 | V5: 1MC06-ASC-EV-FRM-CS06_CL10-900001.xlsm | Y5: APPROVED | Z5: 1MC06-ASC-EV-FRM-CS06_CL10-900001 | AA5: S3 | AB5: First Issue | AC5: Checked In
A6: 1MC06-ASC-EV-FRM-CS06_CL10-900002 | B6: MPDT - Twyford Cutting Planting Plot 2 | C6: Twyford Cutting Planting Plot 2 | D6: P03.1 | E6: Work in Progress | F6: Tamara Georgescu | G6: 46064.772 | H6: laurence.meyer_inter.setec.fr | I6: 45404.601 | J6: Hub_DC_Birmingham_Central | K6: 45167.304 | L6: 184 KB | M6: 1MC06 | N6: P03.1 | O6: North Portal Chiltern Tunnels to Brackley | P6: 01 - Docs | Q6: SDK | R6: HS2_DJV_Documents | S6: 288345 | T6: Microsoft Excel | U6: MPDT - Twyford Cutting Planting Plot 2 | V6: 1MC06-ASC-EV-FRM-CS06_CL10-900002.xlsm | Y6: UNAPPROVED | Z6: 1MC06-ASC-EV-FRM-CS06_CL10-900002 | AA6: S0 | AC6: Checked In
A7: 1MC06-ASC-EV-FRM-CS06_CL10-900002 | B7: MPDT - Twyford Cutting Planting Plot 2 | C7: Twyford Cutting Planting Plot 2 | D7: P02 | E7: Approve (Shared) | F7: Tamara Georgescu | G7: 46064.772 | H7: laurence.meyer_inter.setec.fr | I7: 45404.601 | J7: Tamara Georgescu | K7: 45167.304 | L7: 184 KB | M7: 1MC06 | N7: P02 | O7: North Portal Chiltern Tunnels to Brackley | P7: 01 - Docs | Q7: SDK | R7: HS2_DJV_Documents | S7: 288345 | T7: Microsoft Excel | U7: MPDT - Twyford Cutting Planting Plot 2 | V7: 1MC06-ASC-EV-FRM-CS06_CL10-900002.xlsm | Y7: APPROVED | Z7: 1MC06-ASC-EV-FRM-CS06_CL10-900002 | AA7: S3 | AB7: Revised in line with comments | AC7: Checked In
A8: 1MC06-ASC-EV-FRM-CS06_CL10-900002 | B8: MPDT - Twyford Cutting Planting Plot 2 | C8: Twyford Cutting Planting Plot 2 | D8: P01 | E8: Approve (Shared) | F8: Tamara Georgescu | G8: 45401.368 | H8: laurence.meyer_inter.setec.fr | I8: 45394.659 | J8: Tamara Georgescu | K8: 45167.304 | L8: 184 KB | M8: 1MC06 | N8: P01 | O8: North Portal Chiltern Tunnels to Brackley | P8: 01 - Docs | Q8: SDK | R8: HS2_DJV_Documents | S8: 288345 | T8: Microsoft Excel | U8: MPDT - Twyford Cutting Planting Plot 2 | V8: 1MC06-ASC-EV-FRM-CS06_CL10-900002.xlsm | Y8: APPROVED | Z8: 1MC06-ASC-EV-FRM-CS06_CL10-900002 | AA8: S3 | AB8: First Issue | AC8: Checked In
A9: 1MC06-ASC-EV-FRM-CS06_CL10-900003 | B9: MPDT - Twyford Cutting Planting Plot 3 | C9: Twyford Cutting Planting Plot 3 | D9: P03.1 | E9: Work in Progress | F9: Tamara Georgescu | G9: 46064.772 | H9: laurence.meyer_inter.setec.fr | I9: 45404.601 | J9: Hub_DC_Birmingham_Central | K9: 45167.304 | L9: 180 KB | M9: 1MC06 | N9: P03.1 | O9: North Portal Chiltern Tunnels to Brackley | P9: 01 - Docs | Q9: SDK | R9: HS2_DJV_Documents | S9: 288345 | T9: Microsoft Excel | U9: MPDT - Twyford Cutting Planting Plot 3 | V9: 1MC06-ASC-EV-FRM-CS06_CL10-900003.xlsm | Y9: UNAPPROVED | Z9: 1MC06-ASC-EV-FRM-CS06_CL10-900003 | AA9: S0 | AC9: Checked In
A10: 1MC06-ASC-EV-FRM-CS06_CL10-900003 | B10: MPDT - Twyford Cutting Planting Plot 3 | C10: Twyford Cutting Planting Plot 3 | D10: P02 | E10: Approve (Shared) | F10: Tamara Georgescu | G10: 46064.772 | H10: laurence.meyer_inter.setec.fr | I10: 45404.601 | J10: Tamara Georgescu | K10: 45167.304 | L10: 180 KB | M10: 1MC06 | N10: P02 | O10: North Portal Chiltern Tunnels to Brackley | P10: 01 - Docs | Q10: SDK | R10: HS2_DJV_Documents | S10: 288345 | T10: Microsoft Excel | U10: MPDT - Twyford Cutting Planting Plot 3 | V10: 1MC06-ASC-EV-FRM-CS06_CL10-900003.xlsm | Y10: APPROVED | Z10: 1MC06-ASC-EV-FRM-CS06_CL10-900003 | AA10: S3 | AB10: Revised in line with comments | AC10: Checked In
A11: 1MC06-ASC-EV-FRM-CS06_CL10-900003 | B11: MPDT - Twyford Cutting Planting Plot 3 | C11: Twyford Cutting Planting Plot 3 | D11: P01 | E11: Approve (Shared) | F11: Tamara Georgescu | G11: 45401.368 | H11: laurence.meyer_inter.setec.fr | I11: 45394.659 | J11: Tamara Georgescu | K11: 45167.304 | L11: 180 KB | M11: 1MC06 | N11: P01 | O11: North Portal Chiltern Tunnels to Brackley | P11: 01 - Docs | Q11: SDK | R11: HS2_DJV_Documents | S11: 288345 | T11: Microsoft Excel | U11: MPDT - Twyford Cutting Planting Plot 3 | V11: 1MC06-ASC-EV-FRM-CS06_CL10-900003.xlsm | Y11: APPROVED | Z11: 1MC06-ASC-EV-FRM-CS06_CL10-900003 | AA11: S3 | AB11: First Issue | AC11: Checked In
A12: 1MC06-ASC-EV-FRM-CS06_CL10-900004 | B12: MPDT - Twyford Cutting Planting Plot 4 | C12: Twyford Cutting Planting Plot 4 | D12: P03.1 | E12: Work in Progress | F12: Tamara Georgescu | G12: 46064.772 | H12: laurence.meyer_inter.setec.fr | I12: 45404.601 | J12: Hub_DC_Birmingham_Central | K12: 45167.304 | L12: 186 KB | M12: 1MC06 | N12: P03.1 | O12: North Portal Chiltern Tunnels to Brackley | P12: 01 - Docs | Q12: SDK | R12: HS2_DJV_Documents | S12: 288345 | T12: Microsoft Excel | U12: MPDT - Twyford Cutting Planting Plot 4 | V12: 1MC06-ASC-EV-FRM-CS06_CL10-900004.xlsm | Y12: UNAPPROVED | Z12: 1MC06-ASC-EV-FRM-CS06_CL10-900004 | AA12: S0 | AC12: Checked In
A13: 1MC06-ASC-EV-FRM-CS06_CL10-900004 | B13: MPDT - Twyford Cutting Planting Plot 4 | C13: Twyford Cutting Planting Plot 4 | D13: P02 | E13: Approve (Shared) | F13: Tamara Georgescu | G13: 46064.772 | H13: laurence.meyer_inter.setec.fr | I13: 45404.601 | J13: Tamara Georgescu | K13: 45167.304 | L13: 186 KB | M13: 1MC06 | N13: P02 | O13: North Portal Chiltern Tunnels to Brackley | P13: 01 - Docs | Q13: SDK | R13: HS2_DJV_Documents | S13: 288345 | T13: Microsoft Excel | U13: MPDT - Twyford Cutting Planting Plot 4 | V13: 1MC06-ASC-EV-FRM-CS06_CL10-900004.xlsm | Y13: APPROVED | Z13: 1MC06-ASC-EV-FRM-CS06_CL10-900004 | AA13: S3 | AB13: Revised in line with comments | AC13: Checked In
A14: 1MC06-ASC-EV-FRM-CS06_CL10-900004 | B14: MPDT - Twyford Cutting Planting Plot 4 | C14: Twyford Cutting Planting Plot 4 | D14: P01 | E14: Approve (Shared) | F14: Tamara Georgescu | G14: 45401.368 | H14: guillaume.grandamy_setec.com | I14: 45396.968 | J14: Tamara Georgescu | K14: 45167.304 | L14: 186 KB | M14: 1MC06 | N14: P01 | O14: North Portal Chiltern Tunnels to Brackley | P14: 01 - Docs | Q14: SDK | R14: HS2_DJV_Documents | S14: 288345 | T14: Microsoft Excel | U14: MPDT - Twyford Cutting Planting Plot 4 | V14: 1MC06-ASC-EV-FRM-CS06_CL10-900004.xlsm | Y14: APPROVED | Z14: 1MC06-ASC-EV-FRM-CS06_CL10-900004 | AA14: S3 | AB14: First Issue | AC14: Checked In
A15: 1MC06-ASC-EV-FRM-CS06_CL10-900005 | B15: MPDT - Twyford Cutting Planting Plot 5 | C15: Twyford Cutting Planting Plot 5 | D15: P03.1 | E15: Work in Progress | F15: Tamara Georgescu | G15: 46064.772 | H15: laurence.meyer_inter.setec.fr | I15: 45404.601 | J15: Hub_DC_Birmingham_Central | K15: 45167.304 | L15: 180 KB | M15: 1MC06 | N15: P03.1 | O15: North Portal Chiltern Tunnels to Brackley | P15: 01 - Docs | Q15: SDK | R15: HS2_DJV_Documents | S15: 288345 | T15: Microsoft Excel | U15: MPDT - Twyford Cutting Planting Plot 5 | V15: 1MC06-ASC-EV-FRM-CS06_CL10-900005.xlsm | Y15: UNAPPROVED | Z15: 1MC06-ASC-EV-FRM-CS06_CL10-900005 | AA15: S0 | AC15: Checked In
A16: 1MC06-ASC-EV-FRM-CS06_CL10-900005 | B16: MPDT - Twyford Cutting Planting Plot 5 | C16: Twyford Cutting Planting Plot 5 | D16: P02 | E16: Approve (Shared) | F16: Tamara Georgescu | G16: 46064.772 | H16: laurence.meyer_inter.setec.fr | I16: 45404.601 | J16: Tamara Georgescu | K16: 45167.304 | L16: 180 KB | M16: 1MC06 | N16: P02 | O16: North Portal Chiltern Tunnels to Brackley | P16: 01 - Docs | Q16: SDK | R16: HS2_DJV_Documents | S16: 288345 | T16: Microsoft Excel | U16: MPDT - Twyford Cutting Planting Plot 5 | V16: 1MC06-ASC-EV-FRM-CS06_CL10-900005.xlsm | Y16: APPROVED | Z16: 1MC06-ASC-EV-FRM-CS06_CL10-900005 | AA16: S3 | AB16: Revised in line with comments | AC16: Checked In
A17: 1MC06-ASC-EV-FRM-CS06_CL10-900005 | B17: MPDT - Twyford Cutting Planting Plot 5 | C17: Twyford Cutting Planting Plot 5 | D17: P01 | E17: Approve (Shared) | F17: Tamara Georgescu | G17: 45401.368 | H17: guillaume.grandamy_setec.com | I17: 45396.969 | J17: Tamara Georgescu | K17: 45167.304 | L17: 180 KB | M17: 1MC06 | N17: P01 | O17: North Portal Chiltern Tunnels to Brackley | P17: 01 - Docs | Q17: SDK | R17: HS2_DJV_Documents | S17: 288345 | T17: Microsoft Excel | U17: MPDT - Twyford Cutting Planting Plot 5 | V17: 1MC06-ASC-EV-FRM-CS06_CL10-900005.xlsm | Y17: APPROVED | Z17: 1MC06-ASC-EV-FRM-CS06_CL10-900005 | AA17: S3 | AB17: First Issue | AC17: Checked In
A18: 1MC06-ASC-EV-FRM-CS06_CL10-900006 | B18: MPDT - Twyford Cutting Planting Plot 6 | C18: Twyford Cutting Planting Plot 6 | D18: P03.1 | E18: Work in Progress | F18: Tamara Georgescu | G18: 46064.772 | H18: laurence.meyer_inter.setec.fr | I18: 45404.601 | J18: Hub_DC_Birmingham_Central | K18: 45167.304 | L18: 186 KB | M18: 1MC06 | N18: P03.1 | O18: North Portal Chiltern Tunnels to Brackley | P18: 01 - Docs | Q18: SDK | R18: HS2_DJV_Documents | S18: 288345 | T18: Microsoft Excel | U18: MPDT - Twyford Cutting Planting Plot 6 | V18: 1MC06-ASC-EV-FRM-CS06_CL10-900006.xlsm | Y18: UNAPPROVED | Z18: 1MC06-ASC-EV-FRM-CS06_CL10-900006 | AA18: S0 | AC18: Checked In
A19: 1MC06-ASC-EV-FRM-CS06_CL10-900006 | B19: MPDT - Twyford Cutting Planting Plot 6 | C19: Twyford Cutting Planting Plot 6 | D19: P02 | E19: Approve (Shared) | F19: Tamara Georgescu | G19: 46064.772 | H19: laurence.meyer_inter.setec.fr | I19: 45404.601 | J19: Tamara Georgescu | K19: 45167.304 | L19: 186 KB | M19: 1MC06 | N19: P02 | O19: North Portal Chiltern Tunnels to Brackley | P19: 01 - Docs | Q19: SDK | R19: HS2_DJV_Documents | S19: 288345 | T19: Microsoft Excel | U19: MPDT - Twyford Cutting Planting Plot 6 | V19: 1MC06-ASC-EV-FRM-CS06_CL10-900006.xlsm | Y19: APPROVED | Z19: 1MC06-ASC-EV-FRM-CS06_CL10-900006 | AA19: S3 | AB19: Revised in line with comments | AC19: Checked In
A20: 1MC06-ASC-EV-FRM-CS06_CL10-900006 | B20: MPDT - Twyford Cutting Planting Plot 6 | C20: Twyford Cutting Planting Plot 6 | D20: P01 | E20: Approve (Shared) | F20: Tamara Georgescu | G20: 45401.368 | H20: guillaume.grandamy_setec.com | I20: 45396.969 | J20: Tamara Georgescu | K20: 45167.304 | L20: 186 KB | M20: 1MC06 | N20: P01 | O20: North Portal Chiltern Tunnels to Brackley | P20: 01 - Docs | Q20: SDK | R20: HS2_DJV_Documents | S20: 288345 | T20: Microsoft Excel | U20: MPDT - Twyford Cutting Planting Plot 6 | V20: 1MC06-ASC-EV-FRM-CS06_CL10-900006.xlsm | Y20: APPROVED | Z20: 1MC06-ASC-EV-FRM-CS06_CL10-900006 | AA20: S3 | AB20: First Issue | AC20: Checked In
A21: 1MC06-ASC-EV-FRM-CS06_CL10-900007 | B21: MPDT - Twyford Cutting Planting Plot 7 | C21: Twyford Cutting Planting Plot 7 | D21: P03.1 | E21: Work in Progress | F21: Tamara Georgescu | G21: 46064.772 | H21: laurence.meyer_inter.setec.fr | I21: 45404.601 | J21: Hub_DC_Birmingham_Central | K21: 45167.304 | L21: 183 KB | M21: 1MC06 | N21: P03.1 | O21: North Portal Chiltern Tunnels to Brackley | P21: 01 - Docs | Q21: SDK | R21: HS2_DJV_Documents | S21: 288345 | T21: Microsoft Excel | U21: MPDT - Twyford Cutting Planting Plot 7 | V21: 1MC06-ASC-EV-FRM-CS06_CL10-900007.xlsm | Y21: UNAPPROVED | Z21: 1MC06-ASC-EV-FRM-CS06_CL10-900007 | AA21: S0 | AC21: Checked In
A22: 1MC06-ASC-EV-FRM-CS06_CL10-900007 | B22: MPDT - Twyford Cutting Planting Plot 7 | C22: Twyford Cutting Planting Plot 7 | D22: P02 | E22: Approve (Shared) | F22: Tamara Georgescu | G22: 46064.772 | H22: laurence.meyer_inter.setec.fr | I22: 45404.601 | J22: Tamara Georgescu | K22: 45167.304 | L22: 183 KB | M22: 1MC06 | N22: P02 | O22: North Portal Chiltern Tunnels to Brackley | P22: 01 - Docs | Q22: SDK | R22: HS2_DJV_Documents | S22: 288345 | T22: Microsoft Excel | U22: MPDT - Twyford Cutting Planting Plot 7 | V22: 1MC06-ASC-EV-FRM-CS06_CL10-900007.xlsm | Y22: APPROVED | Z22: 1MC06-ASC-EV-FRM-CS06_CL10-900007 | AA22: S3 | AB22: Revised in line with comments | AC22: Checked In
A23: 1MC06-ASC-EV-FRM-CS06_CL10-900007 | B23: MPDT - Twyford Cutting Planting Plot 7 | C23: Twyford Cutting Planting Plot 7 | D23: P01 | E23: Approve (Shared) | F23: Tamara Georgescu | G23: 45401.369 | H23: laurence.meyer_inter.setec.fr | I23: 45394.659 | J23: Tamara Georgescu | K23: 45167.304 | L23: 184 KB | M23: 1MC06 | N23: P01 | O23: North Portal Chiltern Tunnels to Brackley | P23: 01 - Docs | Q23: SDK | R23: HS2_DJV_Documents | S23: 288345 | T23: Microsoft Excel | U23: MPDT - Twyford Cutting Planting Plot 7 | V23: 1MC06-ASC-EV-FRM-CS06_CL10-900007.xlsm | Y23: APPROVED | Z23: 1MC06-ASC-EV-FRM-CS06_CL10-900007 | AA23: S3 | AB23: First Issue | AC23: Checked In
A24: 1MC06-ASC-EV-FRM-CS06_CL10-900008 | B24: MPDT - Twyford Cutting Planting Plot 8 | C24: Twyford Cutting Planting Plot 8 | D24: P03.1 | E24: Work in Progress | F24: Tamara Georgescu | G24: 46064.772 | H24: laurence.meyer_inter.setec.fr | I24: 45404.601 | J24: Hub_DC_Birmingham_Central | K24: 45167.304 | L24: 189 KB | M24: 1MC06 | N24: P03.1 | O24: North Portal Chiltern Tunnels to Brackley | P24: 01 - Docs | Q24: SDK | R24: HS2_DJV_Documents | S24: 288345 | T24: Microsoft Excel | U24: MPDT - Twyford Cutting Planting Plot 8 | V24: 1MC06-ASC-EV-FRM-CS06_CL10-900008.xlsm | Y24: UNAPPROVED | Z24: 1MC06-ASC-EV-FRM-CS06_CL10-900008 | AA24: S0 | AC24: Checked In
A25: 1MC06-ASC-EV-FRM-CS06_CL10-900008 | B25: MPDT - Twyford Cutting Planting Plot 8 | C25: Twyford Cutting Planting Plot 8 | D25: P02 | E25: Approve (Shared) | F25: Tamara Georgescu | G25: 46064.772 | H25: laurence.meyer_inter.setec.fr | I25: 45404.601 | J25: Tamara Georgescu | K25: 45167.304 | L25: 189 KB | M25: 1MC06 | N25: P02 | O25: North Portal Chiltern Tunnels to Brackley | P25: 01 - Docs | Q25: SDK | R25: HS2_DJV_Documents | S25: 288345 | T25: Microsoft Excel | U25: MPDT - Twyford Cutting Planting Plot 8 | V25: 1MC06-ASC-EV-FRM-CS06_CL10-900008.xlsm | Y25: APPROVED | Z25: 1MC06-ASC-EV-FRM-CS06_CL10-900008 | AA25: S3 | AB25: Revised in line with comments | AC25: Checked In
A26: 1MC06-ASC-EV-FRM-CS06_CL10-900008 | B26: MPDT - Twyford Cutting Planting Plot 8 | C26: Twyford Cutting Planting Plot 8 | D26: P01 | E26: Approve (Shared) | F26: Tamara Georgescu | G26: 45401.369 | H26: laurence.meyer_inter.setec.fr | I26: 45394.659 | J26: Tamara Georgescu | K26: 45167.304 | L26: 189 KB | M26: 1MC06 | N26: P01 | O26: North Portal Chiltern Tunnels to Brackley | P26: 01 - Docs | Q26: SDK | R26: HS2_DJV_Documents | S26: 288345 | T26: Microsoft Excel | U26: MPDT - Twyford Cutting Planting Plot 8 | V26: 1MC06-ASC-EV-FRM-CS06_CL10-900008.xlsm | Y26: APPROVED | Z26: 1MC06-ASC-EV-FRM-CS06_CL10-900008 | AA26: S3 | AB26: First Issue | AC26: Checked In
A27: 1MC06-ASC-EV-FRM-CS06_CL10-900009 | B27: MPDT - Twyford Viaduct Planting Plot 1 | C27: Twyford Viaduct Planting Plot 1 | D27: P03.1 | E27: Work in Progress | F27: Tamara Georgescu | G27: 46064.773 | H27: laurence.meyer_inter.setec.fr | I27: 45404.601 | J27: Hub_DC_Birmingham_Central | K27: 45168.48 | L27: 169 KB | M27: 1MC06 | N27: P03.1 | O27: North Portal Chiltern Tunnels to Brackley | P27: 01 - Docs | Q27: SDK | R27: HS2_DJV_Documents | S27: 289364 | T27: Microsoft Excel | U27: MPDT - Twyford Viaduct Planting Plot 1 | V27: 1MC06-ASC-EV-FRM-CS06_CL10-900009.xlsm | Y27: UNAPPROVED | Z27: 1MC06-ASC-EV-FRM-CS06_CL10-900009 | AA27: S0 | AC27: Checked In
A28: 1MC06-ASC-EV-FRM-CS06_CL10-900009 | B28: MPDT - Twyford Viaduct Planting Plot 1 | C28: Twyford Viaduct Planting Plot 1 | D28: P02 | E28: Approve (Shared) | F28: Tamara Georgescu | G28: 46064.773 | H28: laurence.meyer_inter.setec.fr | I28: 45404.601 | J28: Tamara Georgescu | K28: 45168.48 | L28: 169 KB | M28: 1MC06 | N28: P02 | O28: North Portal Chiltern Tunnels to Brackley | P28: 01 - Docs | Q28: SDK | R28: HS2_DJV_Documents | S28: 289364 | T28: Microsoft Excel | U28: MPDT - Twyford Viaduct Planting Plot 1 | V28: 1MC06-ASC-EV-FRM-CS06_CL10-900009.xlsm | Y28: APPROVED | Z28: 1MC06-ASC-EV-FRM-CS06_CL10-900009 | AA28: S3 | AB28: Revised in line with comments | AC28: Checked In
A29: 1MC06-ASC-EV-FRM-CS06_CL10-900009 | B29: MPDT - Twyford Viaduct Planting Plot 1 | C29: Twyford Viaduct Planting Plot 1 | D29: P01 | E29: Approve (Shared) | F29: Tamara Georgescu | G29: 45401.623 | H29: laurence.meyer_inter.setec.fr | I29: 45394.652 | J29: Tamara Georgescu | K29: 45168.48 | L29: 169 KB | M29: 1MC06 | N29: P01 | O29: North Portal Chiltern Tunnels to Brackley | P29: 01 - Docs | Q29: SDK | R29: HS2_DJV_Documents | S29: 289364 | T29: Microsoft Excel | U29: MPDT - Twyford Viaduct Planting Plot 1 | V29: 1MC06-ASC-EV-FRM-CS06_CL10-900009.xlsm | Y29: APPROVED | Z29: 1MC06-ASC-EV-FRM-CS06_CL10-900009 | AA29: S3 | AB29: First Issue | AC29: Checked In
A30: 1MC06-ASC-EV-FRM-CS06_CL10-900010 | B30: MPDT - Twyford Viaduct Planting Plot 2 | C30: Twyford Viaduct Planting Plot 2 | D30: P03.1 | E30: Work in Progress | F30: Tamara Georgescu | G30: 46064.773 | H30: laurence.meyer_inter.setec.fr | I30: 45404.602 | J30: Hub_DC_Birmingham_Central | K30: 45168.48 | L30: 171 KB | M30: 1MC06 | N30: P03.1 | O30: North Portal Chiltern Tunnels to Brackley | P30: 01 - Docs | Q30: SDK | R30: HS2_DJV_Documents | S30: 289364 | T30: Microsoft Excel | U30: MPDT - Twyford Viaduct Planting Plot 2 | V30: 1MC06-ASC-EV-FRM-CS06_CL10-900010.xlsm | Y30: UNAPPROVED | Z30: 1MC06-ASC-EV-FRM-CS06_CL10-900010 | AA30: S0 | AC30: Checked In
A31: 1MC06-ASC-EV-FRM-CS06_CL10-900010 | B31: MPDT - Twyford Viaduct Planting Plot 2 | C31: Twyford Viaduct Planting Plot 2 | D31: P02 | E31: Approve (Shared) | F31: Tamara Georgescu | G31: 46064.773 | H31: laurence.meyer_inter.setec.fr | I31: 45404.602 | J31: Tamara Georgescu | K31: 45168.48 | L31: 171 KB | M31: 1MC06 | N31: P02 | O31: North Portal Chiltern Tunnels to Brackley | P31: 01 - Docs | Q31: SDK | R31: HS2_DJV_Documents | S31: 289364 | T31: Microsoft Excel | U31: MPDT - Twyford Viaduct Planting Plot 2 | V31: 1MC06-ASC-EV-FRM-CS06_CL10-900010.xlsm | Y31: APPROVED | Z31: 1MC06-ASC-EV-FRM-CS06_CL10-900010 | AA31: S3 | AB31: Revised in line with comments | AC31: Checked In
A32: 1MC06-ASC-EV-FRM-CS06_CL10-900010 | B32: MPDT - Twyford Viaduct Planting Plot 2 | C32: Twyford Viaduct Planting Plot 2 | D32: P01 | E32: Approve (Shared) | F32: Tamara Georgescu | G32: 45401.623 | H32: laurence.meyer_inter.setec.fr | I32: 45394.651 | J32: Tamara Georgescu | K32: 45168.48 | L32: 171 KB | M32: 1MC06 | N32: P01 | O32: North Portal Chiltern Tunnels to Brackley | P32: 01 - Docs | Q32: SDK | R32: HS2_DJV_Documents | S32: 289364 | T32: Microsoft Excel | U32: MPDT - Twyford Viaduct Planting Plot 2 | V32: 1MC06-ASC-EV-FRM-CS06_CL10-900010.xlsm | Y32: APPROVED | Z32: 1MC06-ASC-EV-FRM-CS06_CL10-900010 | AA32: S3 | AB32: First Issue | AC32: Checked In
A33: 1MC06-ASC-EV-FRM-CS06_CL10-900011 | B33: MPDT - Twyford Viaduct Planting Plot 3 | C33: Twyford Viaduct Planting Plot 3 | D33: P03.1 | E33: Work in Progress | F33: Tamara Georgescu | G33: 46064.773 | H33: laurence.meyer_inter.setec.fr | I33: 45404.602 | J33: Hub_DC_Birmingham_Central | K33: 45168.48 | L33: 174 KB | M33: 1MC06 | N33: P03.1 | O33: North Portal Chiltern Tunnels to Brackley | P33: 01 - Docs | Q33: SDK | R33: HS2_DJV_Documents | S33: 289364 | T33: Microsoft Excel | U33: MPDT - Twyford Viaduct Planting Plot 3 | V33: 1MC06-ASC-EV-FRM-CS06_CL10-900011.xlsm | Y33: UNAPPROVED | Z33: 1MC06-ASC-EV-FRM-CS06_CL10-900011 | AA33: S0 | AC33: Checked In
A34: 1MC06-ASC-EV-FRM-CS06_CL10-900011 | B34: MPDT - Twyford Viaduct Planting Plot 3 | C34: Twyford Viaduct Planting Plot 3 | D34: P02 | E34: Approve (Shared) | F34: Tamara Georgescu | G34: 46064.773 | H34: laurence.meyer_inter.setec.fr | I34: 45404.602 | J34: Tamara Georgescu | K34: 45168.48 | L34: 174 KB | M34: 1MC06 | N34: P02 | O34: North Portal Chiltern Tunnels to Brackley | P34: 01 - Docs | Q34: SDK | R34: HS2_DJV_Documents | S34: 289364 | T34: Microsoft Excel | U34: MPDT - Twyford Viaduct Planting Plot 3 | V34: 1MC06-ASC-EV-FRM-CS06_CL10-900011.xlsm | Y34: APPROVED | Z34: 1MC06-ASC-EV-FRM-CS06_CL10-900011 | AA34: S3 | AB34: Revised in line with comments | AC34: Checked In
A35: 1MC06-ASC-EV-FRM-CS06_CL10-900011 | B35: MPDT - Twyford Viaduct Planting Plot 3 | C35: Twyford Viaduct Planting Plot 3 | D35: P01 | E35: Approve (Shared) | F35: Tamara Georgescu | G35: 45401.623 | H35: laurence.meyer_inter.setec.fr | I35: 45394.651 | J35: Tamara Georgescu | K35: 45168.48 | L35: 174 KB | M35: 1MC06 | N35: P01 | O35: North Portal Chiltern Tunnels to Brackley | P35: 01 - Docs | Q35: SDK | R35: HS2_DJV_Documents | S35: 289364 | T35: Microsoft Excel | U35: MPDT - Twyford Viaduct Planting Plot 3 | V35: 1MC06-ASC-EV-FRM-CS06_CL10-900011.xlsm | Y35: APPROVED | Z35: 1MC06-ASC-EV-FRM-CS06_CL10-900011 | AA35: S3 | AB35: First Issue | AC35: Checked In
A36: 1MC06-ASC-EV-FRM-CS06_CL10-900012 | B36: MPDT - Twyford Viaduct Planting Plot 4 | C36: Twyford Viaduct Planting Plot 4 | D36: P03.1 | E36: Work in Progress | F36: Tamara Georgescu | G36: 46064.774 | H36: laurence.meyer_inter.setec.fr | I36: 45404.599 | J36: Hub_DC_Birmingham_Central | K36: 45168.48 | L36: 170 KB | M36: 1MC06 | N36: P03.1 | O36: North Portal Chiltern Tunnels to Brackley | P36: 01 - Docs | Q36: SDK | R36: HS2_DJV_Documents | S36: 289364 | T36: Microsoft Excel | U36: MPDT - Twyford Viaduct Planting Plot 4 | V36: 1MC06-ASC-EV-FRM-CS06_CL10-900012.xlsm | Y36: UNAPPROVED | Z36: 1MC06-ASC-EV-FRM-CS06_CL10-900012 | AA36: S0 | AC36: Checked In
A37: 1MC06-ASC-EV-FRM-CS06_CL10-900012 | B37: MPDT - Twyford Viaduct Planting Plot 4 | C37: Twyford Viaduct Planting Plot 4 | D37: P02 | E37: Approve (Shared) | F37: Tamara Georgescu | G37: 46064.773 | H37: laurence.meyer_inter.setec.fr | I37: 45404.599 | J37: Tamara Georgescu | K37: 45168.48 | L37: 170 KB | M37: 1MC06 | N37: P02 | O37: North Portal Chiltern Tunnels to Brackley | P37: 01 - Docs | Q37: SDK | R37: HS2_DJV_Documents | S37: 289364 | T37: Microsoft Excel | U37: MPDT - Twyford Viaduct Planting Plot 4 | V37: 1MC06-ASC-EV-FRM-CS06_CL10-900012.xlsm | Y37: APPROVED | Z37: 1MC06-ASC-EV-FRM-CS06_CL10-900012 | AA37: S3 | AB37: Revised in line with comments | AC37: Checked In
A38: 1MC06-ASC-EV-FRM-CS06_CL10-900012 | B38: MPDT - Twyford Viaduct Planting Plot 4 | C38: Twyford Viaduct Planting Plot 4 | D38: P01 | E38: Approve (Shared) | F38: Tamara Georgescu | G38: 45401.624 | H38: laurence.meyer_inter.setec.fr | I38: 45394.651 | J38: Tamara Georgescu | K38: 45168.48 | L38: 170 KB | M38: 1MC06 | N38: P01 | O38: North Portal Chiltern Tunnels to Brackley | P38: 01 - Docs | Q38: SDK | R38: HS2_DJV_Documents | S38: 289364 | T38: Microsoft Excel | U38: MPDT - Twyford Viaduct Planting Plot 4 | V38: 1MC06-ASC-EV-FRM-CS06_CL10-900012.xlsm | Y38: APPROVED | Z38: 1MC06-ASC-EV-FRM-CS06_CL10-900012 | AA38: S3 | AB38: First Issue | AC38: Checked In
A39: 1MC06-ASC-EV-FRM-CS06_CL10-900013 | B39: MPDT - Cowley Embankment Planting Plot 1 | C39: Cowley Embankment Planting Plot 1 | D39: P03.1 | E39: Work in Progress | F39: Tamara Georgescu | G39: 46064.771 | H39: laurence.meyer_inter.setec.fr | I39: 45404.602 | J39: Hub_DC_Birmingham_Central | K39: 45168.48 | L39: 188 KB | M39: 1MC06 | N39: P03.1 | O39: North Portal Chiltern Tunnels to Brackley | P39: 01 - Docs | Q39: SDK | R39: HS2_DJV_Documents | S39: 311433 | T39: Microsoft Excel | U39: MPDT - Cowley Embankment Planting Plot 1 | V39: 1MC06-ASC-EV-FRM-CS06_CL10-900013.xlsm | Y39: UNAPPROVED | Z39: 1MC06-ASC-EV-FRM-CS06_CL10-900013 | AA39: S0 | AC39: Checked In
A40: 1MC06-ASC-EV-FRM-CS06_CL10-900013 | B40: MPDT - Cowley Embankment Planting Plot 1 | C40: Cowley Embankment Planting Plot 1 | D40: P02 | E40: Approve (Shared) | F40: Tamara Georgescu | G40: 46064.771 | H40: laurence.meyer_inter.setec.fr | I40: 45404.602 | J40: Tamara Georgescu | K40: 45168.48 | L40: 188 KB | M40: 1MC06 | N40: P02 | O40: North Portal Chiltern Tunnels to Brackley | P40: 01 - Docs | Q40: SDK | R40: HS2_DJV_Documents | S40: 311433 | T40: Microsoft Excel | U40: MPDT - Cowley Embankment Planting Plot 1 | V40: 1MC06-ASC-EV-FRM-CS06_CL10-900013.xlsm | Y40: APPROVED | Z40: 1MC06-ASC-EV-FRM-CS06_CL10-900013 | AA40: S3 | AB40: Revised in line with comments | AC40: Checked In
A41: 1MC06-ASC-EV-FRM-CS06_CL10-900013 | B41: MPDT - Cowley Embankment Planting Plot 1 | C41: Cowley Embankment Planting Plot 1 | D41: P01 | E41: Approve (Shared) | F41: Tamara Georgescu | G41: 45401.647 | H41: laurence.meyer_inter.setec.fr | I41: 45394.657 | J41: Tamara Georgescu | K41: 45168.48 | L41: 188 KB | M41: 1MC06 | N41: P01 | O41: North Portal Chiltern Tunnels to Brackley | P41: 01 - Docs | Q41: SDK | R41: HS2_DJV_Documents | S41: 311433 | T41: Microsoft Excel | U41: MPDT - Cowley Embankment Planting Plot 1 | V41: 1MC06-ASC-EV-FRM-CS06_CL10-900013.xlsm | Y41: APPROVED | Z41: 1MC06-ASC-EV-FRM-CS06_CL10-900013 | AA41: S3 | AB41: First Issue | AC41: Checked In
A42: 1MC06-ASC-EV-FRM-CS06_CL10-900014 | B42: MPDT - Cowley Embankment Planting Plot 2 | C42: Cowley Embankment Planting Plot 2 | D42: P03.1 | E42: Work in Progress | F42: Tamara Georgescu | G42: 46064.771 | H42: laurence.meyer_inter.setec.fr | I42: 45404.602 | J42: Hub_DC_Birmingham_Central | K42: 45168.48 | L42: 181 KB | M42: 1MC06 | N42: P03.1 | O42: North Portal Chiltern Tunnels to Brackley | P42: 01 - Docs | Q42: SDK | R42: HS2_DJV_Documents | S42: 311433 | T42: Microsoft Excel | U42: MPDT - Cowley Embankment Planting Plot 2 | V42: 1MC06-ASC-EV-FRM-CS06_CL10-900014.xlsm | Y42: UNAPPROVED | Z42: 1MC06-ASC-EV-FRM-CS06_CL10-900014 | AA42: S0 | AC42: Checked In
A43: 1MC06-ASC-EV-FRM-CS06_CL10-900014 | B43: MPDT - Cowley Embankment Planting Plot 2 | C43: Cowley Embankment Planting Plot 2 | D43: P02 | E43: Approve (Shared) | F43: Tamara Georgescu | G43: 46064.771 | H43: laurence.meyer_inter.setec.fr | I43: 45404.602 | J43: Tamara Georgescu | K43: 45168.48 | L43: 181 KB | M43: 1MC06 | N43: P02 | O43: North Portal Chiltern Tunnels to Brackley | P43: 01 - Docs | Q43: SDK | R43: HS2_DJV_Documents | S43: 311433 | T43: Microsoft Excel | U43: MPDT - Cowley Embankment Planting Plot 2 | V43: 1MC06-ASC-EV-FRM-CS06_CL10-900014.xlsm | Y43: APPROVED | Z43: 1MC06-ASC-EV-FRM-CS06_CL10-900014 | AA43: S3 | AB43: Revised in line with comments | AC43: Checked In
A44: 1MC06-ASC-EV-FRM-CS06_CL10-900014 | B44: MPDT - Cowley Embankment Planting Plot 2 | C44: Cowley Embankment Planting Plot 2 | D44: P01 | E44: Approve (Shared) | F44: Tamara Georgescu | G44: 45401.647 | H44: laurence.meyer_inter.setec.fr | I44: 45394.656 | J44: Tamara Georgescu | K44: 45168.48 | L44: 181 KB | M44: 1MC06 | N44: P01 | O44: North Portal Chiltern Tunnels to Brackley | P44: 01 - Docs | Q44: SDK | R44: HS2_DJV_Documents | S44: 311433 | T44: Microsoft Excel | U44: MPDT - Cowley Embankment Planting Plot 2 | V44: 1MC06-ASC-EV-FRM-CS06_CL10-900014.xlsm | Y44: APPROVED | Z44: 1MC06-ASC-EV-FRM-CS06_CL10-900014 | AA44: S3 | AB44: First Issue | AC44: Checked In
A45: 1MC06-ASC-EV-FRM-CS06_CL10-900015 | B45: MPDT - Cowley Embankment Planting Plot 3 | C45: Cowley Embankment Planting Plot 3 | D45: P03.1 | E45: Work in Progress | F45: Tamara Georgescu | G45: 46064.771 | H45: laurence.meyer_inter.setec.fr | I45: 45404.602 | J45: Hub_DC_Birmingham_Central | K45: 45168.48 | L45: 179 KB | M45: 1MC06 | N45: P03.1 | O45: North Portal Chiltern Tunnels to Brackley | P45: 01 - Docs | Q45: SDK | R45: HS2_DJV_Documents | S45: 311433 | T45: Microsoft Excel | U45: MPDT - Cowley Embankment Planting Plot 3 | V45: 1MC06-ASC-EV-FRM-CS06_CL10-900015.xlsm | Y45: UNAPPROVED | Z45: 1MC06-ASC-EV-FRM-CS06_CL10-900015 | AA45: S0 | AC45: Checked In
A46: 1MC06-ASC-EV-FRM-CS06_CL10-900015 | B46: MPDT - Cowley Embankment Planting Plot 3 | C46: Cowley Embankment Planting Plot 3 | D46: P02 | E46: Approve (Shared) | F46: Tamara Georgescu | G46: 46064.771 | H46: laurence.meyer_inter.setec.fr | I46: 45404.602 | J46: Tamara Georgescu | K46: 45168.48 | L46: 179 KB | M46: 1MC06 | N46: P02 | O46: North Portal Chiltern Tunnels to Brackley | P46: 01 - Docs | Q46: SDK | R46: HS2_DJV_Documents | S46: 311433 | T46: Microsoft Excel | U46: MPDT - Cowley Embankment Planting Plot 3 | V46: 1MC06-ASC-EV-FRM-CS06_CL10-900015.xlsm | Y46: APPROVED | Z46: 1MC06-ASC-EV-FRM-CS06_CL10-900015 | AA46: S3 | AB46: Revised in line with comments | AC46: Checked In
A47: 1MC06-ASC-EV-FRM-CS06_CL10-900015 | B47: MPDT - Cowley Embankment Planting Plot 3 | C47: Cowley Embankment Planting Plot 3 | D47: P01 | E47: Approve (Shared) | F47: Tamara Georgescu | G47: 45401.647 | H47: laurence.meyer_inter.setec.fr | I47: 45394.655 | J47: Tamara Georgescu | K47: 45168.48 | L47: 179 KB | M47: 1MC06 | N47: P01 | O47: North Portal Chiltern Tunnels to Brackley | P47: 01 - Docs | Q47: SDK | R47: HS2_DJV_Documents | S47: 311433 | T47: Microsoft Excel | U47: MPDT - Cowley Embankment Planting Plot 3 | V47: 1MC06-ASC-EV-FRM-CS06_CL10-900015.xlsm | Y47: APPROVED | Z47: 1MC06-ASC-EV-FRM-CS06_CL10-900015 | AA47: S3 | AB47: First Issue | AC47: Checked In
A48: 1MC06-ASC-EV-FRM-CS06_CL10-900016 | B48: MPDT - Cowley Embankment Planting Plot 4 | C48: Cowley Embankment Planting Plot 4 | D48: P03.1 | E48: Work in Progress | F48: Tamara Georgescu | G48: 46064.771 | H48: laurence.meyer_inter.setec.fr | I48: 45404.602 | J48: Hub_DC_Birmingham_Central | K48: 45168.48 | L48: 179 KB | M48: 1MC06 | N48: P03.1 | O48: North Portal Chiltern Tunnels to Brackley | P48: 01 - Docs | Q48: SDK | R48: HS2_DJV_Documents | S48: 311433 | T48: Microsoft Excel | U48: MPDT - Cowley Embankment Planting Plot 4 | V48: 1MC06-ASC-EV-FRM-CS06_CL10-900016.xlsm | Y48: UNAPPROVED | Z48: 1MC06-ASC-EV-FRM-CS06_CL10-900016 | AA48: S0 | AC48: Checked In
A49: 1MC06-ASC-EV-FRM-CS06_CL10-900016 | B49: MPDT - Cowley Embankment Planting Plot 4 | C49: Cowley Embankment Planting Plot 4 | D49: P02 | E49: Approve (Shared) | F49: Tamara Georgescu | G49: 46064.771 | H49: laurence.meyer_inter.setec.fr | I49: 45404.602 | J49: Tamara Georgescu | K49: 45168.48 | L49: 179 KB | M49: 1MC06 | N49: P02 | O49: North Portal Chiltern Tunnels to Brackley | P49: 01 - Docs | Q49: SDK | R49: HS2_DJV_Documents | S49: 311433 | T49: Microsoft Excel | U49: MPDT - Cowley Embankment Planting Plot 4 | V49: 1MC06-ASC-EV-FRM-CS06_CL10-900016.xlsm | Y49: APPROVED | Z49: 1MC06-ASC-EV-FRM-CS06_CL10-900016 | AA49: S3 | AB49: Revised in line with comments | AC49: Checked In
A50: 1MC06-ASC-EV-FRM-CS06_CL10-900016 | B50: MPDT - Cowley Embankment Planting Plot 4 | C50: Cowley Embankment Planting Plot 4 | D50: P01 | E50: Approve (Shared) | F50: Tamara Georgescu | G50: 45401.647 | H50: laurence.meyer_inter.setec.fr | I50: 45394.655 | J50: Tamara Georgescu | K50: 45168.48 | L50: 179 KB | M50: 1MC06 | N50: P01 | O50: North Portal Chiltern Tunnels to Brackley | P50: 01 - Docs | Q50: SDK | R50: HS2_DJV_Documents | S50: 311433 | T50: Microsoft Excel | U50: MPDT - Cowley Embankment Planting Plot 4 | V50: 1MC06-ASC-EV-FRM-CS06_CL10-900016.xlsm | Y50: APPROVED | Z50: 1MC06-ASC-EV-FRM-CS06_CL10-900016 | AA50: S3 | AB50: First Issue | AC50: Checked In
A51: 1MC06-ASC-EV-FRM-CS06_CL10-900017 | B51: MPDT - Cowley Embankment Planting Plot 5 | C51: Cowley Embankment Planting Plot 5 | D51: P03.1 | E51: Work in Progress | F51: Tamara Georgescu | G51: 46064.771 | H51: laurence.meyer_inter.setec.fr | I51: 45404.602 | J51: Hub_DC_Birmingham_Central | K51: 45168.48 | L51: 185 KB | M51: 1MC06 | N51: P03.1 | O51: North Portal Chiltern Tunnels to Brackley | P51: 01 - Docs | Q51: SDK | R51: HS2_DJV_Documents | S51: 311433 | T51: Microsoft Excel | U51: MPDT - Cowley Embankment Planting Plot 5 | V51: 1MC06-ASC-EV-FRM-CS06_CL10-900017.xlsm | Y51: UNAPPROVED | Z51: 1MC06-ASC-EV-FRM-CS06_CL10-900017 | AA51: S0 | AC51: Checked In
A52: 1MC06-ASC-EV-FRM-CS06_CL10-900017 | B52: MPDT - Cowley Embankment Planting Plot 5 | C52: Cowley Embankment Planting Plot 5 | D52: P02 | E52: Approve (Shared) | F52: Tamara Georgescu | G52: 46064.771 | H52: laurence.meyer_inter.setec.fr | I52: 45404.602 | J52: Tamara Georgescu | K52: 45168.48 | L52: 185 KB | M52: 1MC06 | N52: P02 | O52: North Portal Chiltern Tunnels to Brackley | P52: 01 - Docs | Q52: SDK | R52: HS2_DJV_Documents | S52: 311433 | T52: Microsoft Excel | U52: MPDT - Cowley Embankment Planting Plot 5 | V52: 1MC06-ASC-EV-FRM-CS06_CL10-900017.xlsm | Y52: APPROVED | Z52: 1MC06-ASC-EV-FRM-CS06_CL10-900017 | AA52: S3 | AB52: Revised in line with comments | AC52: Checked In
A53: 1MC06-ASC-EV-FRM-CS06_CL10-900017 | B53: MPDT - Cowley Embankment Planting Plot 5 | C53: Cowley Embankment Planting Plot 5 | D53: P01 | E53: Approve (Shared) | F53: Tamara Georgescu | G53: 45401.648 | H53: laurence.meyer_inter.setec.fr | I53: 45394.654 | J53: Tamara Georgescu | K53: 45168.48 | L53: 186 KB | M53: 1MC06 | N53: P01 | O53: North Portal Chiltern Tunnels to Brackley | P53: 01 - Docs | Q53: SDK | R53: HS2_DJV_Documents | S53: 311433 | T53: Microsoft Excel | U53: MPDT - Cowley Embankment Planting Plot 5 | V53: 1MC06-ASC-EV-FRM-CS06_CL10-900017.xlsm | Y53: APPROVED | Z53: 1MC06-ASC-EV-FRM-CS06_CL10-900017 | AA53: S3 | AB53: First Issue | AC53: Checked In
A54: 1MC06-ASC-EV-FRM-CS06_CL10-900018 | B54: MPDT - Cowley Embankment Planting Plot 6 | C54: Cowley Embankment Planting Plot 6 | D54: P03.1 | E54: Work in Progress | F54: Tamara Georgescu | G54: 46064.771 | H54: laurence.meyer_inter.setec.fr | I54: 45404.602 | J54: Hub_DC_Birmingham_Central | K54: 45168.48 | L54: 186 KB | M54: 1MC06 | N54: P03.1 | O54: North Portal Chiltern Tunnels to Brackley | P54: 01 - Docs | Q54: SDK | R54: HS2_DJV_Documents | S54: 311433 | T54: Microsoft Excel | U54: MPDT - Cowley Embankment Planting Plot 6 | V54: 1MC06-ASC-EV-FRM-CS06_CL10-900018.xlsm | Y54: UNAPPROVED | Z54: 1MC06-ASC-EV-FRM-CS06_CL10-900018 | AA54: S0 | AC54: Checked In
A55: 1MC06-ASC-EV-FRM-CS06_CL10-900018 | B55: MPDT - Cowley Embankment Planting Plot 6 | C55: Cowley Embankment Planting Plot 6 | D55: P02 | E55: Approve (Shared) | F55: Tamara Georgescu | G55: 46064.771 | H55: laurence.meyer_inter.setec.fr | I55: 45404.602 | J55: Tamara Georgescu | K55: 45168.48 | L55: 186 KB | M55: 1MC06 | N55: P02 | O55: North Portal Chiltern Tunnels to Brackley | P55: 01 - Docs | Q55: SDK | R55: HS2_DJV_Documents | S55: 311433 | T55: Microsoft Excel | U55: MPDT - Cowley Embankment Planting Plot 6 | V55: 1MC06-ASC-EV-FRM-CS06_CL10-900018.xlsm | Y55: APPROVED | Z55: 1MC06-ASC-EV-FRM-CS06_CL10-900018 | AA55: S3 | AB55: Revised in line with comments | AC55: Checked In
A56: 1MC06-ASC-EV-FRM-CS06_CL10-900018 | B56: MPDT - Cowley Embankment Planting Plot 6 | C56: Cowley Embankment Planting Plot 6 | D56: P01 | E56: Approve (Shared) | F56: Tamara Georgescu | G56: 45401.648 | H56: laurence.meyer_inter.setec.fr | I56: 45397.641 | J56: Tamara Georgescu | K56: 45168.48 | L56: 186 KB | M56: 1MC06 | N56: P01 | O56: North Portal Chiltern Tunnels to Brackley | P56: 01 - Docs | Q56: SDK | R56: HS2_DJV_Documents | S56: 311433 | T56: Microsoft Excel | U56: MPDT - Cowley Embankment Planting Plot 6 | V56: 1MC06-ASC-EV-FRM-CS06_CL10-900018.xlsm | Y56: APPROVED | Z56: 1MC06-ASC-EV-FRM-CS06_CL10-900018 | AA56: S3 | AB56: First Issue | AC56: Checked In
A57: 1MC06-ASC-EV-FRM-CS06_CL10-900025 | B57: MPDT-Godington East Embankment Planting Plot 3 | C57: Godington East Embankment Planting Plot 3 | D57: P01 | E57: Approve (Shared) | F57: laurence.meyer_inter.setec.fr | G57: 45586.661 | H57: laurence.meyer_inter.setec.fr | I57: 45586.661 | J57: Hub_DC_Birmingham_Central | K57: 45448.316 | L57: 198 KB | M57: 1MC06 | N57: P01 | O57: North Portal Chiltern Tunnels to Brackley | P57: 01 - Docs | Q57: SDK | R57: HS2_DJV_Documents | S57: 280389 | T57: Microsoft Excel | U57: MPDT-Godington East Embankment Planting Plot 3 | V57: 1MC06-ASC-EV-FRM-CS06_CL10-900025.xlsm | Y57: APPROVED | Z57: 1MC06-ASC-EV-FRM-CS06_CL10-900025 | AA57: S3 | AB57: First Issue | AC57: Checked In
A58: 1MC06-ASC-EV-FRM-CS06_CL10-900026 | B58: MPDT-Godington East Embankment Planting Plot 1 | C58: Godington East Embankment Planting Plot 1 | D58: P01 | E58: Approve (Shared) | F58: laurence.meyer_inter.setec.fr | G58: 45586.661 | H58: laurence.meyer_inter.setec.fr | I58: 45586.661 | J58: Hub_DC_Birmingham_Central | K58: 45448.316 | L58: 194 KB | M58: 1MC06 | N58: P01 | O58: North Portal Chiltern Tunnels to Brackley | P58: 01 - Docs | Q58: SDK | R58: HS2_DJV_Documents | S58: 280389 | T58: Microsoft Excel | U58: MPDT-Godington East Embankment Planting Plot 1 | V58: 1MC06-ASC-EV-FRM-CS06_CL10-900026.xlsm | Y58: APPROVED | Z58: 1MC06-ASC-EV-FRM-CS06_CL10-900026 | AA58: S3 | AB58: First Issue | AC58: Checked In
A59: 1MC06-ASC-EV-FRM-CS06_CL10-900027 | B59: MPDT-Godington East Embankment Planting Plot 2 | C59: Godington East Embankment Planting Plot 2 | D59: P01 | E59: Approve (Shared) | F59: laurence.meyer_inter.setec.fr | G59: 45586.661 | H59: laurence.meyer_inter.setec.fr | I59: 45586.661 | J59: Hub_DC_Birmingham_Central | K59: 45448.316 | L59: 182 KB | M59: 1MC06 | N59: P01 | O59: North Portal Chiltern Tunnels to Brackley | P59: 01 - Docs | Q59: SDK | R59: HS2_DJV_Documents | S59: 280389 | T59: Microsoft Excel | U59: MPDT-Godington East Embankment Planting Plot 2 | V59: 1MC06-ASC-EV-FRM-CS06_CL10-900027.xlsm | Y59: APPROVED | Z59: 1MC06-ASC-EV-FRM-CS06_CL10-900027 | AA59: S3 | AB59: First Issue | AC59: Checked In
A60: 1MC06-ASC-EV-FRM-CS06_CL10-900028 | B60: MPDT-Godington East Viaduct Planting Plot 3 | C60: Godington East Viaduct Planting Plot 3 | D60: P01 | E60: Approve (Shared) | F60: laurence.meyer_inter.setec.fr | G60: 45586.661 | H60: laurence.meyer_inter.setec.fr | I60: 45586.661 | J60: Hub_DC_Birmingham_Central | K60: 45448.316 | L60: 181 KB | M60: 1MC06 | N60: P01 | O60: North Portal Chiltern Tunnels to Brackley | P60: 01 - Docs | Q60: SDK | R60: HS2_DJV_Documents | S60: 280507 | T60: Microsoft Excel | U60: MPDT-Godington East Viaduct Planting Plot 3 | V60: 1MC06-ASC-EV-FRM-CS06_CL10-900028.xlsm | Y60: APPROVED | Z60: 1MC06-ASC-EV-FRM-CS06_CL10-900028 | AA60: S3 | AB60: First Issue | AC60: Checked In
A61: 1MC06-ASC-EV-FRM-CS06_CL10-900029 | B61: MPDT-Godington East Viaduct Planting Plot 4 | C61: Godington East Viaduct Planting Plot 4 | D61: P01 | E61: Approve (Shared) | F61: laurence.meyer_inter.setec.fr | G61: 45586.661 | H61: laurence.meyer_inter.setec.fr | I61: 45586.661 | J61: Hub_DC_Birmingham_Central | K61: 45448.316 | L61: 190 KB | M61: 1MC06 | N61: P01 | O61: North Portal Chiltern Tunnels to Brackley | P61: 01 - Docs | Q61: SDK | R61: HS2_DJV_Documents | S61: 280507 | T61: Microsoft Excel | U61: MPDT-Godington East Viaduct Planting Plot 4 | V61: 1MC06-ASC-EV-FRM-CS06_CL10-900029.xlsm | Y61: APPROVED | Z61: 1MC06-ASC-EV-FRM-CS06_CL10-900029 | AA61: S3 | AB61: First Issue | AC61: Checked In
A62: 1MC06-ASC-EV-FRM-CS06_CL10-900030 | B62: MPDT-Godington East Viaduct Planting Plot 1 | C62: Godington East Viaduct Planting Plot 1 | D62: P01 | E62: Approve (Shared) | F62: laurence.meyer_inter.setec.fr | G62: 45586.661 | H62: laurence.meyer_inter.setec.fr | I62: 45586.661 | J62: Hub_DC_Birmingham_Central | K62: 45448.316 | L62: 187 KB | M62: 1MC06 | N62: P01 | O62: North Portal Chiltern Tunnels to Brackley | P62: 01 - Docs | Q62: SDK | R62: HS2_DJV_Documents | S62: 280507 | T62: Microsoft Excel | U62: MPDT-Godington East Viaduct Planting Plot 1 | V62: 1MC06-ASC-EV-FRM-CS06_CL10-900030.xlsm | Y62: APPROVED | Z62: 1MC06-ASC-EV-FRM-CS06_CL10-900030 | AA62: S3 | AB62: First Issue | AC62: Checked In
A63: 1MC06-ASC-EV-FRM-CS06_CL10-900031 | B63: MPDT-Godington East Viaduct Planting Plot 2 | C63: Godington East Viaduct Planting Plot 2 | D63: P01 | E63: Approve (Shared) | F63: laurence.meyer_inter.setec.fr | G63: 45586.661 | H63: laurence.meyer_inter.setec.fr | I63: 45586.661 | J63: Hub_DC_Birmingham_Central | K63: 45448.316 | L63: 183 KB | M63: 1MC06 | N63: P01 | O63: North Portal Chiltern Tunnels to Brackley | P63: 01 - Docs | Q63: SDK | R63: HS2_DJV_Documents | S63: 280507 | T63: Microsoft Excel | U63: MPDT-Godington East Viaduct Planting Plot 2 | V63: 1MC06-ASC-EV-FRM-CS06_CL10-900031.xlsm | Y63: APPROVED | Z63: 1MC06-ASC-EV-FRM-CS06_CL10-900031 | AA63: S3 | AB63: First Issue | AC63: Checked In
A64: 1MC06-ASC-EV-FRM-CS06_CL10-900032 | B64: MPDT-Godington West Embankment Planting Plot 3 | C64: Godington West Embankment Planting Plot 3 | D64: P01 | E64: Approve (Shared) | F64: laurence.meyer_inter.setec.fr | G64: 45586.661 | H64: laurence.meyer_inter.setec.fr | I64: 45586.661 | J64: Hub_DC_Birmingham_Central | K64: 45448.316 | L64: 183 KB | M64: 1MC06 | N64: P01 | O64: North Portal Chiltern Tunnels to Brackley | P64: 01 - Docs | Q64: SDK | R64: HS2_DJV_Documents | S64: 280605 | T64: Microsoft Excel | U64: MPDT-Godington West Embankment Planting Plot 3 | V64: 1MC06-ASC-EV-FRM-CS06_CL10-900032.xlsm | Y64: APPROVED | Z64: 1MC06-ASC-EV-FRM-CS06_CL10-900032 | AA64: S3 | AB64: First Issue | AC64: Checked In
A65: 1MC06-ASC-EV-FRM-CS06_CL10-900033 | B65: MPDT-Godington West Embankment Planting Plot 1 | C65: Godington West Embankment Planting Plot 1 | D65: P01 | E65: Approve (Shared) | F65: laurence.meyer_inter.setec.fr | G65: 45586.661 | H65: laurence.meyer_inter.setec.fr | I65: 45586.661 | J65: Hub_DC_Birmingham_Central | K65: 45448.316 | L65: 186 KB | M65: 1MC06 | N65: P01 | O65: North Portal Chiltern Tunnels to Brackley | P65: 01 - Docs | Q65: SDK | R65: HS2_DJV_Documents | S65: 280605 | T65: Microsoft Excel | U65: MPDT-Godington West Embankment Planting Plot 1 | V65: 1MC06-ASC-EV-FRM-CS06_CL10-900033.xlsm | Y65: APPROVED | Z65: 1MC06-ASC-EV-FRM-CS06_CL10-900033 | AA65: S3 | AB65: First Issue | AC65: Checked In
A66: 1MC06-ASC-EV-FRM-CS06_CL10-900034 | B66: MPDT-Godington West Embankment Planting Plot 2 | C66: Godington West Embankment Planting Plot 2 | D66: P01 | E66: Approve (Shared) | F66: laurence.meyer_inter.setec.fr | G66: 45586.661 | H66: laurence.meyer_inter.setec.fr | I66: 45586.661 | J66: Hub_DC_Birmingham_Central | K66: 45448.316 | L66: 185 KB | M66: 1MC06 | N66: P01 | O66: North Portal Chiltern Tunnels to Brackley | P66: 01 - Docs | Q66: SDK | R66: HS2_DJV_Documents | S66: 280605 | T66: Microsoft Excel | U66: MPDT-Godington West Embankment Planting Plot 2 | V66: 1MC06-ASC-EV-FRM-CS06_CL10-900034.xlsm | Y66: APPROVED | Z66: 1MC06-ASC-EV-FRM-CS06_CL10-900034 | AA66: S3 | AB66: First Issue | AC66: Checked In
... A87: 1MC06-ASC-EV-FRM-CS06_CL10-900057 | B87: MPDT-Chetwode Cutting Planting Plot 6 | C87: Chetwode Cutting Planting Plot 6 | D87: P01 | E87: Approve (Shared) | F87: laurence.meyer_inter.setec.fr | G87: 45586.661 | H87: laurence.meyer_inter.setec.fr | I87: 45586.661 | J87: Hub_DC_Birmingham_Central | K87: 45448.317 | L87: 186 KB | M87: 1MC06 | N87: P01 | O87: North Portal Chiltern Tunnels to Brackley | P87: 01 - Docs | Q87: SDK | R87: HS2_DJV_Documents | S87: 279274 | T87: Microsoft Excel | U87: MPDT-Chetwode Cutting Planting Plot 6 | V87: 1MC06-ASC-EV-FRM-CS06_CL10-900057.xlsm | Y87: APPROVED | Z87: 1MC06-ASC-EV-FRM-CS06_CL10-900057 | AA87: S3 | AB87: First Issue | AC87: Checked In
A88: 1MC06-ASC-EV-FRM-CS06_CL10-900061 | B88: MPDT - Chetwode Cutting Ecological Features | C88: Chetwode Cutting Ecological Features | D88: P01.1 | E88: Work in Progress | F88: Yogesh Dattatray Kasurde | G88: 45568.303 | I88: 45568.3 | J88: Yogesh Dattatray Kasurde | K88: 45568.3 | L88: 0 KB | M88: 1MC06 | N88: P01.1 | O88: North Portal Chiltern Tunnels to Brackley | P88: 01 - Docs | Q88: SDK | R88: HS2_DJV_Documents | S88: 279274 | T88: Microsoft Excel | U88: MPDT - Chetwode Cutting Ecological Features | Y88: UNAPPROVED | Z88: 1MC06-ASC-EV-FRM-CS06_CL10-900061 | AA88: S0 | AB88: Internal review | AC88: Checked In
A89: 1MC06-ASC-EV-FRM-CS06_CL10-900062 | B89: MPDT - Barton Hartshorn Embankment Ecological Features | C89: Barton Hartshorn Embankment Ecological Features | D89: P01.1 | E89: Work in Progress | F89: Alexander Granados-Potts | G89: 45632.003 | H89: Yogesh Dattatray Kasurde | I89: 45568.309 | J89: Yogesh Dattatray Kasurde | K89: 45568.309 | L89: 58 KB | M89: 1MC06 | N89: P01.1 | O89: North Portal Chiltern Tunnels to Brackley | P89: 01 - Docs | Q89: SDK | R89: HS2_DJV_Documents | S89: 277367 | T89: Microsoft Excel | U89: MPDT - Barton Hartshorn Embankment Ecological Features | V89: 1MC06-ASC-EV-FRM-CS06_CL10-900062.xlsx | Y89: UNAPPROVED | Z89: 1MC06-ASC-EV-FRM-CS06_CL10-900062 | AA89: S0 | AB89: Internal review | AC89: Final
A90: 1MC06-ASC-EV-FRM-CS06_CL21-900001 | B90: MPDT-Barton to Mixbury Cutting Planting Plot 13 | C90: Barton to Mixbury Cutting Planting Plot 13 | D90: P01 | E90: Approve (Shared) | F90: laurence.meyer_inter.setec.fr | G90: 45691.624 | H90: laurence.meyer_inter.setec.fr | I90: 45691.624 | J90: Hub_DC_Birmingham_Central | K90: 45448.315 | L90: 211 KB | M90: 1MC06 | N90: P01 | O90: North Portal Chiltern Tunnels to Brackley | P90: 01 - Docs | Q90: SDK | R90: HS2_DJV_Documents | S90: 278141 | T90: Microsoft Excel | U90: MPDT-Barton to Mixbury Cutting Planting Plot 13 | V90: 1MC06-ASC-EV-FRM-CS06_CL21-900001.xlsm | Y90: APPROVED | Z90: 1MC06-ASC-EV-FRM-CS06_CL21-900001 | AA90: S3 | AB90: Internal Review | AC90: Checked In
A91: 1MC06-ASC-EV-FRM-CS06_CL21-900002 | B91: MPDT-Barton to Mixbury Cutting Planting Plot 1 | C91: Barton to Mixbury Cutting Planting Plot 1 | D91: P01 | E91: Approve (Shared) | F91: laurence.meyer_inter.setec.fr | G91: 45691.624 | H91: laurence.meyer_inter.setec.fr | I91: 45691.624 | J91: Hub_DC_Birmingham_Central | K91: 45448.315 | L91: 201 KB | M91: 1MC06 | N91: P01 | O91: North Portal Chiltern Tunnels to Brackley | P91: 01 - Docs | Q91: SDK | R91: HS2_DJV_Documents | S91: 278141 | T91: Microsoft Excel | U91: MPDT-Barton to Mixbury Cutting Planting Plot 1 | V91: 1MC06-ASC-EV-FRM-CS06_CL21-900002.xlsm | Y91: APPROVED | Z91: 1MC06-ASC-EV-FRM-CS06_CL21-900002 | AA91: S3 | AB91: Internal Review | AC91: Checked In
A92: 1MC06-ASC-EV-FRM-CS06_CL21-900003 | B92: MPDT-Barton to Mixbury Cutting Planting Plot 2 | C92: Barton to Mixbury Cutting Planting Plot 2 | D92: P01 | E92: Approve (Shared) | F92: laurence.meyer_inter.setec.fr | G92: 45691.624 | H92: laurence.meyer_inter.setec.fr | I92: 45691.624 | J92: Hub_DC_Birmingham_Central | K92: 45448.315 | L92: 187 KB | M92: 1MC06 | N92: P01 | O92: North Portal Chiltern Tunnels to Brackley | P92: 01 - Docs | Q92: SDK | R92: HS2_DJV_Documents | S92: 278141 | T92: Microsoft Excel | U92: MPDT-Barton to Mixbury Cutting Planting Plot 2 | V92: 1MC06-ASC-EV-FRM-CS06_CL21-900003.xlsm | Y92: APPROVED | Z92: 1MC06-ASC-EV-FRM-CS06_CL21-900003 | AA92: S3 | AB92: Internal Review | AC92: Checked In
A93: 1MC06-ASC-EV-FRM-CS06_CL21-900004 | B93: MPDT-Barton to Mixbury Cutting Planting Plot 12 | C93: Barton to Mixbury Cutting Planting Plot 12 | D93: P01 | E93: Approve (Shared) | F93: laurence.meyer_inter.setec.fr | G93: 45691.625 | H93: laurence.meyer_inter.setec.fr | I93: 45691.625 | J93: Hub_DC_Birmingham_Central | K93: 45448.315 | L93: 180 KB | M93: 1MC06 | N93: P01 | O93: North Portal Chiltern Tunnels to Brackley | P93: 01 - Docs | Q93: SDK | R93: HS2_DJV_Documents | S93: 278141 | T93: Microsoft Excel | U93: MPDT- Barton to Mixbury Cutting Planting Plot 12 | V93: 1MC06-ASC-EV-FRM-CS06_CL21-900004.xlsm | Y93: APPROVED | Z93: 1MC06-ASC-EV-FRM-CS06_CL21-900004 | AA93: S3 | AB93: Internal Review | AC93: Checked In
A94: 1MC06-ASC-EV-FRM-CS06_CL21-900005 | B94: MPDT-Barton to Mixbury Cutting Planting Plot 14 | C94: Barton to Mixbury Cutting Planting Plot 14 | D94: P01 | E94: Approve (Shared) | F94: laurence.meyer_inter.setec.fr | G94: 45691.625 | H94: laurence.meyer_inter.setec.fr | I94: 45691.625 | J94: Hub_DC_Birmingham_Central | K94: 45448.315 | L94: 185 KB | M94: 1MC06 | N94: P01 | O94: North Portal Chiltern Tunnels to Brackley | P94: 01 - Docs | Q94: SDK | R94: HS2_DJV_Documents | S94: 278141 | T94: Microsoft Excel | U94: MPDT-Barton to Mixbury Cutting Planting Plot 14 | V94: 1MC06-ASC-EV-FRM-CS06_CL21-900005.xlsm | Y94: APPROVED | Z94: 1MC06-ASC-EV-FRM-CS06_CL21-900005 | AA94: S3 | AB94: Internal Review | AC94: Checked In
A95: 1MC06-ASC-EV-FRM-CS06_CL21-900006 | B95: MPDT-Barton to Mixbury Cutting Planting Plot 15 | C95: Barton to Mixbury Cutting Planting Plot 15 | D95: P01 | E95: Approve (Shared) | F95: laurence.meyer_inter.setec.fr | G95: 45691.625 | H95: laurence.meyer_inter.setec.fr | I95: 45691.625 | J95: Hub_DC_Birmingham_Central | K95: 45448.315 | L95: 201 KB | M95: 1MC06 | N95: P01 | O95: North Portal Chiltern Tunnels to Brackley | P95: 01 - Docs | Q95: SDK | R95: HS2_DJV_Documents | S95: 278141 | T95: Microsoft Excel | U95: MPDT-Barton to Mixbury Cutting Planting Plot 15 | V95: 1MC06-ASC-EV-FRM-CS06_CL21-900006.xlsm | Y95: APPROVED | Z95: 1MC06-ASC-EV-FRM-CS06_CL21-900006 | AA95: S3 | AB95: Internal Review | AC95: Checked In
A96: 1MC06-ASC-EV-FRM-CS06_CL21-900007 | B96: MPDT-Barton to Mixbury Cutting Planting Plot 3 | C96: Barton to Mixbury Cutting Planting Plot 3 | D96: P01 | E96: Approve (Shared) | F96: laurence.meyer_inter.setec.fr | G96: 45691.625 | H96: laurence.meyer_inter.setec.fr | I96: 45691.625 | J96: Hub_DC_Birmingham_Central | K96: 45448.315 | L96: 187 KB | M96: 1MC06 | N96: P01 | O96: North Portal Chiltern Tunnels to Brackley | P96: 01 - Docs | Q96: SDK | R96: HS2_DJV_Documents | S96: 278141 | T96: Microsoft Excel | U96: MPDT-Barton to Mixbury Cutting Planting Plot 3 | V96: 1MC06-ASC-EV-FRM-CS06_CL21-900007.xlsm | Y96: APPROVED | Z96: 1MC06-ASC-EV-FRM-CS06_CL21-900007 | AA96: S3 | AB96: Internal Review | AC96: Checked In
A97: 1MC06-ASC-EV-FRM-CS06_CL21-900008 | B97: MPDT-Barton to Mixbury Cutting Planting Plot 4 | C97: Barton to Mixbury Cutting Planting Plot 4 | D97: P01 | E97: Approve (Shared) | F97: laurence.meyer_inter.setec.fr | G97: 45691.625 | H97: laurence.meyer_inter.setec.fr | I97: 45691.625 | J97: Hub_DC_Birmingham_Central | K97: 45448.315 | L97: 195 KB | M97: 1MC06 | N97: P01 | O97: North Portal Chiltern Tunnels to Brackley | P97: 01 - Docs | Q97: SDK | R97: HS2_DJV_Documents | S97: 278141 | T97: Microsoft Excel | U97: MPDT-Barton to Mixbury Cutting Planting Plot 4 | V97: 1MC06-ASC-EV-FRM-CS06_CL21-900008.xlsm | Y97: APPROVED | Z97: 1MC06-ASC-EV-FRM-CS06_CL21-900008 | AA97: S3 | AB97: Internal Review | AC97: Checked In
A98: 1MC06-ASC-EV-FRM-CS06_CL21-900009 | B98: MPDT-Barton to Mixbury Cutting Planting Plot 16 | C98: Barton to Mixbury Cutting Planting Plot 16 | D98: P01 | E98: Approve (Shared) | F98: laurence.meyer_inter.setec.fr | G98: 45691.625 | H98: laurence.meyer_inter.setec.fr | I98: 45691.625 | J98: Hub_DC_Birmingham_Central | K98: 45448.315 | L98: 206 KB | M98: 1MC06 | N98: P01 | O98: North Portal Chiltern Tunnels to Brackley | P98: 01 - Docs | Q98: SDK | R98: HS2_DJV_Documents | S98: 278141 | T98: Microsoft Excel | U98: MPDT-Barton to Mixbury Cutting Planting Plot 16 | V98: 1MC06-ASC-EV-FRM-CS06_CL21-900009.xlsm | Y98: APPROVED | Z98: 1MC06-ASC-EV-FRM-CS06_CL21-900009 | AA98: S3 | AB98: Internal Review | AC98: Checked In
A99: 1MC06-ASC-EV-FRM-CS06_CL21-900010 | B99: MPDT-Barton to Mixbury Cutting Planting Plot 5 | C99: Barton to Mixbury Cutting Planting Plot 5 | D99: P01 | E99: Approve (Shared) | F99: laurence.meyer_inter.setec.fr | G99: 45691.625 | H99: laurence.meyer_inter.setec.fr | I99: 45691.625 | J99: Hub_DC_Birmingham_Central | K99: 45448.315 | L99: 183 KB | M99: 1MC06 | N99: P01 | O99: North Portal Chiltern Tunnels to Brackley | P99: 01 - Docs | Q99: SDK | R99: HS2_DJV_Documents | S99: 278141 | T99: Microsoft Excel | U99: MPDT-Barton to Mixbury Cutting Planting Plot 5 | V99: 1MC06-ASC-EV-FRM-CS06_CL21-900010.xlsm | Y99: APPROVED | Z99: 1MC06-ASC-EV-FRM-CS06_CL21-900010 | AA99: S3 | AB99: Internal Review | AC99: Checked In
A100: 1MC06-ASC-EV-FRM-CS06_CL21-900011 | B100: MPDT-Barton to Mixbury Cutting Planting Plot 6 | C100: Barton to Mixbury Cutting Planting Plot 6 | D100: P01 | E100: Approve (Shared) | F100: laurence.meyer_inter.setec.fr | G100: 45691.625 | H100: laurence.meyer_inter.setec.fr | I100: 45691.625 | J100: Hub_DC_Birmingham_Central | K100: 45448.315 | L100: 190 KB | M100: 1MC06 | N100: P01 | O100: North Portal Chiltern Tunnels to Brackley | P100: 01 - Docs | Q100: SDK | R100: HS2_DJV_Documents | S100: 278141 | T100: Microsoft Excel | U100: MPDT-Barton to Mixbury Cutting Planting Plot 6 | V100: 1MC06-ASC-EV-FRM-CS06_CL21-900011.xlsm | Y100: APPROVED | Z100: 1MC06-ASC-EV-FRM-CS06_CL21-900011 | AA100: S3 | AB100: Internal Review | AC100: Checked In
... A113: 1MC06-ASC-EV-FRM-CS06_CL21-900024 | B113: MPDT-Barton Hartshorn Embankment Planting Plot 1 | C113: Barton Hartshorn Embankment Planting Plot 1 | D113: P01 | E113: Approve (Shared) | F113: Alexander Granados-Potts | G113: 45632.003 | H113: laurence.meyer_inter.setec.fr | I113: 45586.661 | J113: Hub_DC_Birmingham_Central | K113: 45448.318 | L113: 189 KB | M113: 1MC06 | N113: P01 | O113: North Portal Chiltern Tunnels to Brackley | P113: 01 - Docs | Q113: SDK | R113: HS2_DJV_Documents | S113: 277367 | T113: Microsoft Excel | U113: MPDT-Barton Hartshorn Embankment Planting Plot 1 | V113: 1MC06-ASC-EV-FRM-CS06_CL21-900024.xlsm | Y113: APPROVED | Z113: 1MC06-ASC-EV-FRM-CS06_CL21-900024 | AA113: S3 | AB113: First Issue | AC113: Checked In
A114: 1MC06-ASC-EV-FRM-CS06_CL21-900025 | B114: MPDT - Barton to Mixbury Cutting Ecological Features | C114: Barton to Mixbury Cutting Ecological Features | D114: P01.1 | E114: Work in Progress | F114: Alexander Granados-Potts | G114: 45632.357 | H114: Hub_DC_Birmingham_Central | I114: 45548.56 | J114: Hub_DC_Birmingham_Central | K114: 45548.56 | L114: 58 KB | M114: 1MC06 | N114: P01.1 | O114: North Portal Chiltern Tunnels to Brackley | P114: 01 - Docs | Q114: SDK | R114: HS2_DJV_Documents | S114: 278141 | T114: Microsoft Excel | U114: MPDT - Barton to Mixbury Cutting Ecological Features | V114: 1MC06-ASC-EV-FRM-CS06_CL21-900025.xlsx | Z114: 1MC06-CEK-EV-FRM-CS06_CL21-900025 | AA114: S0 | AB114: Internal Review | AC114: Final
A115: 1MC06-ASC-EV-FRM-CS06_CL22-900001 | B115: MPDT - Mixbury Cutting Planting Plot 1 | C115: Mixbury Cutting Planting Plot 1 | D115: P02 | E115: Approve (Shared) | F115: laurence.meyer_inter.setec.fr | G115: 45443.474 | H115: laurence.meyer_inter.setec.fr | I115: 45443.474 | J115: Hub_DC_Birmingham_Central | K115: 45168.48 | L115: 173 KB | M115: 1MC06 | N115: P02 | O115: North Portal Chiltern Tunnels to Brackley | P115: 01 - Docs | Q115: SDK | R115: HS2_DJV_Documents | S115: 282616 | T115: Microsoft Excel | U115: MPDT - Mixbury Cutting Planting Plot 1 | V115: 1MC06-ASC-EV-FRM-CS06_CL22-900001.xlsm | Y115: APPROVED | Z115: 1MC06-ASC-EV-FRM-CS06_CL22-900001 | AA115: S3 | AB115: Revised in line with comments | AC115: Checked In
A116: 1MC06-ASC-EV-FRM-CS06_CL22-900001 | B116: MPDT - Mixbury Cutting Planting Plot 1 | C116: Mixbury Cutting Planting Plot 1 | D116: P01 | E116: Approve (Shared) | F116: Hassan Saab | G116: 45442.557 | H116: laurence.meyer_inter.setec.fr | I116: 45441.452 | J116: Hassan Saab | K116: 45168.48 | L116: 173 KB | M116: 1MC06 | N116: P01 | O116: North Portal Chiltern Tunnels to Brackley | P116: 01 - Docs | Q116: SDK | R116: HS2_DJV_Documents | S116: 282616 | T116: Microsoft Excel | U116: MPDT - Mixbury Cutting Planting Plot 1 | V116: 1MC06-ASC-EV-FRM-CS06_CL22-900001.xlsm | Y116: APPROVED | Z116: 1MC06-ASC-EV-FRM-CS06_CL22-900001 | AA116: S3 | AB116: First Issue | AC116: Checked In
A117: 1MC06-ASC-EV-FRM-CS06_CL22-900002 | B117: MPDT - Mixbury Cutting Planting Plot 2 | C117: Mixbury Cutting Planting Plot 2 | D117: P02 | E117: Approve (Shared) | F117: laurence.meyer_inter.setec.fr | G117: 45443.474 | H117: laurence.meyer_inter.setec.fr | I117: 45443.474 | J117: Hub_DC_Birmingham_Central | K117: 45168.48 | L117: 171 KB | M117: 1MC06 | N117: P02 | O117: North Portal Chiltern Tunnels to Brackley | P117: 01 - Docs | Q117: SDK | R117: HS2_DJV_Documents | S117: 282616 | T117: Microsoft Excel | U117: MPDT - Mixbury Cutting Planting Plot 2 | V117: 1MC06-ASC-EV-FRM-CS06_CL22-900002.xlsm | Y117: APPROVED | Z117: 1MC06-ASC-EV-FRM-CS06_CL22-900002 | AA117: S3 | AB117: Revised in line with comments | AC117: Checked In
A118: 1MC06-ASC-EV-FRM-CS06_CL22-900002 | B118: MPDT - Mixbury Cutting Planting Plot 2 | C118: Mixbury Cutting Planting Plot 2 | D118: P01 | E118: Approve (Shared) | F118: Hassan Saab | G118: 45442.557 | H118: laurence.meyer_inter.setec.fr | I118: 45441.452 | J118: Hassan Saab | K118: 45168.48 | L118: 171 KB | M118: 1MC06 | N118: P01 | O118: North Portal Chiltern Tunnels to Brackley | P118: 01 - Docs | Q118: SDK | R118: HS2_DJV_Documents | S118: 282616 | T118: Microsoft Excel | U118: MPDT - Mixbury Cutting Planting Plot 2 | V118: 1MC06-ASC-EV-FRM-CS06_CL22-900002.xlsm | Y118: APPROVED | Z118: 1MC06-ASC-EV-FRM-CS06_CL22-900002 | AA118: S3 | AB118: First Issue | AC118: Checked In
A119: 1MC06-ASC-EV-FRM-CS06_CL22-900003 | B119: MPDT - Mixbury Cutting Planting Plot 3 | C119: Mixbury Cutting Planting Plot 3 | D119: P02 | E119: Approve (Shared) | F119: laurence.meyer_inter.setec.fr | G119: 45443.474 | H119: laurence.meyer_inter.setec.fr | I119: 45443.474 | J119: Hub_DC_Birmingham_Central | K119: 45168.48 | L119: 168 KB | M119: 1MC06 | N119: P02 | O119: North Portal Chiltern Tunnels to Brackley | P119: 01 - Docs | Q119: SDK | R119: HS2_DJV_Documents | S119: 282616 | T119: Microsoft Excel | U119: MPDT - Mixbury Cutting Planting Plot 3 | V119: 1MC06-ASC-EV-FRM-CS06_CL22-900003.xlsm | Y119: APPROVED | Z119: 1MC06-ASC-EV-FRM-CS06_CL22-900003 | AA119: S3 | AB119: Revised in line with comments | AC119: Checked In
A120: 1MC06-ASC-EV-FRM-CS06_CL22-900003 | B120: MPDT - Mixbury Cutting Planting Plot 3 | C120: Mixbury Cutting Planting Plot 3 | D120: P01 | E120: Approve (Shared) | F120: Hassan Saab | G120: 45442.558 | H120: laurence.meyer_inter.setec.fr | I120: 45441.452 | J120: Hassan Saab | K120: 45168.48 | L120: 168 KB | M120: 1MC06 | N120: P01 | O120: North Portal Chiltern Tunnels to Brackley | P120: 01 - Docs | Q120: SDK | R120: HS2_DJV_Documents | S120: 282616 | T120: Microsoft Excel | U120: MPDT - Mixbury Cutting Planting Plot 3 | V120: 1MC06-ASC-EV-FRM-CS06_CL22-900003.xlsm | Y120: APPROVED | Z120: 1MC06-ASC-EV-FRM-CS06_CL22-900003 | AA120: S3 | AB120: First Issue | AC120: Checked In
A121: 1MC06-ASC-EV-FRM-CS06_CL22-900004 | B121: MPDT - Mixbury Cutting Planting Plot 4 | C121: Mixbury Cutting Planting Plot 4 | D121: P02 | E121: Approve (Shared) | F121: laurence.meyer_inter.setec.fr | G121: 45443.474 | H121: laurence.meyer_inter.setec.fr | I121: 45443.474 | J121: Hub_DC_Birmingham_Central | K121: 45168.48 | L121: 168 KB | M121: 1MC06 | N121: P02 | O121: North Portal Chiltern Tunnels to Brackley | P121: 01 - Docs | Q121: SDK | R121: HS2_DJV_Documents | S121: 282616 | T121: Microsoft Excel | U121: MPDT - Mixbury Cutting Planting Plot 4 | V121: 1MC06-ASC-EV-FRM-CS06_CL22-900004.xlsm | Y121: APPROVED | Z121: 1MC06-ASC-EV-FRM-CS06_CL22-900004 | AA121: S3 | AB121: Revised in line with comments | AC121: Checked In
A122: 1MC06-ASC-EV-FRM-CS06_CL22-900004 | B122: MPDT - Mixbury Cutting Planting Plot 4 | C122: Mixbury Cutting Planting Plot 4 | D122: P01 | E122: Approve (Shared) | F122: Hassan Saab | G122: 45442.558 | H122: laurence.meyer_inter.setec.fr | I122: 45441.452 | J122: Hassan Saab | K122: 45168.48 | L122: 168 KB | M122: 1MC06 | N122: P01 | O122: North Portal Chiltern Tunnels to Brackley | P122: 01 - Docs | Q122: SDK | R122: HS2_DJV_Documents | S122: 282616 | T122: Microsoft Excel | U122: MPDT - Mixbury Cutting Planting Plot 4 | V122: 1MC06-ASC-EV-FRM-CS06_CL22-900004.xlsm | Y122: APPROVED | Z122: 1MC06-ASC-EV-FRM-CS06_CL22-900004 | AA122: S3 | AB122: First Issue | AC122: Checked In
A123: 1MC06-ASC-EV-FRM-CS06_CL22-900005 | B123: MPDT - Mixbury Cutting Planting Plot 5 | C123: Mixbury Cutting Planting Plot 5 | D123: P02 | E123: Approve (Shared) | F123: laurence.meyer_inter.setec.fr | G123: 45443.474 | H123: laurence.meyer_inter.setec.fr | I123: 45443.474 | J123: Hub_DC_Birmingham_Central | K123: 45168.48 | L123: 172 KB | M123: 1MC06 | N123: P02 | O123: North Portal Chiltern Tunnels to Brackley | P123: 01 - Docs | Q123: SDK | R123: HS2_DJV_Documents | S123: 282616 | T123: Microsoft Excel | U123: MPDT - Mixbury Cutting Planting Plot 5 | V123: 1MC06-ASC-EV-FRM-CS06_CL22-900005.xlsm | Y123: APPROVED | Z123: 1MC06-ASC-EV-FRM-CS06_CL22-900005 | AA123: S3 | AB123: Revised in line with comments | AC123: Checked In
A124: 1MC06-ASC-EV-FRM-CS06_CL22-900005 | B124: MPDT - Mixbury Cutting Planting Plot 5 | C124: Mixbury Cutting Planting Plot 5 | D124: P01 | E124: Approve (Shared) | F124: Hassan Saab | G124: 45442.558 | H124: laurence.meyer_inter.setec.fr | I124: 45441.452 | J124: Hassan Saab | K124: 45168.48 | L124: 172 KB | M124: 1MC06 | N124: P01 | O124: North Portal Chiltern Tunnels to Brackley | P124: 01 - Docs | Q124: SDK | R124: HS2_DJV_Documents | S124: 282616 | T124: Microsoft Excel | U124: MPDT - Mixbury Cutting Planting Plot 5 | V124: 1MC06-ASC-EV-FRM-CS06_CL22-900005.xlsm | Y124: APPROVED | Z124: 1MC06-ASC-EV-FRM-CS06_CL22-900005 | AA124: S3 | AB124: First Issue | AC124: Checked In
A125: 1MC06-ASC-EV-FRM-CS06_CL22-900006 | B125: MPDT - Mixbury Cutting Planting Plot 6 | C125: Mixbury Cutting Planting Plot 6 | D125: P02 | E125: Approve (Shared) | F125: laurence.meyer_inter.setec.fr | G125: 45443.474 | H125: laurence.meyer_inter.setec.fr | I125: 45443.474 | J125: Hub_DC_Birmingham_Central | K125: 45168.48 | L125: 170 KB | M125: 1MC06 | N125: P02 | O125: North Portal Chiltern Tunnels to Brackley | P125: 01 - Docs | Q125: SDK | R125: HS2_DJV_Documents | S125: 282616 | T125: Microsoft Excel | U125: MPDT - Mixbury Cutting Planting Plot 6 | V125: 1MC06-ASC-EV-FRM-CS06_CL22-900006.xlsm | Y125: APPROVED | Z125: 1MC06-ASC-EV-FRM-CS06_CL22-900006 | AA125: S3 | AB125: Revised in line with comments | AC125: Checked In
A126: 1MC06-ASC-EV-FRM-CS06_CL22-900006 | B126: MPDT - Mixbury Cutting Planting Plot 6 | C126: Mixbury Cutting Planting Plot 6 | D126: P01 | E126: Approve (Shared) | F126: Hassan Saab | G126: 45442.558 | H126: laurence.meyer_inter.setec.fr | I126: 45441.452 | J126: Hassan Saab | K126: 45168.48 | L126: 170 KB | M126: 1MC06 | N126: P01 | O126: North Portal Chiltern Tunnels to Brackley | P126: 01 - Docs | Q126: SDK | R126: HS2_DJV_Documents | S126: 282616 | T126: Microsoft Excel | U126: MPDT - Mixbury Cutting Planting Plot 6 | V126: 1MC06-ASC-EV-FRM-CS06_CL22-900006.xlsm | Y126: APPROVED | Z126: 1MC06-ASC-EV-FRM-CS06_CL22-900006 | AA126: S3 | AB126: First Issue | AC126: Checked In
... A133: 1MC06-ASC-EV-FRM-CS06_CL22-900012 | B133: MPDT - Westbury Embankment Planting Plot 1 | C133: Westbury Embankment Planting Plot 1 | D133: P01 | E133: Approve (Shared) | F133: laurence.meyer_inter.setec.fr | G133: 45441.454 | H133: laurence.meyer_inter.setec.fr | I133: 45441.454 | J133: Hub_DC_Birmingham_Central | K133: 45168.48 | L133: 175 KB | M133: 1MC06 | N133: P01 | O133: North Portal Chiltern Tunnels to Brackley | P133: 01 - Docs | Q133: SDK | R133: HS2_DJV_Documents | S133: 291839 | T133: Microsoft Excel | U133: MPDT - Westbury Embankment Planting Plot 1 | V133: 1MC06-ASC-EV-FRM-CS06_CL22-900012.xlsm | Y133: APPROVED | Z133: 1MC06-ASC-EV-FRM-CS06_CL22-900012 | AA133: S3 | AB133: First Issue | AC133: Checked In
A134: 1MC06-ASC-EV-FRM-CS06_CL22-900013 | B134: MPDT - Westbury Embankment Planting Plot 2 | C134: Westbury Embankment Planting Plot 2 | D134: P02.1 | E134: Work in Progress | F134: Rakesh Gupta | G134: 45450.343 | H134: laurence.meyer_inter.setec.fr | I134: 45441.454 | J134: Hub_DC_Birmingham_Central | K134: 45168.481 | L134: 167 KB | M134: 1MC06 | N134: P02.1 | O134: North Portal Chiltern Tunnels to Brackley | P134: 01 - Docs | Q134: SDK | R134: HS2_DJV_Documents | S134: 291839 | T134: Microsoft Excel | U134: MPDT - Westbury Embankment Planting Plot 2 | V134: 1MC06-ASC-EV-FRM-CS06_CL22-900013.xlsm | Y134: UNAPPROVED | Z134: 1MC06-ASC-EV-FRM-CS06_CL22-900013 | AA134: S0 | AC134: Checked In
A135: 1MC06-ASC-EV-FRM-CS06_CL22-900013 | B135: MPDT - Westbury Embankment Planting Plot 2 | C135: Westbury Embankment Planting Plot 2 | D135: P01 | E135: Approve (Shared) | F135: Rakesh Gupta | G135: 45450.343 | H135: laurence.meyer_inter.setec.fr | I135: 45441.454 | J135: Rakesh Gupta | K135: 45168.481 | L135: 167 KB | M135: 1MC06 | N135: P01 | O135: North Portal Chiltern Tunnels to Brackley | P135: 01 - Docs | Q135: SDK | R135: HS2_DJV_Documents | S135: 291839 | T135: Microsoft Excel | U135: MPDT - Westbury Embankment Planting Plot 2 | V135: 1MC06-ASC-EV-FRM-CS06_CL22-900013.xlsm | Y135: APPROVED | Z135: 1MC06-ASC-EV-FRM-CS06_CL22-900013 | AA135: S3 | AB135: First Issue | AC135: Checked In
A136: 1MC06-ASC-EV-FRM-CS06_CL22-900014 | B136: MPDT - Westbury Embankment Planting Plot 3 | C136: Westbury Embankment Planting Plot 3 | D136: P01 | E136: Approve (Shared) | F136: laurence.meyer_inter.setec.fr | G136: 45441.454 | H136: laurence.meyer_inter.setec.fr | I136: 45441.454 | J136: Hub_DC_Birmingham_Central | K136: 45168.481 | L136: 168 KB | M136: 1MC06 | N136: P01 | O136: North Portal Chiltern Tunnels to Brackley | P136: 01 - Docs | Q136: SDK | R136: HS2_DJV_Documents | S136: 291839 | T136: Microsoft Excel | U136: MPDT - Westbury Embankment Planting Plot 3 | V136: 1MC06-ASC-EV-FRM-CS06_CL22-900014.xlsm | Y136: APPROVED | Z136: 1MC06-ASC-EV-FRM-CS06_CL22-900014 | AA136: S3 | AB136: First Issue | AC136: Checked In
A137: 1MC06-ASC-EV-FRM-CS06_CL22-900015 | B137: MPDT - Westbury Embankment Planting Plot 4 | C137: Westbury Embankment Planting Plot 4 | D137: P01 | E137: Approve (Shared) | F137: laurence.meyer_inter.setec.fr | G137: 45441.454 | H137: laurence.meyer_inter.setec.fr | I137: 45441.454 | J137: Hub_DC_Birmingham_Central | K137: 45168.481 | L137: 167 KB | M137: 1MC06 | N137: P01 | O137: North Portal Chiltern Tunnels to Brackley | P137: 01 - Docs | Q137: SDK | R137: HS2_DJV_Documents | S137: 291839 | T137: Microsoft Excel | U137: MPDT - Westbury Embankment Planting Plot 4 | V137: 1MC06-ASC-EV-FRM-CS06_CL22-900015.xlsm | Y137: APPROVED | Z137: 1MC06-ASC-EV-FRM-CS06_CL22-900015 | AA137: S3 | AB137: First Issue | AC137: Checked In
A138: 1MC06-ASC-EV-FRM-CS06_CL22-900016 | B138: MPDT - Westbury Embankment Planting Plot 5 | C138: Westbury Embankment Planting Plot 5 | D138: P01 | E138: Approve (Shared) | F138: laurence.meyer_inter.setec.fr | G138: 45441.454 | H138: laurence.meyer_inter.setec.fr | I138: 45441.454 | J138: Hub_DC_Birmingham_Central | K138: 45168.481 | L138: 170 KB | M138: 1MC06 | N138: P01 | O138: North Portal Chiltern Tunnels to Brackley | P138: 01 - Docs | Q138: SDK | R138: HS2_DJV_Documents | S138: 291839 | T138: Microsoft Excel | U138: MPDT - Westbury Embankment Planting Plot 5 | V138: 1MC06-ASC-EV-FRM-CS06_CL22-900016.xlsm | Y138: APPROVED | Z138: 1MC06-ASC-EV-FRM-CS06_CL22-900016 | AA138: S3 | AB138: First Issue | AC138: Checked In
...

Sheet (star)MPDT in EV
A1: Name | B1: Description | D1: Rev.Ver | E1: State | F1: Updated By | G1: Updated | H1: File Updated By | I1: File Updated | J1: Created By | K1: Created | L1: File Size | M1: Project ID | N1: Version | O1: Project Title | P1: Folder Name | Q1: Folder Description | R1: Environment | S1: Folder Id | T1: Application | U1: Title | V1: File Name | W1: Out to | X1: File Revision | Y1: Reference Status | Z1: Doc. Reference | AA1: Suitability | AB1: Revision note | AC1: Status
A2: 1MC06-CEK-EV-FRM-CS03_CL05-000002 | B2: NOT USED - Rocky Lane Cutting Landscape Planting - MPDT | C2: Rocky Lane Cutting Landscape Planting | D2: P01.1 | E2: Work in Progress | F2: Alexander Granados-Potts | G2: 45634.71 | H2: Hub_DC_Birmingham_Central | I2: 44995.593 | J2: Hub_DC_Birmingham_Central | K2: 44995.593 | L2: 58 KB | M2: 1MC06 | N2: P01.1 | O2: North Portal Chiltern Tunnels to Brackley | P2: 01 - Docs | Q2: SDK | R2: HS2_DJV_Documents | S2: 284879 | T2: Microsoft Excel | U2: Rocky Lane Cutting Landscape Planting - MPDT | V2: 1MC06-CEK-EV-FRM-CS03_CL05-000002.xlsx | Z2: 1MC06-CEK-EV-FRM-CS03_CL05-000002 | AA2: S0 | AB2: Internal review | AC2: Final
A3: 1MC06-CEK-EV-FRM-CS03_CL05-000003 | B3: Small Dean South Embankment Landscape Planting - MPDT | C3: Small Dean South Embankment Landscape Planting | D3: P01.1 | E3: Work in Progress | F3: Alexander Granados-Potts | G3: 45634.71 | H3: Hub_DC_Birmingham_Central | I3: 44995.593 | J3: Hub_DC_Birmingham_Central | K3: 44995.593 | L3: 58 KB | M3: 1MC06 | N3: P01.1 | O3: North Portal Chiltern Tunnels to Brackley | P3: 01 - Docs | Q3: SDK | R3: HS2_DJV_Documents | S3: 285097 | T3: Microsoft Excel | U3: Small Dean South Embankment Landscape Planting - MPDT | V3: 1MC06-CEK-EV-FRM-CS03_CL05-000003.xlsx | Z3: 1MC06-CEK-EV-FRM-CS03_CL05-000003 | AA3: S0 | AB3: Internal review | AC3: Final
A4: 1MC06-CEK-EV-FRM-CS03_CL05-000004 | B4: South Heath Cutting Landscape Planting - MPDT | C4: South Heath Cutting Landscape Planting | D4: P01.1 | E4: Unassigned | F4: Alexander Granados-Potts | G4: 45634.71 | H4: Hub_DC_Birmingham_Central | I4: 44995.593 | J4: Hub_DC_Birmingham_Central | K4: 44995.593 | L4: 58 KB | M4: 1MC06 | N4: P01.1 | O4: North Portal Chiltern Tunnels to Brackley | P4: 01 - Docs | Q4: SDK | R4: HS2_DJV_Documents | S4: 286097 | T4: Microsoft Excel | U4: South Heath Cutting Landscape Planting - MPDT | V4: 1MC06-CEK-EV-FRM-CS03_CL05-000004.xlsx | Z4: 1MC06-CEK-EV-FRM-CS03_CL05-000004 | AA4: S0 | AB4: Internal review | AC4: Final
A5: 1MC06-CEK-EV-FRM-CS03_CL05-000005 | B5: Wendover Dean North Embankment Landscape Planting - MPDT | C5: Wendover Dean North Embankment Landscape Planting | D5: P01.1 | E5: Work in Progress | F5: Alexander Granados-Potts | G5: 45634.71 | H5: Hub_DC_Birmingham_Central | I5: 44995.593 | J5: Hub_DC_Birmingham_Central | K5: 44995.593 | L5: 58 KB | M5: 1MC06 | N5: P01.1 | O5: North Portal Chiltern Tunnels to Brackley | P5: 01 - Docs | Q5: SDK | R5: HS2_DJV_Documents | S5: 290491 | T5: Microsoft Excel | U5: Wendover Dean North Embankment Landscape Planting - MPDT | V5: 1MC06-CEK-EV-FRM-CS03_CL05-000005.xlsx | Z5: 1MC06-CEK-EV-FRM-CS03_CL05-000005 | AA5: S0 | AB5: Internal review | AC5: Final
A6: 1MC06-CEK-EV-FRM-CS03_CL05-000006 | B6: Wendover Dean South Embankment Landscape Planting - MPDT | C6: Wendover Dean South Embankment Landscape Planting | D6: P01.1 | E6: Work in Progress | F6: Alexander Granados-Potts | G6: 45634.71 | H6: Hub_DC_Birmingham_Central | I6: 44995.593 | J6: Hub_DC_Birmingham_Central | K6: 44995.593 | L6: 58 KB | M6: 1MC06 | N6: P01.1 | O6: North Portal Chiltern Tunnels to Brackley | P6: 01 - Docs | Q6: SDK | R6: HS2_DJV_Documents | S6: 290594 | T6: Microsoft Excel | U6: Wendover Dean South Embankment Landscape Planting - MPDT | V6: 1MC06-CEK-EV-FRM-CS03_CL05-000006.xlsx | Z6: 1MC06-CEK-EV-FRM-CS03_CL05-000006 | AA6: S0 | AB6: Internal review | AC6: Final
A7: 1MC06-CEK-EV-FRM-CS03_CL05-000007 | B7: Wendover Dean Viaduct Landscape Planting - MPDT | C7: Wendover Dean Viaduct Landscape Planting | D7: P01.1 | E7: Unassigned | F7: Alexander Granados-Potts | G7: 45634.71 | H7: Hub_DC_Birmingham_Central | I7: 44995.593 | J7: Hub_DC_Birmingham_Central | K7: 44995.593 | L7: 58 KB | M7: 1MC06 | N7: P01.1 | O7: North Portal Chiltern Tunnels to Brackley | P7: 01 - Docs | Q7: SDK | R7: HS2_DJV_Documents | S7: 290707 | T7: Microsoft Excel | U7: Wendover Dean Viaduct Landscape Planting - MPDT | V7: 1MC06-CEK-EV-FRM-CS03_CL05-000007.xlsx | Z7: 1MC06-CEK-EV-FRM-CS03_CL05-000007 | AA7: S0 | AB7: Internal review | AC7: Final
A8: 1MC06-CEK-EV-FRM-CS03_CL06-000002 | B8: Small Dean North Embankment Landscape Planting - MPDT | C8: Small Dean North Embankment Landscape Planting | D8: P01.1 | E8: Unassigned | F8: Alexander Granados-Potts | G8: 45634.71 | H8: Hub_DC_Birmingham_Central | I8: 44995.593 | J8: Hub_DC_Birmingham_Central | K8: 44995.593 | L8: 58 KB | M8: 1MC06 | N8: P01.1 | O8: North Portal Chiltern Tunnels to Brackley | P8: 01 - Docs | Q8: SDK | R8: HS2_DJV_Documents | S8: 284988 | T8: Microsoft Excel | U8: Small Dean North Embankment Landscape Planting - MPDT | V8: 1MC06-CEK-EV-FRM-CS03_CL06-000002.xlsx | Z8: 1MC06-CEK-EV-FRM-CS03_CL06-000002 | AA8: S0 | AB8: Internal review | AC8: Final
A9: 1MC06-CEK-EV-FRM-CS03_CL06-000004 | B9: Wendover Green Tunnel Landscape Planting - MPDT | C9: Wendover Green Tunnel Landscape Planting | D9: P01.1 | E9: Unassigned | F9: Alexander Granados-Potts | G9: 45634.71 | H9: Hub_DC_Birmingham_Central | I9: 44995.593 | J9: Hub_DC_Birmingham_Central | K9: 44995.593 | L9: 58 KB | M9: 1MC06 | N9: P01.1 | O9: North Portal Chiltern Tunnels to Brackley | P9: 01 - Docs | Q9: SDK | R9: HS2_DJV_Documents | S9: 291607 | T9: Microsoft Excel | U9: Wendover Green Tunnel Landscape Planting - MPDT | V9: 1MC06-CEK-EV-FRM-CS03_CL06-000004.xlsx | Z9: 1MC06-CEK-EV-FRM-CS03_CL06-000004 | AA9: S0 | AB9: Internal review | AC9: Checked In
A10: 1MC06-CEK-EV-FRM-CS03_CL17-000001 | B10: Stoke Mandeville South Embankment Landscape Planting - MPDT | C10: Stoke Mandeville South Embankment Landscape Planting | D10: P01.1 | E10: Unassigned | F10: Alexander Granados-Potts | G10: 45634.71 | H10: Hub_DC_Birmingham_Central | I10: 44995.592 | J10: Hub_DC_Birmingham_Central | K10: 44995.592 | L10: 58 KB | M10: 1MC06 | N10: P01.1 | O10: North Portal Chiltern Tunnels to Brackley | P10: 01 - Docs | Q10: SDK | R10: HS2_DJV_Documents | S10: 286219 | T10: Microsoft Excel | U10: Stoke Mandeville South Embankment Landscape Planting - MPDT | V10: 1MC06-CEK-EV-FRM-CS03_CL17-000001.xlsx | Z10: 1MC06-CEK-EV-FRM-CS03_CL17-000001 | AA10: S0 | AB10: Internal review | AC10: Final
A11: 1MC06-CEK-EV-FRM-CS03_CL17-000002 | B11: Wendover North Cutting Landscape Planting - MPDT | C11: Wendover North Cutting Landscape Planting | D11: P01.1 | E11: Unassigned | F11: Alexander Granados-Potts | G11: 45634.71 | H11: Hub_DC_Birmingham_Central | I11: 44995.593 | J11: Hub_DC_Birmingham_Central | K11: 44995.593 | L11: 58 KB | M11: 1MC06 | N11: P01.1 | O11: North Portal Chiltern Tunnels to Brackley | P11: 01 - Docs | Q11: SDK | R11: HS2_DJV_Documents | S11: 291714 | T11: Microsoft Excel | U11: Wendover North Cutting Landscape Planting - MPDT | V11: 1MC06-CEK-EV-FRM-CS03_CL17-000002.xlsx | Z11: 1MC06-CEK-EV-FRM-CS03_CL17-000002 | AA11: S0 | AB11: Internal review | AC11: Final
A12: 1MC06-CEK-EV-FRM-CS04_CL18-000001 | B12: Aylesbury Embankment Planting - MPDT | C12: Aylesbury Embankment Planting | D12: P01.1 | E12: Unassigned | F12: Alexander Granados-Potts | G12: 45634.712 | H12: Hub_DC_Birmingham_Central | I12: 44995.572 | J12: Hub_DC_Birmingham_Central | K12: 44995.572 | L12: 58 KB | M12: 1MC06 | N12: P01.1 | O12: North Portal Chiltern Tunnels to Brackley | P12: 01 - Docs | Q12: SDK | R12: HS2_DJV_Documents | S12: 242473 | T12: Microsoft Excel | U12: Aylesbury Embankment Planting - MPDT | V12: 1MC06-CEK-EV-FRM-CS04_CL18-000001.xlsx | Z12: 1MC06-CEK-EV-FRM-CS04_CL18-000001 | AA12: S0 | AB12: Internal review | AC12: Final
A13: 1MC06-CEK-EV-FRM-CS04_CL18-000002 | B13: Aylesbury North Cutting Planting - MPDT | C13: Aylesbury North Cutting Planting | D13: P01.1 | E13: Unassigned | F13: Alexander Granados-Potts | G13: 45634.712 | H13: Hub_DC_Birmingham_Central | I13: 44995.572 | J13: Hub_DC_Birmingham_Central | K13: 44995.572 | L13: 58 KB | M13: 1MC06 | N13: P01.1 | O13: North Portal Chiltern Tunnels to Brackley | P13: 01 - Docs | Q13: SDK | R13: HS2_DJV_Documents | S13: 276989 | T13: Microsoft Excel | U13: Aylesbury North Cutting Planting - MPDT | V13: 1MC06-CEK-EV-FRM-CS04_CL18-000002.xlsx | Z13: 1MC06-CEK-EV-FRM-CS04_CL18-000002 | AA13: S0 | AB13: Internal review | AC13: Final
... A26: 1MC06-CEK-EV-FRM-CS04_CL20-000006 | B26: Waddesdon South Cutting Planting - MPDT | C26: Waddesdon South Cutting Planting | D26: P01.1 | E26: Work in Progress | F26: Alexander Granados-Potts | G26: 45634.712 | H26: Hub_DC_Birmingham_Central | I26: 44995.571 | J26: Hub_DC_Birmingham_Central | K26: 44995.571 | L26: 58 KB | M26: 1MC06 | N26: P01.1 | O26: North Portal Chiltern Tunnels to Brackley | P26: 01 - Docs | Q26: SDK | R26: HS2_DJV_Documents | S26: 289595 | T26: Microsoft Excel | U26: Waddesdon South Cutting Planting - MPDT | V26: 1MC06-CEK-EV-FRM-CS04_CL20-000006.xlsx | Z26: 1MC06-CEK-EV-FRM-CS04_CL20-000006 | AA26: S0 | AB26: Internal review | AC26: Final
A27: 1MC07-ASC-EV-FRM-CS07_CL12-900001 | B27: Greatworth South Cutting – Planting – Plot 1 – MPDT | C27: Greatworth South Cutting Planting Plot 1 | D27: P01 | E27: Approve (Shared) | F27: Graham Evans | G27: 45323.574 | H27: Conor Egan | I27: 45327.475 | J27: Hub_DC_Birmingham_Central | K27: 45154.584 | L27: 204 KB | M27: 1MC07 | N27: P01 | O27: Brackley to Long Itchington Wood Green Tunnel South Portal | P27: 01 - Docs | Q27: SDK | R27: HS2_DJV_Documents | S27: 299545 | T27: Microsoft Excel | U27: Greatworth South Cutting – Planting – Plot 1 – MPDT | V27: 1MC07-ASC-EV-FRM-CS07_CL12-900001.xlsm | Y27: APPROVED | Z27: 1MC07-ASC-EV-FRM-CS07_CL12-900001 | AA27: S3 | AB27: Internal Review | AC27: Final
A28: 1MC07-ASC-EV-FRM-CS07_CL12-900002 | B28: Greatworth South Cutting – Planting – Plot 2 – MPDT | C28: Greatworth South Cutting Planting Plot 2 | D28: P01 | E28: Approve (Shared) | F28: Graham Evans | G28: 45323.575 | H28: Conor Egan | I28: 45328.622 | J28: Hub_DC_Birmingham_Central | K28: 45154.584 | L28: 204 KB | M28: 1MC07 | N28: P01 | O28: Brackley to Long Itchington Wood Green Tunnel South Portal | P28: 01 - Docs | Q28: SDK | R28: HS2_DJV_Documents | S28: 299545 | T28: Microsoft Excel | U28: Greatworth South Cutting – Planting – Plot 2 – MPDT | V28: 1MC07-ASC-EV-FRM-CS07_CL12-900002.xlsm | Y28: APPROVED | Z28: 1MC07-ASC-EV-FRM-CS07_CL12-900002 | AA28: S3 | AB28: Internal Review | AC28: Final
A29: 1MC07-ASC-EV-FRM-CS07_CL12-900003 | B29: Greatworth South Cutting – Planting – Plot 3 – MPDT | C29: Greatworth South Cutting Planting Plot 3 | D29: P01 | E29: Approve (Shared) | F29: Graham Evans | G29: 45323.575 | H29: Conor Egan | I29: 45327.476 | J29: Hub_DC_Birmingham_Central | K29: 45154.584 | L29: 207 KB | M29: 1MC07 | N29: P01 | O29: Brackley to Long Itchington Wood Green Tunnel South Portal | P29: 01 - Docs | Q29: SDK | R29: HS2_DJV_Documents | S29: 299545 | T29: Microsoft Excel | U29: Greatworth South Cutting – Planting – Plot 3 – MPDT | V29: 1MC07-ASC-EV-FRM-CS07_CL12-900003.xlsm | Y29: APPROVED | Z29: 1MC07-ASC-EV-FRM-CS07_CL12-900003 | AA29: S3 | AB29: Internal Review | AC29: Final
A30: 1MC07-ASC-EV-FRM-CS07_CL12-900004 | B30: Greatworth South Cutting – Planting – Plot 4 – MPDT | C30: Greatworth South Cutting Planting Plot 4 | D30: P01 | E30: Approve (Shared) | F30: Graham Evans | G30: 45323.576 | H30: Conor Egan | I30: 45327.476 | J30: Hub_DC_Birmingham_Central | K30: 45154.584 | L30: 203 KB | M30: 1MC07 | N30: P01 | O30: Brackley to Long Itchington Wood Green Tunnel South Portal | P30: 01 - Docs | Q30: SDK | R30: HS2_DJV_Documents | S30: 299545 | T30: Microsoft Excel | U30: Greatworth South Cutting – Planting – Plot 4 – MPDT | V30: 1MC07-ASC-EV-FRM-CS07_CL12-900004.xlsm | Y30: APPROVED | Z30: 1MC07-ASC-EV-FRM-CS07_CL12-900004 | AA30: S3 | AB30: Internal Review | AC30: Final
A31: 1MC07-ASC-EV-FRM-CS07_CL12-900005 | B31: Greatworth South Cutting – Planting – Plot 5 – MPDT | C31: Greatworth South Cutting Planting Plot 5 | D31: P01 | E31: Approve (Shared) | F31: Graham Evans | G31: 45323.576 | H31: Conor Egan | I31: 45327.477 | J31: Hub_DC_Birmingham_Central | K31: 45154.584 | L31: 205 KB | M31: 1MC07 | N31: P01 | O31: Brackley to Long Itchington Wood Green Tunnel South Portal | P31: 01 - Docs | Q31: SDK | R31: HS2_DJV_Documents | S31: 299545 | T31: Microsoft Excel | U31: Greatworth South Cutting – Planting – Plot 5 – MPDT | V31: 1MC07-ASC-EV-FRM-CS07_CL12-900005.xlsm | Y31: APPROVED | Z31: 1MC07-ASC-EV-FRM-CS07_CL12-900005 | AA31: S3 | AB31: Internal Review | AC31: Final
A32: 1MC07-ASC-EV-FRM-CS07_CL12-900006 | B32: Greatworth South Cutting – Planting – Plot 6 – MPDT | C32: Greatworth South Cutting Planting Plot 6 | D32: P01 | E32: Approve (Shared) | F32: Graham Evans | G32: 45323.577 | H32: Conor Egan | I32: 45327.48 | J32: Hub_DC_Birmingham_Central | K32: 45154.584 | L32: 204 KB | M32: 1MC07 | N32: P01 | O32: Brackley to Long Itchington Wood Green Tunnel South Portal | P32: 01 - Docs | Q32: SDK | R32: HS2_DJV_Documents | S32: 299545 | T32: Microsoft Excel | U32: Greatworth South Cutting – Planting – Plot 6 – MPDT | V32: 1MC07-ASC-EV-FRM-CS07_CL12-900006.xlsm | Y32: APPROVED | Z32: 1MC07-ASC-EV-FRM-CS07_CL12-900006 | AA32: S3 | AB32: Internal Review | AC32: Final
A33: 1MC07-ASC-EV-FRM-CS07_CL12-900007 | B33: Greatworth South Cutting – Planting – Plot 7 – MPDT | C33: Greatworth South Cutting Planting Plot 7 | D33: P01 | E33: Approve (Shared) | F33: Graham Evans | G33: 45323.58 | H33: Conor Egan | I33: 45327.481 | J33: Hub_DC_Birmingham_Central | K33: 45154.584 | L33: 203 KB | M33: 1MC07 | N33: P01 | O33: Brackley to Long Itchington Wood Green Tunnel South Portal | P33: 01 - Docs | Q33: SDK | R33: HS2_DJV_Documents | S33: 299545 | T33: Microsoft Excel | U33: Greatworth South Cutting – Planting – Plot 7 – MPDT | V33: 1MC07-ASC-EV-FRM-CS07_CL12-900007.xlsm | Y33: APPROVED | Z33: 1MC07-ASC-EV-FRM-CS07_CL12-900007 | AA33: S3 | AB33: Internal Review | AC33: Final
A34: 1MC07-ASC-EV-FRM-CS07_CL12-900008 | B34: Greatworth South Cutting – Planting – Plot 8 – MPDT | C34: Greatworth South Cutting Planting Plot 8 | D34: P01 | E34: Approve (Shared) | F34: Graham Evans | G34: 45323.581 | H34: Graham Evans | I34: 45323.581 | J34: Hub_DC_Birmingham_Central | K34: 45154.584 | L34: 211 KB | M34: 1MC07 | N34: P01 | O34: Brackley to Long Itchington Wood Green Tunnel South Portal | P34: 01 - Docs | Q34: SDK | R34: HS2_DJV_Documents | S34: 299545 | T34: Microsoft Excel | U34: Greatworth South Cutting – Planting – Plot 8 – MPDT | V34: 1MC07-ASC-EV-FRM-CS07_CL12-900008.xlsm | Y34: APPROVED | Z34: 1MC07-ASC-EV-FRM-CS07_CL12-900008 | AA34: S3 | AB34: Internal Review | AC34: Final
A35: 1MC07-ASC-EV-FRM-CS07_CL12-900009 | B35: Greatworth South Cutting – Planting – Plot 9 – MPDT | C35: Greatworth South Cutting Planting Plot 9 | D35: P01 | E35: Approve (Shared) | F35: Graham Evans | G35: 45323.581 | H35: Conor Egan | I35: 45327.482 | J35: Hub_DC_Birmingham_Central | K35: 45154.584 | L35: 203 KB | M35: 1MC07 | N35: P01 | O35: Brackley to Long Itchington Wood Green Tunnel South Portal | P35: 01 - Docs | Q35: SDK | R35: HS2_DJV_Documents | S35: 299545 | T35: Microsoft Excel | U35: Greatworth South Cutting – Planting – Plot 9 – MPDT | V35: 1MC07-ASC-EV-FRM-CS07_CL12-900009.xlsm | Y35: APPROVED | Z35: 1MC07-ASC-EV-FRM-CS07_CL12-900009 | AA35: S3 | AB35: Internal Review | AC35: Final
A36: 1MC07-ASC-EV-FRM-CS07_CL12-900010 | B36: Greatworth South Cutting – Planting – Plot 10 – MPDT | C36: Greatworth South Cutting Planting Plot 10 | D36: P01 | E36: Approve (Shared) | F36: Graham Evans | G36: 45323.582 | H36: Conor Egan | I36: 45327.483 | J36: Hub_DC_Birmingham_Central | K36: 45154.584 | L36: 208 KB | M36: 1MC07 | N36: P01 | O36: Brackley to Long Itchington Wood Green Tunnel South Portal | P36: 01 - Docs | Q36: SDK | R36: HS2_DJV_Documents | S36: 299545 | T36: Microsoft Excel | U36: Greatworth South Cutting – Planting – Plot 10 – MPDT | V36: 1MC07-ASC-EV-FRM-CS07_CL12-900010.xlsm | Y36: APPROVED | Z36: 1MC07-ASC-EV-FRM-CS07_CL12-900010 | AA36: S3 | AB36: Internal Review | AC36: Final
A37: 1MC07-ASC-EV-FRM-CS07_CL12-900011 | B37: Greatworth South Cutting – Planting – Plot 11 – MPDT | C37: Greatworth South Cutting Planting Plot 11 | D37: P01 | E37: Approve (Shared) | F37: Graham Evans | G37: 45323.582 | H37: Conor Egan | I37: 45327.484 | J37: Hub_DC_Birmingham_Central | K37: 45154.584 | L37: 203 KB | M37: 1MC07 | N37: P01 | O37: Brackley to Long Itchington Wood Green Tunnel South Portal | P37: 01 - Docs | Q37: SDK | R37: HS2_DJV_Documents | S37: 299545 | T37: Microsoft Excel | U37: Greatworth South Cutting – Planting – Plot 11 – MPDT | V37: 1MC07-ASC-EV-FRM-CS07_CL12-900011.xlsm | Y37: APPROVED | Z37: 1MC07-ASC-EV-FRM-CS07_CL12-900011 | AA37: S3 | AB37: Internal Review | AC37: Final
A38: 1MC07-ASC-EV-FRM-CS07_CL12-900012 | B38: Greatworth South Cutting – Planting – Plot 12 – MPDT | C38: Greatworth South Cutting Planting Plot 12 | D38: P01 | E38: Approve (Shared) | F38: Graham Evans | G38: 45323.582 | H38: Conor Egan | I38: 45328.376 | J38: Hub_DC_Birmingham_Central | K38: 45154.585 | L38: 207 KB | M38: 1MC07 | N38: P01 | O38: Brackley to Long Itchington Wood Green Tunnel South Portal | P38: 01 - Docs | Q38: SDK | R38: HS2_DJV_Documents | S38: 299545 | T38: Microsoft Excel | U38: Greatworth South Cutting – Planting – Plot 12 – MPDT | V38: 1MC07-ASC-EV-FRM-CS07_CL12-900012.xlsm | Y38: APPROVED | Z38: 1MC07-ASC-EV-FRM-CS07_CL12-900012 | AA38: S3 | AB38: Internal Review | AC38: Final
... A52: 1MC07-CEK-EV-FRM-CS07_CL24-000011 | B52: Withdrawn - Ladbroke Cutting Planting - West Plot 5 - MPDT | C52: Ladbroke Cutting Planting - West Plot 5 | D52: P01.1 | E52: Withdrawn | F52: Alexander Granados-Potts | G52: 45634.797 | H52: Hub_DC_Birmingham_Central | I52: 45146.442 | J52: Hub_DC_Birmingham_Central | K52: 45146.442 | L52: 58 KB | M52: 1MC07 | N52: P01.1 | O52: Brackley to Long Itchington Wood Green Tunnel South Portal | P52: 01 - Docs | Q52: SDK | R52: HS2_DJV_Documents | S52: 301697 | T52: Withdrawn File | U52: Ladbroke Cutting Planting - West Plot 5 - MPDT | V52: 1MC07-CEK-EV-FRM-CS07_CL24-000011.xlsx | Y52: UNAPPROVED | Z52: 1MC07-CEK-EV-FRM-CS07_CL24-000011 | AA52: S0 | AB52: Internal Review | AC52: Final

Sheet MDPTs
A1: Name | B1: Description | D1: Rev.Ver | E1: State | F1: Updated By | G1: Updated | H1: File Updated By | I1: File Updated | J1: Created By | K1: Created | L1: File Size | M1: Project ID | N1: Version | O1: Project Title | P1: Folder Name | Q1: Folder Description | R1: Environment | S1: Folder Id | T1: Application | U1: Title | V1: File Name | W1: Out to | X1: File Revision | Y1: Reference Status | Z1: Doc. Reference | AA1: Suitability | AB1: Revision note | AC1: Status
A2: 1MC06-ASC-EV-FRM-CS06_CL09-900001 | B2: MDPT Calvert Cutting Planting Plot 1 | C2: =TRIM(RIGHT(B2,LEN(B2)-5)) -> Calvert Cutting Planting Plot 1 | D2: P02 | E2: Approve (Shared) | F2: laurence.meyer_inter.setec.fr | G2: 45447.472 | H2: laurence.meyer_inter.setec.fr | I2: 45447.472 | J2: Hub_DC_Birmingham_Central | K2: 45427.378 | L2: 216 KB | M2: 1MC06 | N2: P02 | O2: North Portal Chiltern Tunnels to Brackley | P2: 01 - Docs | Q2: SDK | R2: HS2_DJV_Documents | S2: 278380 | T2: Microsoft Excel | U2: MDPT Calvert Cutting Planting Plot 1 | V2: 1MC06-ASC-EV-FRM-CS06_CL09-900001.xlsm | Y2: APPROVED | Z2: 1MC06-ASC-EV-FRM-CS06_CL09-900001 | AA2: S3 | AB2: Internal Review | AC2: Final
A3: 1MC06-ASC-EV-FRM-CS06_CL09-900001 | B3: MDPT Calvert Cutting Planting Plot 1 | C3: =TRIM(RIGHT(B3,LEN(B3)-5)) -> Calvert Cutting Planting Plot 1 | D3: P01 | E3: Approve (Shared) | F3: Romane Leboucher | G3: 45446.398 | H3: laurence.meyer_inter.setec.fr | I3: 45436.584 | J3: Romane Leboucher | K3: 45427.378 | L3: 229 KB | M3: 1MC06 | N3: P01 | O3: North Portal Chiltern Tunnels to Brackley | P3: 01 - Docs | Q3: SDK | R3: HS2_DJV_Documents | S3: 278380 | T3: Microsoft Excel | U3: MDPT Calvert Cutting Planting Plot 1 | V3: 1MC06-ASC-EV-FRM-CS06_CL09-900001.xlsm | Y3: APPROVED | Z3: 1MC06-ASC-EV-FRM-CS06_CL09-900001 | AA3: S3 | AB3: Internal Review | AC3: Checked In
A4: 1MC06-ASC-EV-FRM-CS06_CL09-900002 | B4: MDPT Calvert Cutting Planting Plot 2 | C4: =TRIM(RIGHT(B4,LEN(B4)-5)) -> Calvert Cutting Planting Plot 2 | D4: P01 | E4: Approve (Shared) | F4: laurence.meyer_inter.setec.fr | G4: 45436.584 | H4: laurence.meyer_inter.setec.fr | I4: 45436.584 | J4: Hub_DC_Birmingham_Central | K4: 45427.378 | L4: 178 KB | M4: 1MC06 | N4: P01 | O4: North Portal Chiltern Tunnels to Brackley | P4: 01 - Docs | Q4: SDK | R4: HS2_DJV_Documents | S4: 278380 | T4: Microsoft Excel | U4: MDPT Calvert Cutting Planting Plot 2 | V4: 1MC06-ASC-EV-FRM-CS06_CL09-900002.xlsm | Y4: APPROVED | Z4: 1MC06-ASC-EV-FRM-CS06_CL09-900002 | AA4: S3 | AB4: Internal Review | AC4: Final
A5: 1MC06-ASC-EV-FRM-CS06_CL09-900003 | B5: MDPT Twyford Embankment planting Plot 1 | C5: =TRIM(RIGHT(B5,LEN(B5)-5)) -> Twyford Embankment planting Plot 1 | D5: P02 | E5: Approve (Shared) | F5: laurence.meyer_inter.setec.fr | G5: 45447.468 | H5: laurence.meyer_inter.setec.fr | I5: 45447.468 | J5: Hub_DC_Birmingham_Central | K5: 45427.378 | L5: 185 KB | M5: 1MC06 | N5: P02 | O5: North Portal Chiltern Tunnels to Brackley | P5: 01 - Docs | Q5: SDK | R5: HS2_DJV_Documents | S5: 288514 | T5: Microsoft Excel | U5: MDPT Twyford Embankment planting Plot 1 | V5: 1MC06-ASC-EV-FRM-CS06_CL09-900003.xlsm | Y5: APPROVED | Z5: 1MC06-ASC-EV-FRM-CS06_CL09-900003 | AA5: S3 | AB5: Internal Review | AC5: Final
A6: 1MC06-ASC-EV-FRM-CS06_CL09-900003 | B6: MDPT Twyford Embankment planting Plot 1 | C6: =TRIM(RIGHT(B6,LEN(B6)-5)) -> Twyford Embankment planting Plot 1 | D6: P01 | E6: Approve (Shared) | F6: Romane Leboucher | G6: 45446.455 | H6: laurence.meyer_inter.setec.fr | I6: 45436.585 | J6: Romane Leboucher | K6: 45427.378 | L6: 184 KB | M6: 1MC06 | N6: P01 | O6: North Portal Chiltern Tunnels to Brackley | P6: 01 - Docs | Q6: SDK | R6: HS2_DJV_Documents | S6: 288514 | T6: Microsoft Excel | U6: MDPT Twyford Embankment planting Plot 1 | V6: 1MC06-ASC-EV-FRM-CS06_CL09-900003.xlsm | Y6: APPROVED | Z6: 1MC06-ASC-EV-FRM-CS06_CL09-900003 | AA6: S3 | AB6: Internal Review | AC6: Checked In
A7: 1MC06-ASC-EV-FRM-CS06_CL09-900004 | B7: MDPT Calvert Cutting Planting Plot 3 | C7: =TRIM(RIGHT(B7,LEN(B7)-5)) -> Calvert Cutting Planting Plot 3 | D7: P01 | E7: Approve (Shared) | F7: laurence.meyer_inter.setec.fr | G7: 45436.584 | H7: laurence.meyer_inter.setec.fr | I7: 45436.584 | J7: Hub_DC_Birmingham_Central | K7: 45427.378 | L7: 178 KB | M7: 1MC06 | N7: P01 | O7: North Portal Chiltern Tunnels to Brackley | P7: 01 - Docs | Q7: SDK | R7: HS2_DJV_Documents | S7: 278380 | T7: Microsoft Excel | U7: MDPT Calvert Cutting Planting Plot 3 | V7: 1MC06-ASC-EV-FRM-CS06_CL09-900004.xlsm | Y7: APPROVED | Z7: 1MC06-ASC-EV-FRM-CS06_CL09-900004 | AA7: S3 | AB7: Internal Review | AC7: Final
A8: 1MC06-ASC-EV-FRM-CS06_CL09-900005 | B8: MDPT Twyford Embankment planting Plot 2 | C8: =TRIM(RIGHT(B8,LEN(B8)-5)) -> Twyford Embankment planting Plot 2 | D8: P01 | E8: Approve (Shared) | F8: laurence.meyer_inter.setec.fr | G8: 45436.585 | H8: laurence.meyer_inter.setec.fr | I8: 45436.585 | J8: Hub_DC_Birmingham_Central | K8: 45427.378 | L8: 181 KB | M8: 1MC06 | N8: P01 | O8: North Portal Chiltern Tunnels to Brackley | P8: 01 - Docs | Q8: SDK | R8: HS2_DJV_Documents | S8: 288514 | T8: Microsoft Excel | U8: MDPT Twyford Embankment planting Plot 2 | V8: 1MC06-ASC-EV-FRM-CS06_CL09-900005.xlsm | Y8: APPROVED | Z8: 1MC06-ASC-EV-FRM-CS06_CL09-900005 | AA8: S3 | AB8: Internal Review | AC8: Final
A9: 1MC06-ASC-EV-FRM-CS06_CL09-900006 | B9: MDPT Calvert Cutting Planting Plot 4 | C9: =TRIM(RIGHT(B9,LEN(B9)-5)) -> Calvert Cutting Planting Plot 4 | D9: P02 | E9: Approve (Shared) | F9: laurence.meyer_inter.setec.fr | G9: 45447.472 | H9: laurence.meyer_inter.setec.fr | I9: 45447.472 | J9: Hub_DC_Birmingham_Central | K9: 45427.378 | L9: 174 KB | M9: 1MC06 | N9: P02 | O9: North Portal Chiltern Tunnels to Brackley | P9: 01 - Docs | Q9: SDK | R9: HS2_DJV_Documents | S9: 278380 | T9: Microsoft Excel | U9: MDPT Calvert Cutting Planting Plot 4 | V9: 1MC06-ASC-EV-FRM-CS06_CL09-900006.xlsm | Y9: APPROVED | Z9: 1MC06-ASC-EV-FRM-CS06_CL09-900006 | AA9: S3 | AB9: Internal Review | AC9: Final
A10: 1MC06-ASC-EV-FRM-CS06_CL09-900006 | B10: MDPT Calvert Cutting Planting Plot 4 | C10: =TRIM(RIGHT(B10,LEN(B10)-5)) -> Calvert Cutting Planting Plot 4 | D10: P01 | E10: Approve (Shared) | F10: Romane Leboucher | G10: 45446.404 | H10: laurence.meyer_inter.setec.fr | I10: 45436.584 | J10: Romane Leboucher | K10: 45427.378 | L10: 187 KB | M10: 1MC06 | N10: P01 | O10: North Portal Chiltern Tunnels to Brackley | P10: 01 - Docs | Q10: SDK | R10: HS2_DJV_Documents | S10: 278380 | T10: Microsoft Excel | U10: MDPT Calvert Cutting Planting Plot 4 | V10: 1MC06-ASC-EV-FRM-CS06_CL09-900006.xlsm | Y10: APPROVED | Z10: 1MC06-ASC-EV-FRM-CS06_CL09-900006 | AA10: S3 | AB10: Internal Review | AC10: Checked In
A11: 1MC06-ASC-EV-FRM-CS06_CL09-900007 | B11: MDPT Twyford Embankment planting Plot 3 | C11: =TRIM(RIGHT(B11,LEN(B11)-5)) -> Twyford Embankment planting Plot 3 | D11: P02 | E11: Approve (Shared) | F11: laurence.meyer_inter.setec.fr | G11: 45447.468 | H11: laurence.meyer_inter.setec.fr | I11: 45447.468 | J11: Hub_DC_Birmingham_Central | K11: 45427.378 | L11: 196 KB | M11: 1MC06 | N11: P02 | O11: North Portal Chiltern Tunnels to Brackley | P11: 01 - Docs | Q11: SDK | R11: HS2_DJV_Documents | S11: 288514 | T11: Microsoft Excel | U11: MDPT Twyford Embankment planting Plot 3 | V11: 1MC06-ASC-EV-FRM-CS06_CL09-900007.xlsm | Y11: APPROVED | Z11: 1MC06-ASC-EV-FRM-CS06_CL09-900007 | AA11: S3 | AB11: Internal Review | AC11: Final
A12: 1MC06-ASC-EV-FRM-CS06_CL09-900007 | B12: MDPT Twyford Embankment planting Plot 3 | C12: =TRIM(RIGHT(B12,LEN(B12)-5)) -> Twyford Embankment planting Plot 3 | D12: P01 | E12: Approve (Shared) | F12: Romane Leboucher | G12: 45446.465 | H12: laurence.meyer_inter.setec.fr | I12: 45436.585 | J12: Romane Leboucher | K12: 45427.378 | L12: 196 KB | M12: 1MC06 | N12: P01 | O12: North Portal Chiltern Tunnels to Brackley | P12: 01 - Docs | Q12: SDK | R12: HS2_DJV_Documents | S12: 288514 | T12: Microsoft Excel | U12: MDPT Twyford Embankment planting Plot 3 | V12: 1MC06-ASC-EV-FRM-CS06_CL09-900007.xlsm | Y12: APPROVED | Z12: 1MC06-ASC-EV-FRM-CS06_CL09-900007 | AA12: S3 | AB12: Internal Review | AC12: Checked In
A13: 1MC06-ASC-EV-FRM-CS06_CL09-900008 | B13: MDPT Calvert Cutting Planting Plot 5 | C13: =TRIM(RIGHT(B13,LEN(B13)-5)) -> Calvert Cutting Planting Plot 5 | D13: P01 | E13: Approve (Shared) | F13: laurence.meyer_inter.setec.fr | G13: 45436.584 | H13: laurence.meyer_inter.setec.fr | I13: 45436.584 | J13: Hub_DC_Birmingham_Central | K13: 45427.378 | L13: 178 KB | M13: 1MC06 | N13: P01 | O13: North Portal Chiltern Tunnels to Brackley | P13: 01 - Docs | Q13: SDK | R13: HS2_DJV_Documents | S13: 278380 | T13: Microsoft Excel | U13: MDPT Calvert Cutting Planting Plot 5 | V13: 1MC06-ASC-EV-FRM-CS06_CL09-900008.xlsm | Y13: APPROVED | Z13: 1MC06-ASC-EV-FRM-CS06_CL09-900008 | AA13: S3 | AB13: Internal Review | AC13: Final
... A52: 1MC06-ASC-EV-FRM-CS06_CL09-900034 | B52: MDPT Calvert Infrastructure Maintenance Depot Plot 6 | C52: =TRIM(RIGHT(B52,LEN(B52)-5)) -> Calvert Infrastructure Maintenance Depot Plot 6 | D52: P01 | E52: Approve (Shared) | F52: laurence.meyer_inter.setec.fr | G52: 45436.583 | H52: laurence.meyer_inter.setec.fr | I52: 45436.583 | J52: Hub_DC_Birmingham_Central | K52: 45427.38 | L52: 178 KB | M52: 1MC06 | N52: P01 | O52: North Portal Chiltern Tunnels to Brackley | P52: 01 - Docs | Q52: SDK | R52: HS2_DJV_Documents | S52: 311059 | T52: Microsoft Excel | U52: MDPT Calvert Infrastructure Maintenance Depot Plot 6 | V52: 1MC06-ASC-EV-FRM-CS06_CL09-900034.xlsm | Y52: APPROVED | Z52: 1MC06-ASC-EV-FRM-CS06_CL09-900034 | AA52: S3 | AB52: Internal Review | AC52: Final
A53: 1MC06-ASC-EV-FRM-CS06_CL10-900022 | B53: MDPT Twyford Embankment planting Plot 12 | C53: =TRIM(RIGHT(B53,LEN(B53)-5)) -> Twyford Embankment planting Plot 12 | D53: P02.1 | E53: Work in Progress | F53: Rakesh Gupta | G53: 45441.513 | H53: laurence.meyer_inter.setec.fr | I53: 45436.585 | J53: Hub_DC_Birmingham_Central | K53: 45427.38 | L53: 178 KB | M53: 1MC06 | N53: P02.1 | O53: North Portal Chiltern Tunnels to Brackley | P53: 01 - Docs | Q53: SDK | R53: HS2_DJV_Documents | S53: 288514 | T53: Microsoft Excel | U53: MDPT Twyford Embankment planting Plot 12 | V53: 1MC06-ASC-EV-FRM-CS06_CL10-900022.xlsm | Y53: UNAPPROVED | Z53: 1MC06-ASC-EV-FRM-CS06_CL10-900022 | AA53: S0 | AC53: Final
A54: 1MC06-ASC-EV-FRM-CS06_CL10-900022 | B54: MDPT Twyford Embankment planting Plot 12 | C54: =TRIM(RIGHT(B54,LEN(B54)-5)) -> Twyford Embankment planting Plot 12 | D54: P01 | E54: Approve (Shared) | F54: Rakesh Gupta | G54: 45441.513 | H54: laurence.meyer_inter.setec.fr | I54: 45436.585 | J54: Rakesh Gupta | K54: 45427.38 | L54: 178 KB | M54: 1MC06 | N54: P01 | O54: North Portal Chiltern Tunnels to Brackley | P54: 01 - Docs | Q54: SDK | R54: HS2_DJV_Documents | S54: 288514 | T54: Microsoft Excel | U54: MDPT Twyford Embankment planting Plot 12 | V54: 1MC06-ASC-EV-FRM-CS06_CL10-900022.xlsm | Y54: APPROVED | Z54: 1MC06-ASC-EV-FRM-CS06_CL10-900022 | AA54: S3 | AB54: Internal Review | AC54: Checked In
A55: 1MC06-ASC-EV-FRM-CS06_CL10-900023 | B55: MDPT Twyford Embankment planting Plot 13 | C55: =TRIM(RIGHT(B55,LEN(B55)-5)) -> Twyford Embankment planting Plot 13 | D55: P02 | E55: Approve (Shared) | F55: laurence.meyer_inter.setec.fr | G55: 45447.468 | H55: laurence.meyer_inter.setec.fr | I55: 45447.468 | J55: Hub_DC_Birmingham_Central | K55: 45427.38 | L55: 239 KB | M55: 1MC06 | N55: P02 | O55: North Portal Chiltern Tunnels to Brackley | P55: 01 - Docs | Q55: SDK | R55: HS2_DJV_Documents | S55: 288514 | T55: Microsoft Excel | U55: MDPT Twyford Embankment planting Plot 13 | V55: 1MC06-ASC-EV-FRM-CS06_CL10-900023.xlsm | Y55: APPROVED | Z55: 1MC06-ASC-EV-FRM-CS06_CL10-900023 | AA55: S3 | AB55: Internal Review | AC55: Final
A56: 1MC06-ASC-EV-FRM-CS06_CL10-900023 | B56: MDPT Twyford Embankment planting Plot 13 | C56: =TRIM(RIGHT(B56,LEN(B56)-5)) -> Twyford Embankment planting Plot 13 | D56: P01 | E56: Approve (Shared) | F56: laurence.meyer_inter.setec.fr | G56: 45441.586 | H56: laurence.meyer_inter.setec.fr | I56: 45436.585 | J56: laurence.meyer_inter.setec.fr | K56: 45427.38 | L56: 239 KB | M56: 1MC06 | N56: P01 | O56: North Portal Chiltern Tunnels to Brackley | P56: 01 - Docs | Q56: SDK | R56: HS2_DJV_Documents | S56: 288514 | T56: Microsoft Excel | U56: MDPT Twyford Embankment planting Plot 13 | V56: 1MC06-ASC-EV-FRM-CS06_CL10-900023.xlsm | Y56: APPROVED | Z56: 1MC06-ASC-EV-FRM-CS06_CL10-900023 | AA56: S3 | AB56: Internal Review | AC56: Checked In
A57: 1MC06-ASC-EV-FRM-CS06_CL10-900024 | B57: MDPT Twyford Embankment planting Plot 15 | C57: =TRIM(RIGHT(B57,LEN(B57)-5)) -> Twyford Embankment planting Plot 15 | D57: P01 | E57: Approve (Shared) | F57: laurence.meyer_inter.setec.fr | G57: 45436.585 | H57: laurence.meyer_inter.setec.fr | I57: 45436.585 | J57: Hub_DC_Birmingham_Central | K57: 45427.38 | L57: 177 KB | M57: 1MC06 | N57: P01 | O57: North Portal Chiltern Tunnels to Brackley | P57: 01 - Docs | Q57: SDK | R57: HS2_DJV_Documents | S57: 288514 | T57: Microsoft Excel | U57: MDPT Twyford Embankment planting Plot 15 | V57: 1MC06-ASC-EV-FRM-CS06_CL10-900024.xlsm | Y57: APPROVED | Z57: 1MC06-ASC-EV-FRM-CS06_CL10-900024 | AA57: S3 | AB57: Internal Review | AC57: Final
